<favourites>
	<favourite name="GR DISCOVERY (GREECE)" thumb="http://swiftstreamz.com/SwiftPanel/images/20518_discovery.jpg|User-Agent=okhttp%2F3.10.0">PlayMedia(&quot;plugin://plugin.video.tvone11/play/36/1643/play.pvr?sf_options=meta%3Dvotes%253D0%2526label%253DDISCOVERY%252BGREECE%2526title%253DDISCOVERY%252BGREECE%26winID%3D10025%26_options_sf&quot;)</favourite>
	<favourite name="GR DISCOVERY ID (GREECE)"" thumb="http://swiftstreamz.com/SwiftPanel/images/45403_discoveryid.jpg|User-Agent=okhttp%2F3.10.0">PlayMedia(&quot;plugin://plugin.video.tvone11/play/36/1628/play.pvr?sf_options=meta%3Dvotes%253D0%2526label%253DDISCOVERY%252BID%252BGREECE%2526title%253DDISCOVERY%252BID%252BGREECE%26winID%3D10025%26_options_sf&quot;)</favourite>
	<favourite name="GR DISCOVERY SCI (GREECE)"" thumb="http://swiftstreamz.com/SwiftPanel/images/8546_discoverysci.jpg|User-Agent=okhttp%2F3.10.0">PlayMedia(&quot;plugin://plugin.video.tvone11/play/36/1644/play.pvr?sf_options=meta%3Dvotes%253D0%2526label%253DDISCOVERY%252BSCI%252BGREECE%2526title%253DDISCOVERY%252BSCI%252BGREECE%26winID%3D10025%26_options_sf&quot;)</favourite>
	<favourite name="GR NAT GEO (GREECE)"" thumb="http://swiftstreamz.com/SwiftPanel/images/48921_natgeo.jpg|User-Agent=okhttp%2F3.10.0">PlayMedia(&quot;plugin://plugin.video.tvone11/play/36/1629/play.pvr?sf_options=meta%3Dvotes%253D0%2526label%253DNAT%252BGEO%252BGREECE%2526title%253DNAT%252BGEO%252BGREECE%26winID%3D10025%26_options_sf&quot;)</favourite>
	<favourite name="H2 (MENA)" thumb="https://pbs.twimg.com/profile_images/527566993520467968/Zoh-jdUa_400x400.jpeg">PlayMedia(&quot;plugin://plugin.video.live.streamspro/?url=http%3A%2F%2Flivecdnh1.tvanywhere.ae%3A80%2Fhls%2Fh2%2F05.m3u8&amp;mode=12&amp;iconimage=http%3A%2F%2Fcineframe.mx%2Fwp-content%2Fuploads%2F2017%2F08%2FH2.png&amp;sf_options=meta%3Dvotes%253D0%2526label%253DH2%252B%252528MENA%252529%252B%252528New%252521%252529%2526title%253DH2%252B%252528MENA%252529%252B%252528New%252521%252529%26winID%3D10025%26_options_sf&quot;)</favourite>
	<favourite name="Nat Geo People" thumb="https://i.pinimg.com/originals/13/c1/5a/13c15a09a8192295d76b797bd46f3cb0.png">PlayMedia(&quot;plugin://plugin.video.live.streamspro/?url=http%3A%2F%2Flivecdnh1.tvanywhere.ae%3A80%2Fhls%2Fnat_geo_people%2F05.m3u8&amp;mode=12&amp;iconimage=https%3A%2F%2Fi.imgur.com%2FWfqt9BS.png&amp;sf_options=meta%3Dvotes%253D0%2526label%253DNat%252BGeo%252BPeople%2526title%253DNat%252BGeo%252BPeople%26winID%3D10025%26_options_sf&quot;)</favourite>
	<favourite name="Nat Geo Wild" thumb="https://encrypted-tbn0.gstatic.com/images?q=tbn%3AANd9GcQDo8zgGyhxIBiVZpyJMVR4Id_1PLIqZNBl_L3PaWwGWP-OASkC">PlayMedia(&quot;plugin://plugin.video.live.streamspro/?url=http%3A%2F%2Flivecdnh1.tvanywhere.ae%2Fhls%2Fnat_geo_wild%2F05.m3u8&amp;mode=12&amp;iconimage=https%3A%2F%2Fi.imgur.com%2Fh0NNZ2U.png&amp;sf_options=meta%3Dvotes%253D0%2526label%253DNat%252BGeo%252BWild%2526title%253DNat%252BGeo%252BWild%26winID%3D10025%26_options_sf&quot;)</favourite>
	<favourite name="National Geographic" thumb="https://csrnews.gr/wp-content/uploads/2013/02/NGC-RGB-Logo-color.jpg">PlayMedia(&quot;plugin://plugin.video.live.streamspro/?url=http%3A%2F%2Flivecdnh1.tvanywhere.ae%2Fhls%2Fnat_geo%2F05.m3u8&amp;mode=12&amp;iconimage=https%3A%2F%2Fi.imgur.com%2FbUepAp5.png&amp;sf_options=meta%3Dvotes%253D0%2526label%253DNational%252BGeographic%2526title%253DNational%252BGeographic%26winID%3D10025%26_options_sf&quot;)</favourite>
	<favourite name="Animal Planet" thumb="https://seeklogo.net/wp-content/uploads/2011/05/animal-planet-vector.jpg">PlayMedia(&quot;plugin://plugin.video.tvone1112/play/690/play.pvr?sf_options=meta%3Dvotes%253D0%2526label%253DAnimal%252BPlanet%2526title%253DAnimal%252BPlanet%26winID%3D10025%26_options_sf&quot;)</favourite>
	<favourite name="Animal Planet HD World" thumb="http://images.weserv.nl/?url=https://echo-l.livenettv.to/1/d0dbe9/animal_planet_hd_world.png|User-Agent=Dalvik%2F2.1.0+%28Linux%3B+U%3B+Android+5.1.1%3B+AFTT+Build%2FLVY48F%29">PlayMedia(&quot;plugin://plugin.video.tvone1112/play/1365/play.pvr?sf_options=meta%3Dvotes%253D0%2526label%253DAnimal%252BPlanet%252BHD%252BWorld%2526title%253DAnimal%252BPlanet%252BHD%252BWorld%26winID%3D10025%26_options_sf&quot;)</favourite>
	<favourite name="Discovery" thumb="http://images.weserv.nl/?url=https://echo-l.livenettv.to/1/d0dbe9/discovery.png|User-Agent=Dalvik%2F2.1.0+%28Linux%3B+U%3B+Android+5.1.1%3B+AFTT+Build%2FLVY48F%29">PlayMedia(&quot;plugin://plugin.video.tvone1112/play/484/play.pvr?sf_options=meta%3Dvotes%253D0%2526label%253DDiscovery%2526title%253DDiscovery%26winID%3D10025%26_options_sf&quot;)</favourite>
	<favourite name="Discovery HD World" thumb="http://images.weserv.nl/?url=https://echo-l.livenettv.to/1/d0dbe9/discovery_hd_world.png|User-Agent=Dalvik%2F2.1.0+%28Linux%3B+U%3B+Android+5.1.1%3B+AFTT+Build%2FLVY48F%29">PlayMedia(&quot;plugin://plugin.video.tvone1112/play/1366/play.pvr?sf_options=meta%3Dvotes%253D0%2526label%253DDiscovery%252BHD%252BWorld%2526title%253DDiscovery%252BHD%252BWorld%26winID%3D10025%26_options_sf&quot;)</favourite>
	<favourite name="Discovery Jeet" thumb="http://images.weserv.nl/?url=https://echo-l.livenettv.to/1/d0dbe9/discovery_jeet.png|User-Agent=Dalvik%2F2.1.0+%28Linux%3B+U%3B+Android+5.1.1%3B+AFTT+Build%2FLVY48F%29">PlayMedia(&quot;plugin://plugin.video.tvone1112/play/485/play.pvr?sf_options=meta%3Dvotes%253D0%2526label%253DDiscovery%252BJeet%2526title%253DDiscovery%252BJeet%26winID%3D10025%26_options_sf&quot;)</favourite>
	<favourite name="Discovery Science" thumb="http://images.weserv.nl/?url=https://echo-l.livenettv.to/1/d0dbe9/discovery_science.png|User-Agent=Dalvik%2F2.1.0+%28Linux%3B+U%3B+Android+5.1.1%3B+AFTT+Build%2FLVY48F%29">PlayMedia(&quot;plugin://plugin.video.tvone1112/play/1937/play.pvr?sf_options=meta%3Dvotes%253D0%2526label%253DDiscovery%252BScience%2526title%253DDiscovery%252BScience%26winID%3D10025%26_options_sf&quot;)</favourite>
	<favourite name="Discovery Turbo" thumb="http://images.weserv.nl/?url=https://echo-l.livenettv.to/1/d0dbe9/discovery_turbo.png|User-Agent=Dalvik%2F2.1.0+%28Linux%3B+U%3B+Android+5.1.1%3B+AFTT+Build%2FLVY48F%29">PlayMedia(&quot;plugin://plugin.video.tvone1112/play/2016/play.pvr?sf_options=meta%3Dvotes%253D0%2526label%253DDiscovery%252BTurbo%2526title%253DDiscovery%252BTurbo%26winID%3D10025%26_options_sf&quot;)</favourite>
	<favourite name="EPIC Channel" thumb="http://images.weserv.nl/?url=https://echo-l.livenettv.to/1/d0dbe9/epic.png|User-Agent=Dalvik%2F2.1.0+%28Linux%3B+U%3B+Android+5.1.1%3B+AFTT+Build%2FLVY48F%29">PlayMedia(&quot;plugin://plugin.video.tvone1112/play/812/play.pvr?sf_options=meta%3Dvotes%253D0%2526label%253DEPIC%252BChannel%2526title%253DEPIC%252BChannel%26winID%3D10025%26_options_sf&quot;)</favourite>
	<favourite name="History TV18" thumb="http://images.weserv.nl/?url=https://echo-l.livenettv.to/1/d0dbe9/history_tv_18.png|User-Agent=Dalvik%2F2.1.0+%28Linux%3B+U%3B+Android+5.1.1%3B+AFTT+Build%2FLVY48F%29">PlayMedia(&quot;plugin://plugin.video.tvone1112/play/787/play.pvr?sf_options=meta%3Dvotes%253D0%2526label%253DHistory%252BTV18%2526title%253DHistory%252BTV18%26winID%3D10025%26_options_sf&quot;)</favourite>
	<favourite name="Nat Geo Wild" thumb="http://images.weserv.nl/?url=https://echo-l.livenettv.to/1/d0dbe9/nat_geo_wild.png|User-Agent=Dalvik%2F2.1.0+%28Linux%3B+U%3B+Android+5.1.1%3B+AFTT+Build%2FLVY48F%29">PlayMedia(&quot;plugin://plugin.video.tvone1112/play/397/play.pvr?sf_options=meta%3Dvotes%253D0%2526label%253DNat%252BGeo%252BWild%2526title%253DNat%252BGeo%252BWild%26winID%3D10025%26_options_sf&quot;)</favourite>
	<favourite name="National Geographic" thumb="http://images.weserv.nl/?url=https://echo-l.livenettv.to/1/d0dbe9/nat_geo_in.png|User-Agent=Dalvik%2F2.1.0+%28Linux%3B+U%3B+Android+5.1.1%3B+AFTT+Build%2FLVY48F%29">PlayMedia(&quot;plugin://plugin.video.tvone1112/play/396/play.pvr?sf_options=meta%3Dvotes%253D0%2526label%253DNational%252BGeographic%2526title%253DNational%252BGeographic%26winID%3D10025%26_options_sf&quot;)</favourite>
	<favourite name="Sony BBC Earth HD" thumb="http://images.weserv.nl/?url=https://echo-l.livenettv.to/1/d0dbe9/sony_bbc_earth_hd.png|User-Agent=Dalvik%2F2.1.0+%28Linux%3B+U%3B+Android+5.1.1%3B+AFTT+Build%2FLVY48F%29">PlayMedia(&quot;plugin://plugin.video.tvone1112/play/1029/play.pvr?sf_options=meta%3Dvotes%253D0%2526label%253DSony%252BBBC%252BEarth%252BHD%2526title%253DSony%252BBBC%252BEarth%252BHD%26winID%3D10025%26_options_sf&quot;)</favourite>
	<favourite name="TLC Hindi" thumb="http://images.weserv.nl/?url=https://echo-l.livenettv.to/1/d0dbe9/tlc.png|User-Agent=Dalvik%2F2.1.0+%28Linux%3B+U%3B+Android+5.1.1%3B+AFTT+Build%2FLVY48F%29">PlayMedia(&quot;plugin://plugin.video.tvone1112/play/1580/play.pvr?sf_options=meta%3Dvotes%253D0%2526label%253DTLC%252BHindi%2526title%253DTLC%252BHindi%26winID%3D10025%26_options_sf&quot;)</favourite>
	<favourite name="TLC World HD" thumb="http://images.weserv.nl/?url=https://echo-l.livenettv.to/1/d0dbe9/tlc_world_hd.png|User-Agent=Dalvik%2F2.1.0+%28Linux%3B+U%3B+Android+5.1.1%3B+AFTT+Build%2FLVY48F%29">PlayMedia(&quot;plugin://plugin.video.tvone1112/play/2036/play.pvr?sf_options=meta%3Dvotes%253D0%2526label%253DTLC%252BWorld%252BHD%2526title%253DTLC%252BWorld%252BHD%26winID%3D10025%26_options_sf&quot;)</favourite>
	<favourite name="Travel XP" thumb="http://images.weserv.nl/?url=https://echo-l.livenettv.to/1/d0dbe9/travel_xp.png|User-Agent=Dalvik%2F2.1.0+%28Linux%3B+U%3B+Android+5.1.1%3B+AFTT+Build%2FLVY48F%29">PlayMedia(&quot;plugin://plugin.video.tvone1112/play/1030/play.pvr?sf_options=meta%3Dvotes%253D0%2526label%253DTravel%252BXP%2526title%253DTravel%252BXP%26winID%3D10025%26_options_sf&quot;)</favourite>
	<favourite name="Animal Planet USA" thumb="http://images.weserv.nl/?url=https://echo-l.livenettv.to/1/d0dbe9/animal_planet.png|User-Agent=Dalvik%2F2.1.0+%28Linux%3B+U%3B+Android+5.1.1%3B+AFTT+Build%2FLVY48F%29">PlayMedia(&quot;plugin://plugin.video.tvone1112/play/1959/play.pvr?sf_options=meta%3Dvotes%253D0%2526label%253DAnimal%252BPlanet%252BUSA%2526title%253DAnimal%252BPlanet%252BUSA%26winID%3D10025%26_options_sf&quot;)</favourite>
	<favourite name="Discovery Channel USA" thumb="http://images.weserv.nl/?url=https://echo-l.livenettv.to/1/d0dbe9/discovery.png|User-Agent=Dalvik%2F2.1.0+%28Linux%3B+U%3B+Android+5.1.1%3B+AFTT+Build%2FLVY48F%29">PlayMedia(&quot;plugin://plugin.video.tvone1112/play/1958/play.pvr?sf_options=meta%3Dvotes%253D0%2526label%253DDiscovery%252BChannel%252BUSA%2526title%253DDiscovery%252BChannel%252BUSA%26winID%3D10025%26_options_sf&quot;)</favourite>
	<favourite name="Discovery Velocity" thumb="http://images.weserv.nl/?url=https://echo-l.livenettv.to/1/d0dbe9/discovery_velocity.png|User-Agent=Dalvik%2F2.1.0+%28Linux%3B+U%3B+Android+5.1.1%3B+AFTT+Build%2FLVY48F%29">PlayMedia(&quot;plugin://plugin.video.tvone1112/play/1961/play.pvr?sf_options=meta%3Dvotes%253D0%2526label%253DDiscovery%252BVelocity%2526title%253DDiscovery%252BVelocity%26winID%3D10025%26_options_sf&quot;)</favourite>
	<favourite name="Nat Geo USA" thumb="http://images.weserv.nl/?url=https://echo-l.livenettv.to/1/d0dbe9/nat_geo.png|User-Agent=Dalvik%2F2.1.0+%28Linux%3B+U%3B+Android+5.1.1%3B+AFTT+Build%2FLVY48F%29">PlayMedia(&quot;plugin://plugin.video.tvone1112/play/1963/play.pvr?sf_options=meta%3Dvotes%253D0%2526label%253DNat%252BGeo%252BUSA%2526title%253DNat%252BGeo%252BUSA%26winID%3D10025%26_options_sf&quot;)</favourite>
	<favourite name="NetGeo Wild USA" thumb="http://images.weserv.nl/?url=https://echo-l.livenettv.to/1/d0dbe9/nat_geo_wild.png|User-Agent=Dalvik%2F2.1.0+%28Linux%3B+U%3B+Android+5.1.1%3B+AFTT+Build%2FLVY48F%29">PlayMedia(&quot;plugin://plugin.video.tvone1112/play/1964/play.pvr?sf_options=meta%3Dvotes%253D0%2526label%253DNetGeo%252BWild%252BUSA%2526title%253DNetGeo%252BWild%252BUSA%26winID%3D10025%26_options_sf&quot;)</favourite>
	<favourite name="Travel Channel" thumb="http://images.weserv.nl/?url=https://echo-l.livenettv.to/1/d0dbe9/travel_channel.png|User-Agent=Dalvik%2F2.1.0+%28Linux%3B+U%3B+Android+5.1.1%3B+AFTT+Build%2FLVY48F%29">PlayMedia(&quot;plugin://plugin.video.tvone1112/play/1373/play.pvr?sf_options=meta%3Dvotes%253D0%2526label%253DTravel%252BChannel%2526title%253DTravel%252BChannel%26winID%3D10025%26_options_sf&quot;)</favourite>
	<favourite name="Animal Planet" thumb="http://images.weserv.nl/?url=https://echo-l.livenettv.to/1/d0dbe9/animal_planet.png|User-Agent=Dalvik%2F2.1.0+%28Linux%3B+U%3B+Android+5.1.1%3B+AFTT+Build%2FLVY48F%29">PlayMedia(&quot;plugin://plugin.video.tvone1112/play/149/play.pvr?sf_options=meta%3Dvotes%253D0%2526label%253DAnimal%252BPlanet%2526title%253DAnimal%252BPlanet%26winID%3D10025%26_options_sf&quot;)</favourite>
	<favourite name="Crime Investigation" thumb="http://images.weserv.nl/?url=https://echo-l.livenettv.to/1/d0dbe9/crime_investigation.png|User-Agent=Dalvik%2F2.1.0+%28Linux%3B+U%3B+Android+5.1.1%3B+AFTT+Build%2FLVY48F%29">PlayMedia(&quot;plugin://plugin.video.tvone1112/play/1363/play.pvr?sf_options=meta%3Dvotes%253D0%2526label%253DCrime%252BInvestigation%2526title%253DCrime%252BInvestigation%26winID%3D10025%26_options_sf&quot;)</favourite>
	<favourite name="Discovery Channel" thumb="http://images.weserv.nl/?url=https://echo-l.livenettv.to/1/d0dbe9/discovery.png|User-Agent=Dalvik%2F2.1.0+%28Linux%3B+U%3B+Android+5.1.1%3B+AFTT+Build%2FLVY48F%29">PlayMedia(&quot;plugin://plugin.video.tvone1112/play/151/play.pvr?sf_options=meta%3Dvotes%253D0%2526label%253DDiscovery%252BChannel%2526title%253DDiscovery%252BChannel%26winID%3D10025%26_options_sf&quot;)</favourite>
	<favourite name="Discovery History" thumb="http://images.weserv.nl/?url=https://echo-l.livenettv.to/1/d0dbe9/discovery_history.png|User-Agent=Dalvik%2F2.1.0+%28Linux%3B+U%3B+Android+5.1.1%3B+AFTT+Build%2FLVY48F%29">PlayMedia(&quot;plugin://plugin.video.tvone1112/play/264/play.pvr?sf_options=meta%3Dvotes%253D0%2526label%253DDiscovery%252BHistory%2526title%253DDiscovery%252BHistory%26winID%3D10025%26_options_sf&quot;)</favourite>
	<favourite name="Discovery ID" thumb="http://images.weserv.nl/?url=https://echo-l.livenettv.to/1/d0dbe9/discovery_id.png|User-Agent=Dalvik%2F2.1.0+%28Linux%3B+U%3B+Android+5.1.1%3B+AFTT+Build%2FLVY48F%29">PlayMedia(&quot;plugin://plugin.video.tvone1112/play/1361/play.pvr?sf_options=meta%3Dvotes%253D0%2526label%253DDiscovery%252BID%2526title%253DDiscovery%252BID%26winID%3D10025%26_options_sf&quot;)</favourite>
	<favourite name="Discovery Science" thumb="http://images.weserv.nl/?url=https://echo-l.livenettv.to/1/d0dbe9/discovery_science.png|User-Agent=Dalvik%2F2.1.0+%28Linux%3B+U%3B+Android+5.1.1%3B+AFTT+Build%2FLVY48F%29">PlayMedia(&quot;plugin://plugin.video.tvone1112/play/265/play.pvr?sf_options=meta%3Dvotes%253D0%2526label%253DDiscovery%252BScience%2526title%253DDiscovery%252BScience%26winID%3D10025%26_options_sf&quot;)</favourite>
	<favourite name="Discovery Shed" thumb="http://images.weserv.nl/?url=https://echo-l.livenettv.to/1/d0dbe9/discovery_shed.png|User-Agent=Dalvik%2F2.1.0+%28Linux%3B+U%3B+Android+5.1.1%3B+AFTT+Build%2FLVY48F%29">PlayMedia(&quot;plugin://plugin.video.tvone1112/play/1364/play.pvr?sf_options=meta%3Dvotes%253D0%2526label%253DDiscovery%252BShed%2526title%253DDiscovery%252BShed%26winID%3D10025%26_options_sf&quot;)</favourite>
	<favourite name="Discovery Turbo" thumb="http://images.weserv.nl/?url=https://echo-l.livenettv.to/1/d0dbe9/discovery_turbo.png|User-Agent=Dalvik%2F2.1.0+%28Linux%3B+U%3B+Android+5.1.1%3B+AFTT+Build%2FLVY48F%29">PlayMedia(&quot;plugin://plugin.video.tvone1112/play/1298/play.pvr?sf_options=meta%3Dvotes%253D0%2526label%253DDiscovery%252BTurbo%2526title%253DDiscovery%252BTurbo%26winID%3D10025%26_options_sf&quot;)</favourite>
	<favourite name="NatGeo" thumb="http://images.weserv.nl/?url=https://echo-l.livenettv.to/1/d0dbe9/nat_geo.png|User-Agent=Dalvik%2F2.1.0+%28Linux%3B+U%3B+Android+5.1.1%3B+AFTT+Build%2FLVY48F%29">PlayMedia(&quot;plugin://plugin.video.tvone1112/play/46/play.pvr?sf_options=meta%3Dvotes%253D0%2526label%253DNatGeo%2526title%253DNatGeo%26winID%3D10025%26_options_sf&quot;)</favourite>
	<favourite name="NatGeo Wild" thumb="http://images.weserv.nl/?url=https://echo-l.livenettv.to/1/d0dbe9/nat_geo_wild.png|User-Agent=Dalvik%2F2.1.0+%28Linux%3B+U%3B+Android+5.1.1%3B+AFTT+Build%2FLVY48F%29">PlayMedia(&quot;plugin://plugin.video.tvone1112/play/263/play.pvr?sf_options=meta%3Dvotes%253D0%2526label%253DNatGeo%252BWild%2526title%253DNatGeo%252BWild%26winID%3D10025%26_options_sf&quot;)</favourite>
	<favourite name="NAT Geo Abu Dhabi" thumb="http://images.weserv.nl/?url=https://echo-l.livenettv.to/1/d0dbe9/nat_geo_abu_dhabi.png|User-Agent=Dalvik%2F2.1.0+%28Linux%3B+U%3B+Android+5.1.1%3B+AFTT+Build%2FLVY48F%29">PlayMedia(&quot;plugin://plugin.video.tvone1112/play/1362/play.pvr?sf_options=meta%3Dvotes%253D0%2526label%253DNAT%252BGeo%252BAbu%252BDhabi%2526title%253DNAT%252BGeo%252BAbu%252BDhabi%26winID%3D10025%26_options_sf&quot;)</favourite>
	<favourite name="Nile Life" thumb="http://images.weserv.nl/?url=https://echo-l.livenettv.to/1/d0dbe9/arabic/nile_life.png|User-Agent=Dalvik%2F2.1.0+%28Linux%3B+U%3B+Android+5.1.1%3B+AFTT+Build%2FLVY48F%29">PlayMedia(&quot;plugin://plugin.video.tvone1112/play/922/play.pvr?sf_options=meta%3Dvotes%253D0%2526label%253DNile%252BLife%2526title%253DNile%252BLife%26winID%3D10025%26_options_sf&quot;)</favourite>
	<favourite name="Animal planet Turkey" thumb="http://images.weserv.nl/?url=https://echo-l.livenettv.to/1/d0dbe9/animal_planet_turkey.png|User-Agent=Dalvik%2F2.1.0+%28Linux%3B+U%3B+Android+5.1.1%3B+AFTT+Build%2FLVY48F%29">PlayMedia(&quot;plugin://plugin.video.tvone1112/play/1349/play.pvr?sf_options=meta%3Dvotes%253D0%2526label%253DAnimal%252Bplanet%252BTurkey%2526title%253DAnimal%252Bplanet%252BTurkey%26winID%3D10025%26_options_sf&quot;)</favourite>
	<favourite name="BBC Earth Turkey" thumb="http://images.weserv.nl/?url=https://echo-l.livenettv.to/1/d0dbe9/bbc_earth_turkey.png|User-Agent=Dalvik%2F2.1.0+%28Linux%3B+U%3B+Android+5.1.1%3B+AFTT+Build%2FLVY48F%29">PlayMedia(&quot;plugin://plugin.video.tvone1112/play/1350/play.pvr?sf_options=meta%3Dvotes%253D0%2526label%253DBBC%252BEarth%252BTurkey%2526title%253DBBC%252BEarth%252BTurkey%26winID%3D10025%26_options_sf&quot;)</favourite>
	<favourite name="beIN iZ" thumb="http://images.weserv.nl/?url=https://echo-l.livenettv.to/1/d0dbe9/bein_iz.png|User-Agent=Dalvik%2F2.1.0+%28Linux%3B+U%3B+Android+5.1.1%3B+AFTT+Build%2FLVY48F%29">PlayMedia(&quot;plugin://plugin.video.tvone1112/play/1052/play.pvr?sf_options=meta%3Dvotes%253D0%2526label%253DbeIN%252BiZ%2526title%253DbeIN%252BiZ%26winID%3D10025%26_options_sf&quot;)</favourite>
	<favourite name="Discovery Science Turkey" thumb="http://images.weserv.nl/?url=https://echo-l.livenettv.to/1/d0dbe9/discovery_science.png|User-Agent=Dalvik%2F2.1.0+%28Linux%3B+U%3B+Android+5.1.1%3B+AFTT+Build%2FLVY48F%29">PlayMedia(&quot;plugin://plugin.video.tvone1112/play/1354/play.pvr?sf_options=meta%3Dvotes%253D0%2526label%253DDiscovery%252BScience%252BTurkey%2526title%253DDiscovery%252BScience%252BTurkey%26winID%3D10025%26_options_sf&quot;)</favourite>
	<favourite name="Discovery ShowCase Turkey" thumb="http://images.weserv.nl/?url=https://echo-l.livenettv.to/1/d0dbe9/discovery_showcase.png|User-Agent=Dalvik%2F2.1.0+%28Linux%3B+U%3B+Android+5.1.1%3B+AFTT+Build%2FLVY48F%29">PlayMedia(&quot;plugin://plugin.video.tvone1112/play/1355/play.pvr?sf_options=meta%3Dvotes%253D0%2526label%253DDiscovery%252BShowCase%252BTurkey%2526title%253DDiscovery%252BShowCase%252BTurkey%26winID%3D10025%26_options_sf&quot;)</favourite>
	<favourite name="Discovery TV Turkey" thumb="http://images.weserv.nl/?url=https://echo-l.livenettv.to/1/d0dbe9/discovery_tv.png|User-Agent=Dalvik%2F2.1.0+%28Linux%3B+U%3B+Android+5.1.1%3B+AFTT+Build%2FLVY48F%29">PlayMedia(&quot;plugin://plugin.video.tvone1112/play/1353/play.pvr?sf_options=meta%3Dvotes%253D0%2526label%253DDiscovery%252BTV%252BTurkey%2526title%253DDiscovery%252BTV%252BTurkey%26winID%3D10025%26_options_sf&quot;)</favourite>
	<favourite name="History TV Turkey" thumb="http://images.weserv.nl/?url=https://echo-l.livenettv.to/1/d0dbe9/history_tv_turkey.png|User-Agent=Dalvik%2F2.1.0+%28Linux%3B+U%3B+Android+5.1.1%3B+AFTT+Build%2FLVY48F%29">PlayMedia(&quot;plugin://plugin.video.tvone1112/play/1343/play.pvr?sf_options=meta%3Dvotes%253D0%2526label%253DHistory%252BTV%252BTurkey%2526title%253DHistory%252BTV%252BTurkey%26winID%3D10025%26_options_sf&quot;)</favourite>
	<favourite name="NAT Geo People Turkey" thumb="http://images.weserv.nl/?url=https://echo-l.livenettv.to/1/d0dbe9/nat_geo_people.png|User-Agent=Dalvik%2F2.1.0+%28Linux%3B+U%3B+Android+5.1.1%3B+AFTT+Build%2FLVY48F%29">PlayMedia(&quot;plugin://plugin.video.tvone1112/play/1356/play.pvr?sf_options=meta%3Dvotes%253D0%2526label%253DNAT%252BGeo%252BPeople%252BTurkey%2526title%253DNAT%252BGeo%252BPeople%252BTurkey%26winID%3D10025%26_options_sf&quot;)</favourite>
	<favourite name="Nat Geo Turk" thumb="http://images.weserv.nl/?url=https://echo-l.livenettv.to/1/d0dbe9/nat_geo_turk.png|User-Agent=Dalvik%2F2.1.0+%28Linux%3B+U%3B+Android+5.1.1%3B+AFTT+Build%2FLVY48F%29">PlayMedia(&quot;plugin://plugin.video.tvone1112/play/1334/play.pvr?sf_options=meta%3Dvotes%253D0%2526label%253DNat%252BGeo%252BTurk%2526title%253DNat%252BGeo%252BTurk%26winID%3D10025%26_options_sf&quot;)</favourite>
</favourites>