<favourites>
	<favourite name="[B][COLORwhite]The Magic Dragon[/COLOR][/B]" thumb="special://home/addons\plugin.video.themagicdragon\icon.jpg">ActivateWindow(10025,&quot;plugin://plugin.video.themagicdragon/?fanart=https%3a%2f%2fgithub.com%2ftombebbs1%2fmagicdragon%2fblob%2fmaster%2ffanart.jpg%3fraw%3dtrue&amp;mode=1&amp;name=%5bB%5d%5bCOLORgreenyellow%5dBoxsets%5b%2fCOLOR%5d%5b%2fB%5d&amp;url=https%3a%2f%2fraw.githubusercontent.com%2ftombebbs1%2fmagicdragon%2fmaster%2fboxsets.txt&amp;sf_options=fanart%3Dhttps%3A%2F%2Fgithub.com%2Ftombebbs1%2Fmagicdragon%2Fblob%2Fmaster%2Ffanart.jpg%3Fraw%26meta%3Dvotes%253D0%2526label%253D%25255BB%25255D%25255BCOLORgreenyellow%25255DBoxsets%25255B%25252FCOLOR%25255D%25255B%25252FB%25255D%2526title%253D%25255BB%25255D%25255BCOLORgreenyellow%25255DBoxsets%25255B%25252FCOLOR%25255D%25255B%25252FB%25255D%26_options_sf&quot;,return)</favourite>
	<favourite name="[B][COLORwhite]Placenta[/COLOR][/B]" thumb="special://home/addons\plugin.video.placenta\icon.png">ActivateWindow(10025,&quot;plugin://plugin.video.placenta/?action=collectionsNavigator&amp;sf_options=fanart%3Dspecial%3A%2F%2Fhome%2Faddons%5Cscript.placenta.artwork%5Cresources%5Cmedia%5Cdark+elogance%5Cfanart.jpg%26meta%3Dlabel%253D%2525CE%2525A3%2525CF%252585%2525CE%2525BB%2525CE%2525BB%2525CE%2525BF%2525CE%2525B3%2525CE%2525AD%2525CF%252582%26_options_sf&quot;,return)</favourite>
	<favourite name="[B][COLORwhite]Neptune Rising[/COLOR][/B]" thumb="special://home/addons\script.neptune.artwork\resources\media\neptune\playlist.jpg">ActivateWindow(10025,&quot;plugin://plugin.video.neptune/?action=customNavigator&amp;sf_options=fanart%3Dspecial%3A%2F%2Fhome%2Faddons%5Cscript.neptune.artwork%5Cresources%5Cmedia%5Cneptune%5Cfanart.jpg%26meta%3Dlabel%253DPlaylists%26_options_sf&quot;,return)</favourite>
	<favourite name="[B][COLORwhite]White Devil[/COLOR][/B]" thumb="http://brettusbuilds.com/.WHITE%20DEVIL/WDS%20SECTION/icon.png">ActivateWindow(10025,&quot;plugin://plugin.video.white.devil/?action=directory&amp;content=addons&amp;url=http%3a%2f%2fbrettusbuilds.com%2f.WHITE%2520DEVIL%2fWDS%2520SECTION%2fBOXSETS%2fBOXSETS.XML&amp;sf_options=fanart%3Dhttp%3A%2F%2Fwww.inkproject.com%2Fwp-content%2Fuploads%2F2015%2F02%2FBox-Sets-package-montage_1000.jpg%26meta%3Dlabel%253D%25255BCOLOR%252Bgold%25255DWHITE%252BDEVIL%252BBOXSETS%25255B%25252FCOLOR%25255D%26_options_sf&quot;,return)</favourite>
	<favourite name="[B][COLORwhite]BOXSETS[/COLOR][/B]" thumb="http://kodi.csadria.org/SLIKE/boxsets.jpg">ActivateWindow(10025,&quot;plugin://plugin.video.live.streamspro/?fanart=http%3a%2f%2fkodi.csadria.org%2fSLIKE%2fboxsets.jpg&amp;mode=1&amp;name=%5bB%5d%5bI%5d%5bCOLOR%20lime%5dBOXSETS%5b%2fB%5d%5b%2fI%5d%5b%2fCOLOR%5d&amp;url=https%3a%2f%2fpastebin.com%2fraw%2fd81mLNsh&amp;sf_options=fanart%3Dhttp%3A%2F%2Fkodi.csadria.org%2FSLIKE%2Fboxsets.jpg%26meta%3Dvotes%253D0%2526label%253D%25255BB%25255D%25255BI%25255D%25255BCOLOR%252Blime%25255DBOXSETS%25255B%25252FB%25255D%25255B%25252FI%25255D%25255B%25252FCOLOR%25255D%2526title%253D%25255BB%25255D%25255BI%25255D%25255BCOLOR%252Blime%25255DBOXSETS%25255B%25252FB%25255D%25255B%25252FI%25255D%25255B%25252FCOLOR%25255D%26_options_sf&quot;,return)</favourite>
	<favourite name="[B][COLORwhite]Gaia[/COLOR][/B]" thumb="special://home/addons\plugin.video.gaia\icon.png">ActivateWindow(10025,&quot;plugin://plugin.video.gaia/?action=movieCollections&amp;kids=0&amp;type=movie&amp;sf_options=fanart%3Dspecial%3A%2F%2Fhome%2Faddons%5Cscript.gaia.resources%5Cresources%5Cmedia%5Cskins%5Cgaia1%5Cbackground.jpg%26meta%3Dlabel%253DCollections%26_options_sf&quot;,return)</favourite>
</favourites>