<favourites>
	<favourite name="[COLOR orange]Πατήστε πρώτα εδώ ...[/COLOR]" thumb="https://tindrumasiankitchen.com/wp-content/uploads/2017/08/click-here-black.png">RunScript(special://home/addons/plugin.program.super.favourites/folders/PY/NotifyC.py)</favourite>
	<favourite name="[B][COLORwhite]Ταινίες Chappaai[/COLOR][/B]" thumb="special://home/addons\plugin.video.chappaai\icon.png">ActivateWindow(10025,&quot;plugin://plugin.video.chappaai/movies/tmdb/popular/1/?sf_options=fanart%3Ddefault.png%26meta%3Dlabel%253D%2525CE%252594%2525CE%2525B7%2525CE%2525BC%2525CE%2525BF%2525CF%252586%2525CE%2525B9%2525CE%2525BB%2525CE%2525AE%252B%26_options_sf&quot;,return)</favourite>
	<favourite name="[B][COLORwhite]Ταινίες Atlas [/COLOR][/B][COLOR orange](Απαραίτητη αλλαγή DNS)[/COLOR]" thumb="special://home/addons\plugin.video.atlas\icon.png">ActivateWindow(10025,&quot;plugin://plugin.video.atlas/?description=%ce%9e%ce%ad%ce%bd%ce%b5%cf%82%20%cf%84%ce%b1%ce%b9%ce%bd%ce%af%ce%b5%cf%82%20%ce%bc%ce%b5%20%cf%85%cf%80%cf%8c%cf%84%ce%b9%cf%84%ce%bb%ce%bf%cf%85%cf%82.%0aMovies%20with%20greek%20subtitles.&amp;iconimage=http%3a%2f%2fi.imgur.com%2fcTv0fXe.png&amp;mode=75&amp;name=%5bB%5d%5bCOLOR%20white%5d%ce%9e%ce%ad%ce%bd%ce%b5%cf%82%20%ce%a4%ce%b1%ce%b9%ce%bd%ce%af%ce%b5%cf%82%5b%2fCOLOR%5d%5b%2fB%5d&amp;url&amp;sf_options=fanart%3Dspecial%3A%2F%2Fhome%2Faddons%5Cplugin.video.atlas%5Cresources%5Cart%5Carrt.jpg%26meta%3Dplot%253D%2525CE%25259E%2525CE%2525AD%2525CE%2525BD%2525CE%2525B5%2525CF%252582%252B%2525CF%252584%2525CE%2525B1%2525CE%2525B9%2525CE%2525BD%2525CE%2525AF%2525CE%2525B5%2525CF%252582%252B%2525CE%2525BC%2525CE%2525B5%252B%2525CF%252585%2525CF%252580%2525CF%25258C%2525CF%252584%2525CE%2525B9%2525CF%252584%2525CE%2525BB%2525CE%2525BF%2525CF%252585%2525CF%252582.%25255CnMovies%252Bwith%252Bgreek%252Bsubtitles.%2526votes%253D0%2526label%253D%25255BB%25255D%25255BCOLOR%252Bwhite%25255D%2525CE%25259E%2525CE%2525AD%2525CE%2525BD%2525CE%2525B5%2525CF%252582%252B%2525CE%2525A4%2525CE%2525B1%2525CE%2525B9%2525CE%2525BD%2525CE%2525AF%2525CE%2525B5%2525CF%252582%25255B%25252FCOLOR%25255D%25255B%25252FB%25255D%2526title%253D%25255BB%25255D%25255BCOLOR%252Bwhite%25255D%2525CE%25259E%2525CE%2525AD%2525CE%2525BD%2525CE%2525B5%2525CF%252582%252B%2525CE%2525A4%2525CE%2525B1%2525CE%2525B9%2525CE%2525BD%2525CE%2525AF%2525CE%2525B5%2525CF%252582%25255B%25252FCOLOR%25255D%25255B%25252FB%25255D%26desc%3D%CE%9E%CE%AD%CE%BD%CE%B5%CF%82+%CF%84%CE%B1%CE%B9%CE%BD%CE%AF%CE%B5%CF%82+%CE%BC%CE%B5+%CF%85%CF%80%CF%8C%CF%84%CE%B9%CF%84%CE%BB%CE%BF%CF%85%CF%82.%0AMovies+with+greek+subtitles.%26_options_sf&quot;,return)</favourite>
	<favourite name="[B][COLORwhite]Ταινίες Placenta[/COLOR][/B]" thumb="special://home/addons\plugin.video.placenta\icon.png">ActivateWindow(10025,&quot;plugin://plugin.video.placenta/?action=movieWidget&amp;sf_options=fanart%3Dspecial%3A%2F%2Fhome%2Faddons%5Cscript.placenta.artwork%5Cresources%5Cmedia%5Cdark+elogance%5Cfanart.jpg%26meta%3Dlabel%253D%2525CE%25259D%2525CE%2525AD%2525CE%2525B5%2525CF%252582%252B%2525CE%2525A4%2525CE%2525B1%2525CE%2525B9%2525CE%2525BD%2525CE%2525AF%2525CE%2525B5%2525CF%252582%26_options_sf&quot;,return)</favourite>
	<favourite name="[B][COLORwhite]Ταινίες All 1 Click[/COLOR][/B]" thumb="special://home/addons\plugin.image.TechNEWSology/resources/media/T.png">ActivateWindow(10025,&quot;plugin://plugin.program.super.favourites/?label=1Click&amp;mode=400&amp;path=special%3A%2F%2Fhome%2Faddons%2Fplugin.program.super.favourites%2Ffolders%5CSuper+Favourites%5C1Click&amp;image=special%3A%2F%2Fhome%2Faddons%5Cscript.placenta.artwork%5Cresources%5Cmedia%5Cdark+elogance%5Ctvshows.png&amp;fanart=special%3A%2F%2Fhome%2Faddons%5Cscript.placenta.artwork%5Cresources%5Cmedia%5Cdark+elogance%5Cfanart.jpg&amp;content_type=&quot;,return)</favourite>
	<favourite name="[B][COLORwhite]Ταινίες Destiny[/COLOR][/B]" thumb="special://home/addons\plugin.video.destiny\icon.png">ActivateWindow(10025,&quot;plugin://plugin.video.destiny/?data=%20&amp;dates=%20&amp;description=Movies&amp;eng_name=%20&amp;episode=%20&amp;fanart=http%3a%2f%2fhdqwalls.com%2fwallpapers%2favengers-infinity-war-2018-poster-fan-made-62.jpg&amp;fav_status=false&amp;heb_name=%20&amp;iconimage=C%3a%5cUsers%5ci5%5cAppData%5cRoaming%5cKodi%5caddons%5cplugin.video.destiny%5cresources%5clogos%2fmovies.png&amp;id=%20&amp;isr=0&amp;mode2=13&amp;name=Movies&amp;original_title=%20&amp;season=%20&amp;show_original_year=%20&amp;tmdbid=%20&amp;url=www&amp;sf_options=fanart%3Dhttp%3A%2F%2Fhdqwalls.com%2Fwallpapers%2Favengers-infinity-war-2018-poster-fan-made-62.jpg%26meta%3Dplot%253DMovies%2526votes%253D0%2526label%253DMovies%26desc%3DMovies%26_options_sf&quot;,return)</favourite>
	<favourite name="[B][COLORwhite]Πρόσθετα [COLORorange](non-installed)[/COLOR][/B]" thumb="special://home/addons\plugin.video.destiny\resources\logos/jen.png">ActivateWindow(10025,&quot;plugin://plugin.video.destiny/?data=%20&amp;dates=%20&amp;description=%5bB%5d%5bCOLOR%3dorange%5dPlacenta%5b%2fCOLOR%5d%5b%2fB%5d&amp;eng_name=%20&amp;episode=%20&amp;fanart=special%3a%2f%2fhome%2faddons%5cplugin.video.placenta%5cfanart.jpg&amp;fav_status=false&amp;heb_name=%20&amp;iconimage=special%3a%2f%2fhome%2faddons%5cplugin.video.placenta%5cicon.png&amp;id=%20&amp;isr=0&amp;mode2=43&amp;name=%5bB%5d%5bCOLOR%3dorange%5dPlacenta%5b%2fCOLOR%5d%5b%2fB%5d&amp;original_title=%20&amp;season=%20&amp;show_original_year=%20&amp;tmdbid=%20&amp;url=1&amp;sf_options=fanart%3Dspecial%3A%2F%2Fhome%2Faddons%5Cplugin.video.placenta%5Cfanart.jpg%26meta%3Dplot%253D%25255BB%25255D%25255BCOLOR%25253Dorange%25255DPlacenta%25255B%25252FCOLOR%25255D%25255B%25252FB%25255D%2526votes%253D0%2526label%253D%25255BB%25255D%25255BCOLOR%25253Dorange%25255DPlacenta%25255B%25252FCOLOR%25255D%25255B%25252FB%25255D%26desc%3D%5BB%5D%5BCOLOR%26_options_sf&quot;,return)</favourite>
	<favourite name="[B][COLORwhite]Seren[/COLOR][/B]" thumb="https://ps-attachments.s3.amazonaws.com/8eab1379-df35-4517-98ea-3e2f164ae974/gHtm4eHtYxHApC4Z-JRMlA.png">ActivateWindow(10025,&quot;plugin://plugin.video.seren/?action=moviesHome&amp;sf_options=meta%3Dlabel%253DDiscover%252BMovies%26_options_sf&quot;,return)</favourite>
	<favourite name="[B][COLORwhite]Shadow[/COLOR][/B]" thumb="https://image.freepik.com/free-vector/shadow-ninja_9778-190.jpg">ActivateWindow(10025,&quot;plugin://plugin.video.shadow/?sf_options=fanart%3Dspecial%3A%2F%2Fhome%2Faddons%5Cplugin.video.shadow%5Cfanart.jpg%26meta%3Dlabel%253DShadow%26desc%3DAll+the+media+as+fast+as+possiable%26_options_sf&quot;,return)</favourite>
	<favourite name="[B][COLORwhite]Trailers[/COLOR][/B]" thumb="special://home/addons\plugin.video.atlas\icon.png">ActivateWindow(10025,&quot;plugin://plugin.video.atlas/?description=%ce%a4%cf%81%ce%ad%ce%b9%ce%bb%ce%b5%cf%81%20%ce%bc%ce%b5%20%cf%85%cf%80%cf%8c%cf%84%ce%b9%cf%84%ce%bb%ce%bf%cf%85%cf%82.%0aTrailers%20with%20greek%20soubs.&amp;iconimage=https%3a%2f%2fi.imgur.com%2fCIx5iC8.png&amp;mode=801&amp;name=%5bB%5d%5bCOLOR%20white%5d%ce%a4%cf%81%ce%ad%ce%b9%ce%bb%ce%b5%cf%81%5b%2fCOLOR%5d%5b%2fB%5d&amp;url&amp;sf_options=fanart%3Dspecial%3A%2F%2Fhome%2Faddons%5Cplugin.video.atlas%5Cresources%5Cart%5Carrt.jpg%26meta%3Dplot%253D%2525CE%2525A4%2525CF%252581%2525CE%2525AD%2525CE%2525B9%2525CE%2525BB%2525CE%2525B5%2525CF%252581%252B%2525CE%2525BC%2525CE%2525B5%252B%2525CF%252585%2525CF%252580%2525CF%25258C%2525CF%252584%2525CE%2525B9%2525CF%252584%2525CE%2525BB%2525CE%2525BF%2525CF%252585%2525CF%252582.%25255CnTrailers%252Bwith%252Bgreek%252Bsoubs.%2526votes%253D0%2526label%253D%25255BB%25255D%25255BCOLOR%252Bwhite%25255D%2525CE%2525A4%2525CF%252581%2525CE%2525AD%2525CE%2525B9%2525CE%2525BB%2525CE%2525B5%2525CF%252581%25255B%25252FCOLOR%25255D%25255B%25252FB%25255D%2526title%253D%25255BB%25255D%25255BCOLOR%252Bwhite%25255D%2525CE%2525A4%2525CF%252581%2525CE%2525AD%2525CE%2525B9%2525CE%2525BB%2525CE%2525B5%2525CF%252581%25255B%25252FCOLOR%25255D%25255B%25252FB%25255D%26desc%3D%CE%A4%CF%81%CE%AD%CE%B9%CE%BB%CE%B5%CF%81+%CE%BC%CE%B5+%CF%85%CF%80%CF%8C%CF%84%CE%B9%CF%84%CE%BB%CE%BF%CF%85%CF%82.%0ATrailers+with+greek+soubs.%26_options_sf&quot;,return)</favourite>
	<favourite name="[B][COLORwhite]Wraith[/COLOR][/B]" thumb="special://home/addons\script.extendedinfo\icon.png">ActivateWindow(10025,&quot;plugin://script.extendedinfo/?info=allmovies&amp;sf_options=fanart%3Dspecial%3A%2F%2Fhome%2Faddons%2Fscript.extendedinfo%2Fresources%2Fskins%2FDefault%2Fmedia%2Ftm-fanart.jpg%26meta%3Dlabel%253DAll%252BMovies%252B%25255BI%25255D%252528TheMovieDB%252529%25255B%25252FI%25255D%26_options_sf&quot;,return)</favourite>
	<favourite name="[B][COLORwhite]Chappaai[/COLOR][/B]" thumb="special://home/addons\plugin.video.chappaai\icon.png">ActivateWindow(10025,&quot;plugin://plugin.video.chappaai/movies?sf_options=fanart%3Dhttp%3A%2F%2Fmrblamo.xyz%2Fchappaai%2Fbackgrounds%2Fdefault.png%26meta%3Dlabel%253D%2525CE%2525A4%2525CE%2525B1%2525CE%2525B9%2525CE%2525BD%2525CE%2525AF%2525CE%2525B5%2525CF%252582%26_options_sf&quot;,return)</favourite>
	<favourite name="[B][COLORwhite]Placenta[/COLOR][/B]" thumb="special://home/addons\plugin.video.placenta\icon.png">ActivateWindow(10025,&quot;plugin://plugin.video.placenta/?action=movieNavigator&amp;sf_options=fanart%3Dspecial%3A%2F%2Fhome%2Faddons%5Cscript.placenta.artwork%5Cresources%5Cmedia%5Cplacenta%5Cfanart.jpg%26meta%3Dlabel%253D%2525CE%2525A4%2525CE%2525B1%2525CE%2525B9%2525CE%2525BD%2525CE%2525AF%2525CE%2525B5%2525CF%252582%26_options_sf&quot;,return)</favourite>
	<favourite name="[B][COLORwhite]Tempest[/COLOR][/B]" thumb="special://home/addons\plugin.video.tempest\icon.png">ActivateWindow(10025,&quot;plugin://plugin.video.tempest/?action=movieNavigator&amp;sf_options=fanart%3Dspecial%3A%2F%2Fhome%2Faddons%5Cscript.tempest.artwork%5Cresources%5Cmedia%5Ctempest%5Cfanart.jpg%26meta%3Dlabel%253DMovies%26_options_sf&quot;,return)</favourite>
	<favourite name="[B][COLORwhite]Neptune Rising[/COLOR][/B]" thumb="https://thewebsitez.com/snuuz/wp-content/uploads/2018/01/neptune.png">ActivateWindow(10025,&quot;plugin://plugin.video.neptune/?action=movieNavigator&amp;sf_options=fanart%3Dspecial%3A%2F%2Fhome%2Faddons%5Cscript.neptune.artwork%5Cresources%5Cmedia%5Cneptune%5Cfanart.jpg%26meta%3Dlabel%253DMovies%26_options_sf&quot;,return)</favourite>
	<favourite name="[B][COLORwhite]Deathstar[/COLOR][/B]" thumb="http://mercuryme.org/images/eim%20icon.png">ActivateWindow(10025,&quot;plugin://plugin.video.destiny/?data=%20&amp;dates=%20&amp;description=%5bB%5d%5bCOLOR%3dorange%5dDeathstar%5b%2fCOLOR%5d%5b%2fB%5d&amp;eng_name=%20&amp;episode=%20&amp;fanart=http%3a%2f%2fmercuryme.org%2fimages%2ffanart.jpg&amp;fav_status=false&amp;heb_name=%20&amp;iconimage=http%3a%2f%2fmercuryme.org%2fimages%2feim%2520icon.png&amp;id=%20&amp;isr=0&amp;mode2=43&amp;name=%5bB%5d%5bCOLOR%3dorange%5dDeathstar%5b%2fCOLOR%5d%5b%2fB%5d&amp;original_title=%20&amp;season=%20&amp;show_original_year=%20&amp;tmdbid=%20&amp;url=2&amp;sf_options=fanart%3Dhttp%3A%2F%2Fmercuryme.org%2Fimages%2Ffanart.jpg%26meta%3Dplot%253D%25255BB%25255D%25255BCOLOR%25253Dorange%25255DDeathstar%25255B%25252FCOLOR%25255D%25255B%25252FB%25255D%2526votes%253D0%2526label%253D%25255BB%25255D%25255BCOLOR%25253Dorange%25255DDeathstar%25255B%25252FCOLOR%25255D%25255B%25252FB%25255D%26desc%3D%5BB%5D%5BCOLOR%26_options_sf&quot;,return)</favourite>
	<favourite name="[B][COLOR white]Mercury[/COLOR][/B]" thumb="https://i.imgur.com/ewZqfXr.png">ActivateWindow(10025,&quot;plugin://plugin.video.destiny/?description=No%20information%20available&amp;fanart=special://home/addons%5cplugin.video.destiny%5cfanart.jpg&amp;iconimage=https%3a%2f%2fi.imgur.com%2fewZqfXr.png&amp;mode=get_list&amp;name=%5bB%5d%5bCOLOR%20white%5dMercury%5b%2fCOLOR%5d%5b%2fB%5d&amp;url=https%3a%2f%2fraw.githubusercontent.com%2fFloyd6969%2fDJV%2fmaster%2fMerc.txt&amp;sf_options=fanart%3Dspecial%3A%2F%2Fhome%2Faddons%5Cplugin.video.destiny%5Cfanart.jpg%26meta%3Dplot%253DNo%252Binformation%252Bavailable%2526votes%253D0%2526label%253D%25255BB%25255D%25255BCOLOR%252Bwhite%25255DMercury%25255B%25252FCOLOR%25255D%25255B%25252FB%25255D%2526title%253D%25255BB%25255D%25255BCOLOR%252Bwhite%25255DMercury%25255B%25252FCOLOR%25255D%25255B%25252FB%25255D%26desc%3DNo+information+available%26_options_sf&quot;,return)</favourite>
	<favourite name="[B][COLORwhite]PunkFlix[/COLOR][/B]" thumb="http://myatom.one/Ghost-Addon/ghostxmls/xmls1/fanart/punk.jpg">ActivateWindow(10025,&quot;plugin://plugin.video.destiny/?description=No%20information%20available&amp;fanart=special://home/addons%5cplugin.video.destiny%5cfanart.jpg&amp;iconimage=http%3a%2f%2fmyatom.one%2fGhost-Addon%2fghostxmls%2fxmls1%2ffanart%2fpunk.jpg&amp;mode=get_list&amp;name=%5bCOLORwhite%5dPunkFlix%5b%2fCOLOR%5d&amp;url=http%3a%2f%2fmyatom.one%2fGhost-Addon%2fghostxmls%2fxmls1%2fpunkflix.xml&amp;sf_options=fanart%3Dspecial%3A%2F%2Fhome%2Faddons%5Cplugin.video.destiny%5Cfanart.jpg%26meta%3Dplot%253DNo%252Binformation%252Bavailable%2526votes%253D0%2526label%253D%25255BCOLORwhite%25255DPunkFlix%25255B%25252FCOLOR%25255D%2526title%253D%25255BCOLORwhite%25255DPunkFlix%25255B%25252FCOLOR%25255D%26desc%3DNo+information+available%26_options_sf&quot;,return)</favourite>
	<favourite name="[B][COLORwhite]Twisted[/COLOR][/B]" thumb="http://twistedbuilds.xyz/XML/Icons/Main/Movies.png">ActivateWindow(10025,&quot;plugin://plugin.video.destiny/?description=No%20information%20available&amp;fanart=http%3a%2f%2ftwistedbuilds.xyz%2fXML%2fIcons%2ffanart.jpg&amp;iconimage=http%3a%2f%2ftwistedbuilds.xyz%2fXML%2fIcons%2fMain%2fMovies.png&amp;mode=get_list&amp;name=Movies&amp;url=http%3a%2f%2ftwistedbuilds.xyz%2fXML%2fMovies%2fMovies.xml&amp;sf_options=fanart%3Dhttp%3A%2F%2Ftwistedbuilds.xyz%2FXML%2FIcons%2Ffanart.jpg%26meta%3Dplot%253DNo%252Binformation%252Bavailable%2526votes%253D0%2526label%253DMovies%2526title%253DMovies%26desc%3DNo+information+available%26_options_sf&quot;,return)</favourite>
	<favourite name="[B][COLOR white]Asgard[/COLOR][/B]" thumb="http://narcacist.com/images/icon.png">ActivateWindow(10025,&quot;plugin://plugin.video.destiny/?description=No%20information%20available&amp;fanart=special://home/addons%5cplugin.video.destiny%5cfanart.jpg&amp;iconimage=http%3a%2f%2fnarcacist.com%2fAddon%2fimages%2fmovie.png&amp;mode=get_list&amp;name=%5bB%5d%5bCOLOR%20white%5dOdin%5b%2fCOLOR%5d%5b%2fB%5d&amp;url=http%3a%2f%2fnarcacist.com%2fAddon%2fmain.xml&amp;sf_options=fanart%3Dspecial%3A%2F%2Fhome%2Faddons%5Cplugin.video.destiny%5Cfanart.jpg%26meta%3Dplot%253DNo%252Binformation%252Bavailable%2526votes%253D0%2526label%253D%25255BB%25255D%25255BCOLOR%252Bwhite%25255DOdin%25255B%25252FCOLOR%25255D%25255B%25252FB%25255D%2526title%253D%25255BB%25255D%25255BCOLOR%252Bwhite%25255DOdin%25255B%25252FCOLOR%25255D%25255B%25252FB%25255D%26desc%3DNo+information+available%26_options_sf&quot;,return)</favourite>
	<favourite name="[B][COLORwhite]Ghost[/COLOR][/B]" thumb="http://myatom.one/Ghost-Addon/ghostxmls/xmls1/fanart/ghost.png">ActivateWindow(10025,&quot;plugin://plugin.video.destiny/?description=No%20information%20available&amp;fanart=special://home/addons%5cplugin.video.destiny%5cfanart.jpg&amp;iconimage=http%3a%2f%2fmyatom.one%2fGhost-Addon%2fghostxmls%2fxmls1%2ffanart%2fghost.png&amp;mode=get_list&amp;name=%5bCOLORwhite%5dGhost%5b%2fCOLOR%5d&amp;url=http%3a%2f%2fmyatom.one%2fGhost-Addon%2fghostxmls%2fxmls1%2fmain2.xml&amp;sf_options=fanart%3Dspecial%3A%2F%2Fhome%2Faddons%5Cplugin.video.destiny%5Cfanart.jpg%26meta%3Dplot%253DNo%252Binformation%252Bavailable%2526votes%253D0%2526label%253D%25255BCOLORwhite%25255DGhost%25255B%25252FCOLOR%25255D%2526title%253D%25255BCOLORwhite%25255DGhost%25255B%25252FCOLOR%25255D%26desc%3DNo+information+available%26_options_sf&quot;,return)</favourite>
	<favourite name="[B][COLOR white]Chains and sinister six[/COLOR][/B]" thumb="https://i.imgur.com/NHdzj8y.png">ActivateWindow(10025,&quot;plugin://plugin.video.destiny/?description=No%20information%20available&amp;fanart=special://home/addons%5cplugin.video.destiny%5cfanart.jpg&amp;iconimage=https%3a%2f%2fi.imgur.com%2fNHdzj8y.png&amp;mode=get_list&amp;name=%5bB%5d%5bCOLOR%20white%5dChains%20and%20sinister%20six%5b%2fCOLOR%5d%5b%2fB%5d&amp;url=http%3a%2f%2fmyatom.one%2fbroken%2520chains%2fCHAINS%2520MAINMENU.txt&amp;sf_options=fanart%3Dspecial%3A%2F%2Fhome%2Faddons%5Cplugin.video.destiny%5Cfanart.jpg%26meta%3Dplot%253DNo%252Binformation%252Bavailable%2526votes%253D0%2526label%253D%25255BB%25255D%25255BCOLOR%252Bwhite%25255DChains%252Band%252Bsinister%252Bsix%25255B%25252FCOLOR%25255D%25255B%25252FB%25255D%2526title%253D%25255BB%25255D%25255BCOLOR%252Bwhite%25255DChains%252Band%252Bsinister%252Bsix%25255B%25252FCOLOR%25255D%25255B%25252FB%25255D%26desc%3DNo+information+available%26_options_sf&quot;,return)</favourite>
	<favourite name="[B][COLOR white]VOD Movies TvOne1112[/COLOR][/B]" thumb="special://home/addons\plugin.video.tvone1112\icon.png">ActivateWindow(10025,&quot;plugin://plugin.video.tvone1112/vod?sf_options=meta%3Dlabel%253D%25255BVOD%25255D%26_options_sf&quot;,return)</favourite>
	<favourite name="[B][COLORwhite]VOD Movies Sports classic [/COLOR][/B]" thumb="https://3.bp.blogspot.com/-IpVThipMVMU/Wd-my5Ul0oI/AAAAAAAACbo/m4b7izFN50wxYkUEr3WTs7e5J06bqVLAQCLcBGAs/s1600/flowRoot418g558.png">ActivateWindow(10025,&quot;plugin://plugin.video.sportsclassic/?fanart=https%3a%2f%2fwww.hds.to%2fimages%2fslider%2ftop_2017.jpg&amp;mode=1&amp;name=%5bB%5d%5bCOLOR%20yellowgreen%5d%e2%80%a2%5b%2fCOLOR%5d%5bCOLOR%20darkorange%5d%e2%80%a2%5b%2fCOLOR%5d%5bCOLORlightseagreen%5dVOD%20Movies%5b%2fCOLOR%5d%5bB%5d%5bCOLOR%20yellowgreen%5d%e2%80%a2%5b%2fCOLOR%5d%5bCOLOR%20darkorange%5d%e2%80%a2%5b%2fCOLOR%5d%5b%2fB%5d&amp;url=https%3a%2f%2fraw.githubusercontent.com%2fShark5588%2flist%2fmaster%2fboxeng.xml&amp;sf_options=fanart%3Dhttps%3A%2F%2Fwww.hds.to%2Fimages%2Fslider%2Ftop_2017.jpg%26meta%3Dplot%253DMovies%252BNew%252BRelease%2526votes%253D0%2526label%253D%25255BB%25255D%25255BCOLOR%252Byellowgreen%25255D%2525E2%252580%2525A2%25255B%25252FCOLOR%25255D%25255BCOLOR%252Bdarkorange%25255D%2525E2%252580%2525A2%25255B%25252FCOLOR%25255D%25255BCOLORlightseagreen%25255DVOD%252BMovies%25255B%25252FCOLOR%25255D%25255BB%25255D%25255BCOLOR%252Byellowgreen%25255D%2525E2%252580%2525A2%25255B%25252FCOLOR%25255D%25255BCOLOR%252Bdarkorange%25255D%2525E2%252580%2525A2%25255B%25252FCOLOR%25255D%25255B%25252FB%25255D%2526title%253D%25255BB%25255D%25255BCOLOR%252Byellowgreen%25255D%2525E2%252580%2525A2%25255B%25252FCOLOR%25255D%25255BCOLOR%252Bdarkorange%25255D%2525E2%252580%2525A2%25255B%25252FCOLOR%25255D%25255BCOLORlightseagreen%25255DVOD%252BMovies%25255B%25252FCOLOR%25255D%25255BB%25255D%25255BCOLOR%252Byellowgreen%25255D%2525E2%252580%2525A2%25255B%25252FCOLOR%25255D%25255BCOLOR%252Bdarkorange%25255D%2525E2%252580%2525A2%25255B%25252FCOLOR%25255D%25255B%25252FB%25255D%26desc%3DMovies+New+Release%26_options_sf&quot;,return)</favourite>
	<favourite name="[B][COLORwhite]The Magic Dragon[/COLOR][/B]" thumb="special://home/addons\plugin.video.themagicdragon\icon.jpg">ActivateWindow(10025,&quot;plugin://plugin.video.themagicdragon/?fanart=https%3a%2f%2fgithub.com%2ftombebbs1%2fmagicdragon%2fblob%2fmaster%2ffanart.jpg%3fraw%3dtrue&amp;mode=1&amp;name=%5bB%5d%5bI%5d%5bCOLORpink%5dMovies%5b%2fB%5d%5b%2fI%5d%5b%2fCOLOR%5d&amp;url=https%3a%2f%2fraw.githubusercontent.com%2ftombebbs1%2fmagicdragon%2fmaster%2fmoviezone.txt&amp;sf_options=fanart%3Dhttps%3A%2F%2Fgithub.com%2Ftombebbs1%2Fmagicdragon%2Fblob%2Fmaster%2Ffanart.jpg%3Fraw%26meta%3Dvotes%253D0%2526label%253D%25255BB%25255D%25255BI%25255D%25255BCOLORpink%25255DMovies%25255B%25252FB%25255D%25255B%25252FI%25255D%25255B%25252FCOLOR%25255D%2526title%253D%25255BB%25255D%25255BI%25255D%25255BCOLORpink%25255DMovies%25255B%25252FB%25255D%25255B%25252FI%25255D%25255B%25252FCOLOR%25255D%26_options_sf&quot;,return)</favourite>
	<favourite name="[B][COLOR white]Wolf Pack[/COLOR][/B]" thumb="special://home/addons\plugin.video.wolfpack\icon.png">ActivateWindow(10025,&quot;plugin://plugin.video.wolfpack/?sf_options=fanart%3Dspecial%3A%2F%2Fhome%2Faddons%5Cplugin.video.wolfpack%5Cfanart.jpg%26meta%3Dlabel%253DWolf%252BPack%26desc%3DAll+In+One%26_options_sf&quot;,return)</favourite>
	<favourite name="[B][COLORwhite]Movies List[/COLOR][/B]" thumb="special://home/addons\plugin.image.TechNEWSology/resources/media\HD.png">ActivateWindow(Videos,&quot;plugin://plugin.program.super.favourites/?label=Movies+List&amp;mode=400&amp;path=special%3A%2F%2Fhome%2Faddons%2Fplugin.program.super.favourites%2Ffolders%5CSuper+Favourites%5CMovies+List&amp;image=special%3A%2F%2Fhome%2Faddons%5Cicon+TechNEWSology%5CHD.png&amp;fanart=special://home/addons%5Cplugin.program.super.favourites%5Cfanart.jpg&amp;content_type=&quot;,return)</favourite>
	<favourite name="[B][COLOR white]The Crew[/COLOR][/B]" thumb="https://i.pinimg.com/474x/ee/9b/f5/ee9bf52f30afdc70fb714a3ad61accc4.jpg">ActivateWindow(10025,&quot;plugin://plugin.video.placenta/?action=directory&amp;content=addons&amp;url=http%3a%2f%2fgknwizard.eu%2frepo%2fBuilds%2fTechNEWsology%2fxml%2f1%2fCrew.xml&amp;sf_options=fanart%3Dspecial%3A%2F%2Fhome%2Faddons%5Cplugin.video.placenta%5Cfanart.jpg%26meta%3Dvotes%253D0%2526label%253D%25255BB%25255D%25255BCOLOR%252Bwhite%25255DThe%252BCrew%25255B%25252FCOLOR%25255D%25255B%25252FB%25255D%26_options_sf&quot;,return)</favourite>
	<favourite name="[B][COLORwhite]vStream[/COLOR][/B]" thumb="special://home/addons/plugin.video.vstream/resources/art/films.png">ActivateWindow(10025,&quot;plugin://plugin.video.vstream/?function=showMovies&amp;sFav=showMovies&amp;site=cHome&amp;siteUrl=http%3a%2f%2fvenom&amp;title=Movies&amp;sf_options=fanart%3Dspecial%3A%2F%2Fhome%2Faddons%2Fplugin.video.vstream%2Ffanart.jpg%26meta%3Dvotes%253D0%2526label%253DMovies%2526title%253DMovies%26_options_sf&quot;,return)</favourite>
	<favourite name="[B][COLORwhite]Release BB[/COLOR][/B]" thumb="special://home/addons\plugin.video.releaseBB\icon.png">ActivateWindow(10025,&quot;plugin://plugin.video.releaseBB/?mode=Categories&amp;section=movies&amp;sf_options=fanart%3Dspecial%3A%2F%2Fhome%2Faddons%5Cplugin.video.releaseBB%5Cfanart.jpg%26meta%3Dvotes%253D0%2526label%253D%25255BCOLOR%252Borange%25255D%25255BB%25255DRelease%252BBB%252B%25255BCOLOR%252Bblue%25255DMovies%252B%25255B%25252FCOLOR%25255D%25255B%25252FB%25255D%2526title%253D%25255BCOLOR%252Borange%25255D%25255BB%25255DRelease%252BBB%252B%25255BCOLOR%252Bblue%25255DMovies%252B%25255B%25252FCOLOR%25255D%25255B%25252FB%25255D%26_options_sf&quot;,return)</favourite>
	<favourite name="[B][COLORwhite]Gaia[/COLOR][/B]" thumb="https://troypoint.com/wp-content/uploads/2018/04/gaia-kodi.png">ActivateWindow(10025,&quot;plugin://plugin.video.gaia/?action=movieNavigator&amp;kids=0&amp;type=movie&amp;sf_options=fanart%3Dspecial%3A%2F%2Fhome%2Faddons%5Cscript.gaia.resources%5Cresources%5Cmedia%5Cskins%5Cgaia1%5Cbackground.jpg%26meta%3Dlabel%253DMovies%26_options_sf&quot;,return)</favourite>
	<favourite name="[B][COLOR white]Midian[/COLOR][/B]" thumb="http://www.midian.appboxes.co/wolfpackdata/IMAGES/newwolf/midian.jpg">ActivateWindow(10025,&quot;plugin://plugin.video.placenta/?action=directory&amp;content=addons&amp;url=http%3a%2f%2fwww.midian.appboxes.co%2fwolfyB%2fnewmidian%2fmidianindex.xml&amp;sf_options=fanart%3Dspecial%3A%2F%2Fhome%2Faddons%5Cplugin.video.placenta%5Cfanart.jpg%26meta%3Dvotes%253D0%2526label%253D%25255BB%25255D%25255BCOLOR%252Bwhite%25255DMidian%25255B%25252FCOLOR%25255D%25255B%25252FB%25255D%26_options_sf&quot;,return)</favourite>
	<favourite name="[B][COLOR white]M.E.T.V[/COLOR][/B]" thumb="http://www.ezzer-mac.com/Addon/images/icon.png">ActivateWindow(10025,&quot;plugin://plugin.video.placenta/?action=directory&amp;content=addons&amp;url=http%3a%2f%2fwww.ezzer-mac.com%2fAddon%2fmain.xml&amp;sf_options=fanart%3Dspecial%3A%2F%2Fhome%2Faddons%5Cplugin.video.placenta%5Cfanart.jpg%26meta%3Dvotes%253D0%2526label%253D%25255BB%25255D%25255BCOLOR%252Bwhite%25255DM.E.T.V%25255B%25252FCOLOR%25255D%25255B%25252FB%25255D%26_options_sf&quot;,return)</favourite>
	<favourite name="[B][COLORwhite]White Devil[/COLOR][/B]" thumb="https://is1-ssl.mzstatic.com/image/thumb/Purple111/v4/01/f2/f2/01f2f2c2-a383-2b28-3679-6dbe3803a3c3/source/256x256bb.jpg">ActivateWindow(10025,&quot;plugin://plugin.video.white.devil/?action=directory&amp;content=addons&amp;url=http%3a%2f%2fbrettusbuilds.com%2f.WHITE%2520DEVIL%2fNEMESIS%2fLATEST.XML&amp;sf_options=fanart%3Dspecial%3A%2F%2Fhome%2Faddons%5Cplugin.video.white.devil%5Cfanart.jpg%26meta%3Dlabel%253D%25255BCOLOR%252Bdodgerblue%25255DLATEST%252BMOVIES%25255B%25252FCOLOR%25255D%26_options_sf&quot;,return)</favourite>
	<favourite name="[B][COLORwhite]Movies[/COLOR][/B]" thumb="http://www.iconsdb.com/icons/preview/icon-sets/web-2-blue-2/video-play-4-xxl.png">ActivateWindow(10025,&quot;plugin://plugin.video.live.streamspro/?fanart=https%3a%2f%2fimages.wallpaperscraft.com%2fimage%2fhorse_paints_water_gallop_night_4791_1280x720.jpg&amp;mode=1&amp;name=%5bCOLOR%20blue%5d%20%5bCOLOR%20deepskyblue%5d.Movies%5b%2fCOLOR%5d&amp;url=https%3a%2f%2fpastebin.com%2fraw%2f9iz6199R&amp;sf_options=fanart%3Dhttps%3A%2F%2Fimages.wallpaperscraft.com%2Fimage%2Fhorse_paints_water_gallop_night_4791_1280x720.jpg%26meta%3Dvotes%253D0%2526label%253D%25255BCOLOR%252Bblue%25255D%252B%25255BCOLOR%252Bdeepskyblue%25255D.Movies%25255B%25252FCOLOR%25255D%2526title%253D%25255BCOLOR%252Bblue%25255D%252B%25255BCOLOR%252Bdeepskyblue%25255D.Movies%25255B%25252FCOLOR%25255D%26_options_sf&quot;,return)</favourite>
	<favourite name="[B][COLOR white]The Mad Titan[/COLOR][/B]" thumb="https://magnetic.website/Mad%20Titan/mad%20titan%20icons/mad%20titan%20icons.png">ActivateWindow(10025,&quot;plugin://plugin.video.placenta/?action=directory&amp;content=addons&amp;url=http%3a%2f%2fmagnetic.website%2fMad%2520Titan%2fmain.xml&amp;sf_options=fanart%3Dspecial%3A%2F%2Fhome%2Faddons%5Cplugin.video.placenta%5Cfanart.jpg%26meta%3Dvotes%253D0%2526label%253D%25255BB%25255D%25255BCOLOR%252Bwhite%25255DThe%252BMad%252BTitan%25255B%25252FCOLOR%25255D%25255B%25252FB%25255D%26_options_sf&quot;,return)</favourite>
	<favourite name="[B][COLOR white]Chains Of Absolution[/COLOR][/B]" thumb="https://i.imgur.com/Sob27dS.png">ActivateWindow(10025,&quot;plugin://plugin.video.placenta/?action=directory&amp;content=addons&amp;url=https%3a%2f%2fpastebin.com%2fraw%2fihD7EuNU&amp;sf_options=fanart%3Dspecial%3A%2F%2Fhome%2Faddons%5Cplugin.video.placenta%5Cfanart.jpg%26meta%3Dvotes%253D0%2526label%253D%25255BB%25255D%25255BCOLOR%252Bwhite%25255DChains%252BOf%252BAbsolution%25255B%25252FCOLOR%25255D%25255B%25252FB%25255D%26_options_sf&quot;,return)</favourite>
	<favourite name="[B][COLOR white]Athena[/COLOR][/B]" thumb="http://www.ezzer-mac.com/Ezzerman/Nel/icons/athena123.png">ActivateWindow(10025,&quot;plugin://plugin.video.placenta/?action=directory&amp;content=addons&amp;url=http%3a%2f%2fwww.ezzer-mac.com%2fEzzerman%2fNel%2fnymeria1%2fmain.xml&amp;sf_options=fanart%3Dspecial%3A%2F%2Fhome%2Faddons%5Cplugin.video.placenta%5Cfanart.jpg%26meta%3Dvotes%253D0%2526label%253D%25255BB%25255D%25255BCOLOR%252Bwhite%25255DAthena%25255B%25252FCOLOR%25255D%25255B%25252FB%25255D%26_options_sf&quot;,return)</favourite>
	<favourite name="[B][COLOR white]Luxray Prime[/COLOR][/B]" thumb="https://i.imgur.com/vn52Jsp.png">ActivateWindow(10025,&quot;plugin://plugin.video.placenta/?action=directory&amp;content=addons&amp;url=https%3a%2f%2fpastebin.com%2fraw%2f9R1iA1nh&amp;sf_options=fanart%3Dspecial%3A%2F%2Fhome%2Faddons%5Cplugin.video.placenta%5Cfanart.jpg%26meta%3Dvotes%253D0%2526label%253D%25255BB%25255D%25255BCOLOR%252Bwhite%25255DLuxray%252BPrime%25255B%25252FCOLOR%25255D%25255B%25252FB%25255D%26_options_sf&quot;,return)</favourite>
	<favourite name="[B][COLORwhite]Youtube GRSubs[/COLOR][/B]" thumb="special://home/addons\plugin.image.TechNEWSology/resources/media\YOU.jpg">ActivateWindow(10025,&quot;plugin://plugin.video.youtube/kodion/search/query/?q=movies%20greek%20subs&amp;search_type=playlist&amp;sf_options=fanart%3Dspecial%3A%2F%2Fhome%2Faddons%5Cplugin.video.youtube%5Cresources%5Cmedia%5Cfanart.jpg%26meta%3Dplot%253D%25255BB%25255D%2525CE%25259B%2525CE%2525AF%2525CF%252583%2525CF%252584%2525CE%2525B5%2525CF%252582%252B%2525CE%2525B1%2525CE%2525BD%2525CE%2525B1%2525CF%252580%2525CE%2525B1%2525CF%252581%2525CE%2525B1%2525CE%2525B3%2525CF%252589%2525CE%2525B3%2525CE%2525AE%2525CF%252582%25255B%25252FB%25255D%2526votes%253D0%2526label%253D%25255BB%25255D%2525CE%25259B%2525CE%2525AF%2525CF%252583%2525CF%252584%2525CE%2525B5%2525CF%252582%252B%2525CE%2525B1%2525CE%2525BD%2525CE%2525B1%2525CF%252580%2525CE%2525B1%2525CF%252581%2525CE%2525B1%2525CE%2525B3%2525CF%252589%2525CE%2525B3%2525CE%2525AE%2525CF%252582%25255B%25252FB%25255D%26desc%3D%5BB%5D%CE%9B%CE%AF%CF%83%CF%84%CE%B5%CF%82+%CE%B1%CE%BD%CE%B1%CF%80%CE%B1%CF%81%CE%B1%CE%B3%CF%89%CE%B3%CE%AE%CF%82%5B%2FB%5D%26_options_sf&quot;,return)</favourite>
	<favourite name="[B][COLORgoldenrod]Pairing[/COLOR][/B]" thumb="special://home/addons\script.TechNEWSology.Pair\icon.png">RunScript(&quot;script.TechNEWSology.Pair/?sf_options=meta%3Dlabel%253DTechNEWSology%252BPairing%26desc%3DPairing+for+hosts%26_options_sf&quot;)</favourite>
</favourites>