<favourites>
	<favourite name="EPT 1" thumb="special://home/addons\resource.images.alivegr.logos\resources\logos\EPT1.png">PlayMedia(&quot;plugin://plugin.video.AliveGR/?action=play&amp;url=https%3A%2F%2Fwebtv.ert.gr%2Fert1-live%2F&amp;title=EPT+1&amp;_options_sf&amp;sf_options=winID%3D10025%26_options_sf&quot;)</favourite>
	<favourite name="EPT 2" thumb="special://home/addons\resource.images.alivegr.logos\resources\logos\EPT2.png">PlayMedia(&quot;plugin://plugin.video.AliveGR/?action=play&amp;url=https%3A%2F%2Fwebtv.ert.gr%2Fert2-live%2F&amp;title=EPT+2&amp;image=special://home/addons%5Cresource.images.alivegr.logos%5Cresources%5Clogos%5CEPT2.png&amp;plot=%CE%95%CF%80%CE%AF%CF%83%CE%B7%CE%BC%CE%B7+%CF%81%CE%BF%CE%AE&amp;genre=%CE%A0%CE%B1%CE%BD%CE%B5%CE%BB%CE%BB%CE%B1%CE%B4%CE%B9%CE%BA%CE%AC&amp;sf_options=fanart%3Dspecial%3A%2F%2Fhome%2Faddons%5Cplugin.video.AliveGR%5Cresources%5Cmedia%5Cfanart.jpg%26meta%3Dplot%253D%2525CE%252595%2525CF%252580%2525CE%2525AF%2525CF%252583%2525CE%2525B7%2525CE%2525BC%2525CE%2525B7%252B%2525CF%252581%2525CE%2525BF%2525CE%2525AE%2526votes%253D0%2526title%253DEPT%252B2%2526label%253DEPT%252B2%2526year%253D2020%2526genre%253D%2525CE%2525A0%2525CE%2525B1%2525CE%2525BD%2525CE%2525B5%2525CE%2525BB%2525CE%2525BB%2525CE%2525B1%2525CE%2525B4%2525CE%2525B9%2525CE%2525BA%2525CE%2525AC%26winID%3D10025%26desc%3D%CE%95%CF%80%CE%AF%CF%83%CE%B7%CE%BC%CE%B7+%CF%81%CE%BF%CE%AE%26_options_sf&quot;)</favourite>
	<favourite name="EPT 3" thumb="special://home/addons\resource.images.alivegr.logos\resources\logos\EPT3.png">PlayMedia(&quot;plugin://plugin.video.AliveGR/?action=play&amp;url=https%3A%2F%2Fwebtv.ert.gr%2Fert3-live%2F&amp;title=EPT+3&amp;image=special://home/addons%5Cresource.images.alivegr.logos%5Cresources%5Clogos%5CEPT3.png&amp;plot=%CE%95%CF%80%CE%AF%CF%83%CE%B7%CE%BC%CE%B7+%CF%81%CE%BF%CE%AE&amp;genre=%CE%A0%CE%B1%CE%BD%CE%B5%CE%BB%CE%BB%CE%B1%CE%B4%CE%B9%CE%BA%CE%AC&amp;sf_options=fanart%3Dspecial%3A%2F%2Fhome%2Faddons%5Cplugin.video.AliveGR%5Cresources%5Cmedia%5Cfanart.jpg%26meta%3Dplot%253D%2525CE%252595%2525CF%252580%2525CE%2525AF%2525CF%252583%2525CE%2525B7%2525CE%2525BC%2525CE%2525B7%252B%2525CF%252581%2525CE%2525BF%2525CE%2525AE%2526votes%253D0%2526title%253DEPT%252B3%2526label%253DEPT%252B3%2526year%253D2020%2526genre%253D%2525CE%2525A0%2525CE%2525B1%2525CE%2525BD%2525CE%2525B5%2525CE%2525BB%2525CE%2525BB%2525CE%2525B1%2525CE%2525B4%2525CE%2525B9%2525CE%2525BA%2525CE%2525AC%26winID%3D10025%26desc%3D%CE%95%CF%80%CE%AF%CF%83%CE%B7%CE%BC%CE%B7+%CF%81%CE%BF%CE%AE%26_options_sf&quot;)</favourite>
	<favourite name="MEGA" thumb="special://home/addons\resource.images.alivegr.logos\resources\logos\MEGA.png">PlayMedia(&quot;plugin://plugin.video.AliveGR/?action=play&amp;url=https%3A%2F%2Fc98db5952cb54b358365984178fb898a.msvdn.net%2Flive%2FS86713049%2FgonOwuUacAxM%2Fplaylist.m3u8&amp;title=MEGA&amp;image=special://home/addons%5Cresource.images.alivegr.logos%5Cresources%5Clogos%5CMEGA.png&amp;plot=%CE%95%CF%80%CE%AF%CF%83%CE%B7%CE%BC%CE%B7+%CF%81%CE%BF%CE%AE&amp;genre=%CE%A0%CE%B1%CE%BD%CE%B5%CE%BB%CE%BB%CE%B1%CE%B4%CE%B9%CE%BA%CE%AC&amp;sf_options=fanart%3Dspecial%3A%2F%2Fhome%2Faddons%5Cplugin.video.AliveGR%5Cresources%5Cmedia%5Cfanart.jpg%26meta%3Dplot%253D%2525CE%252595%2525CF%252580%2525CE%2525AF%2525CF%252583%2525CE%2525B7%2525CE%2525BC%2525CE%2525B7%252B%2525CF%252581%2525CE%2525BF%2525CE%2525AE%2526votes%253D0%2526title%253DMEGA%2526label%253DMEGA%2526year%253D2020%2526genre%253D%2525CE%2525A0%2525CE%2525B1%2525CE%2525BD%2525CE%2525B5%2525CE%2525BB%2525CE%2525BB%2525CE%2525B1%2525CE%2525B4%2525CE%2525B9%2525CE%2525BA%2525CE%2525AC%26winID%3D10025%26desc%3D%CE%95%CF%80%CE%AF%CF%83%CE%B7%CE%BC%CE%B7+%CF%81%CE%BF%CE%AE%26_options_sf&quot;)</favourite>
	<favourite name="ANT1" thumb="special://home/addons\resource.images.alivegr.logos\resources\logos\ANT1.png">PlayMedia(&quot;plugin://plugin.video.AliveGR/?action=play&amp;url=https%3A%2F%2Fwww.antenna.gr%2FLive&amp;title=ANT1&amp;image=special://home/addons%5Cresource.images.alivegr.logos%5Cresources%5Clogos%5CANT1.png&amp;plot=%CE%95%CF%80%CE%AF%CF%83%CE%B7%CE%BC%CE%B7+%CF%81%CE%BF%CE%AE&amp;genre=%CE%A0%CE%B1%CE%BD%CE%B5%CE%BB%CE%BB%CE%B1%CE%B4%CE%B9%CE%BA%CE%AC&amp;sf_options=fanart%3Dspecial%3A%2F%2Fhome%2Faddons%5Cplugin.video.AliveGR%5Cresources%5Cmedia%5Cfanart.jpg%26meta%3Dplot%253D%2525CE%252595%2525CF%252580%2525CE%2525AF%2525CF%252583%2525CE%2525B7%2525CE%2525BC%2525CE%2525B7%252B%2525CF%252581%2525CE%2525BF%2525CE%2525AE%2526votes%253D0%2526title%253DANT1%2526label%253DANT1%2526year%253D2020%2526genre%253D%2525CE%2525A0%2525CE%2525B1%2525CE%2525BD%2525CE%2525B5%2525CE%2525BB%2525CE%2525BB%2525CE%2525B1%2525CE%2525B4%2525CE%2525B9%2525CE%2525BA%2525CE%2525AC%26winID%3D10025%26desc%3D%CE%95%CF%80%CE%AF%CF%83%CE%B7%CE%BC%CE%B7+%CF%81%CE%BF%CE%AE%26_options_sf&quot;)</favourite>
	<favourite name="STAR" thumb="special://home/addons\resource.images.alivegr.logos\resources\logos\STAR.png">PlayMedia(&quot;plugin://plugin.video.AliveGR/?action=play&amp;url=https%3A%2F%2Fwww.star.gr%2Ftv%2Flive-stream%2F&amp;title=STAR&amp;image=special://home/addons%5Cresource.images.alivegr.logos%5Cresources%5Clogos%5CSTAR.png&amp;plot=%CE%95%CF%80%CE%AF%CF%83%CE%B7%CE%BC%CE%B7+%CF%81%CE%BF%CE%AE%2C+%CE%B5%CE%BA%CF%80%CE%AD%CE%BC%CF%80%CE%B5%CE%B9+%CE%BC%CF%8C%CE%BD%CE%BF+%CF%83%CE%B5+%CF%80%CE%B1%CF%81%CE%B1%CE%B3%CF%89%CE%B3%CE%AD%CF%82+%CE%BC%CE%B5+%CE%B4%CE%B9%CE%BA%CE%AC+%CF%84%CE%BF%CF%85%CF%82+%CE%B4%CE%B9%CE%BA%CE%B1%CE%B9%CF%8E%CE%BC%CE%B1%CF%84%CE%B1&amp;genre=%CE%A0%CE%B1%CE%BD%CE%B5%CE%BB%CE%BB%CE%B1%CE%B4%CE%B9%CE%BA%CE%AC&amp;sf_options=fanart%3Dspecial%3A%2F%2Fhome%2Faddons%5Cplugin.video.AliveGR%5Cresources%5Cmedia%5Cfanart.jpg%26meta%3Dplot%253D%2525CE%252595%2525CF%252580%2525CE%2525AF%2525CF%252583%2525CE%2525B7%2525CE%2525BC%2525CE%2525B7%252B%2525CF%252581%2525CE%2525BF%2525CE%2525AE%25252C%252B%2525CE%2525B5%2525CE%2525BA%2525CF%252580%2525CE%2525AD%2525CE%2525BC%2525CF%252580%2525CE%2525B5%2525CE%2525B9%252B%2525CE%2525BC%2525CF%25258C%2525CE%2525BD%2525CE%2525BF%252B%2525CF%252583%2525CE%2525B5%252B%2525CF%252580%2525CE%2525B1%2525CF%252581%2525CE%2525B1%2525CE%2525B3%2525CF%252589%2525CE%2525B3%2525CE%2525AD%2525CF%252582%252B%2525CE%2525BC%2525CE%2525B5%252B%2525CE%2525B4%2525CE%2525B9%2525CE%2525BA%2525CE%2525AC%252B%2525CF%252584%2525CE%2525BF%2525CF%252585%2525CF%252582%252B%2525CE%2525B4%2525CE%2525B9%2525CE%2525BA%2525CE%2525B1%2525CE%2525B9%2525CF%25258E%2525CE%2525BC%2525CE%2525B1%2525CF%252584%2525CE%2525B1%2526votes%253D0%2526title%253DSTAR%2526label%253DSTAR%2526year%253D2020%2526genre%253D%2525CE%2525A0%2525CE%2525B1%2525CE%2525BD%2525CE%2525B5%2525CE%2525BB%2525CE%2525BB%2525CE%2525B1%2525CE%2525B4%2525CE%2525B9%2525CE%2525BA%2525CE%2525AC%26winID%3D10025%26desc%3D%CE%95%CF%80%CE%AF%CF%83%CE%B7%CE%BC%CE%B7+%CF%81%CE%BF%CE%AE%2C+%CE%B5%CE%BA%CF%80%CE%AD%CE%BC%CF%80%CE%B5%CE%B9+%CE%BC%CF%8C%CE%BD%CE%BF+%CF%83%CE%B5+%CF%80%CE%B1%CF%81%CE%B1%CE%B3%CF%89%CE%B3%CE%AD%CF%82+%CE%BC%CE%B5+%CE%B4%CE%B9%CE%BA%CE%AC+%CF%84%CE%BF%CF%85%CF%82+%CE%B4%CE%B9%CE%BA%CE%B1%CE%B9%CF%8E%CE%BC%CE%B1%CF%84%CE%B1%26_options_sf&quot;)</favourite>
	<favourite name="ALPHA" thumb="special://home/addons\resource.images.alivegr.logos\resources\logos\ALPHA.png">PlayMedia(&quot;plugin://plugin.video.AliveGR/?action=play&amp;url=https%3A%2F%2Fwww.alphatv.gr%2Flive%2F&amp;title=ALPHA&amp;image=special://home/addons%5Cresource.images.alivegr.logos%5Cresources%5Clogos%5CALPHA.png&amp;plot=%CE%A7%CF%89%CF%81%CE%AF%CF%82+%CF%80%CE%BB%CE%B7%CF%81%CE%BF%CF%86%CE%BF%CF%81%CE%AF%CE%B5%CF%82&amp;genre=%CE%A0%CE%B1%CE%BD%CE%B5%CE%BB%CE%BB%CE%B1%CE%B4%CE%B9%CE%BA%CE%AC&amp;sf_options=fanart%3Dspecial%3A%2F%2Fhome%2Faddons%5Cplugin.video.AliveGR%5Cresources%5Cmedia%5Cfanart.jpg%26meta%3Dplot%253D%2525CE%2525A7%2525CF%252589%2525CF%252581%2525CE%2525AF%2525CF%252582%252B%2525CF%252580%2525CE%2525BB%2525CE%2525B7%2525CF%252581%2525CE%2525BF%2525CF%252586%2525CE%2525BF%2525CF%252581%2525CE%2525AF%2525CE%2525B5%2525CF%252582%2526votes%253D0%2526title%253DALPHA%2526label%253DALPHA%2526year%253D2020%2526genre%253D%2525CE%2525A0%2525CE%2525B1%2525CE%2525BD%2525CE%2525B5%2525CE%2525BB%2525CE%2525BB%2525CE%2525B1%2525CE%2525B4%2525CE%2525B9%2525CE%2525BA%2525CE%2525AC%26winID%3D10025%26desc%3D%CE%A7%CF%89%CF%81%CE%AF%CF%82+%CF%80%CE%BB%CE%B7%CF%81%CE%BF%CF%86%CE%BF%CF%81%CE%AF%CE%B5%CF%82%26_options_sf&quot;)</favourite>
	<favourite name="SKAI" thumb="special://home/addons\resource.images.alivegr.logos\resources\logos\SKAI.png">PlayMedia(&quot;plugin://plugin.video.AliveGR/?action=play&amp;url=https%3A%2F%2Fwww.youtube.com%2Fwatch%3Fv%3DCmqbY_Gzsdo&amp;title=SKAI&amp;image=special://home/addons%5Cresource.images.alivegr.logos%5Cresources%5Clogos%5CSKAI.png&amp;plot=%CE%A7%CF%89%CF%81%CE%AF%CF%82+%CF%80%CE%BB%CE%B7%CF%81%CE%BF%CF%86%CE%BF%CF%81%CE%AF%CE%B5%CF%82&amp;genre=%CE%A0%CE%B1%CE%BD%CE%B5%CE%BB%CE%BB%CE%B1%CE%B4%CE%B9%CE%BA%CE%AC&amp;sf_options=fanart%3Dspecial%3A%2F%2Fhome%2Faddons%5Cplugin.video.AliveGR%5Cresources%5Cmedia%5Cfanart.jpg%26meta%3Dplot%253D%2525CE%2525A7%2525CF%252589%2525CF%252581%2525CE%2525AF%2525CF%252582%252B%2525CF%252580%2525CE%2525BB%2525CE%2525B7%2525CF%252581%2525CE%2525BF%2525CF%252586%2525CE%2525BF%2525CF%252581%2525CE%2525AF%2525CE%2525B5%2525CF%252582%2526votes%253D0%2526title%253DSKAI%2526label%253DSKAI%2526year%253D2020%2526genre%253D%2525CE%2525A0%2525CE%2525B1%2525CE%2525BD%2525CE%2525B5%2525CE%2525BB%2525CE%2525BB%2525CE%2525B1%2525CE%2525B4%2525CE%2525B9%2525CE%2525BA%2525CE%2525AC%26winID%3D10025%26desc%3D%CE%A7%CF%89%CF%81%CE%AF%CF%82+%CF%80%CE%BB%CE%B7%CF%81%CE%BF%CF%86%CE%BF%CF%81%CE%AF%CE%B5%CF%82%26_options_sf&quot;)</favourite>
	<favourite name="APT" thumb="special://home/addons\resource.images.alivegr.logos\resources\logos\ART CHANNEL.png">PlayMedia(&quot;plugin://plugin.video.AliveGR/?action=play&amp;url=http%3A%2F%2Ftv3.streampulse.eu%3A1935%2Ftilesport%2Fmovie2%2Fplaylist.m3u8&amp;title=APT&amp;image=special://home/addons%5Cresource.images.alivegr.logos%5Cresources%5Clogos%5CART+CHANNEL.png&amp;plot=%CE%A7%CF%89%CF%81%CE%AF%CF%82+%CF%80%CE%BB%CE%B7%CF%81%CE%BF%CF%86%CE%BF%CF%81%CE%AF%CE%B5%CF%82&amp;genre=%CE%A4%CE%BF%CF%80%CE%B9%CE%BA%CE%AC&amp;sf_options=fanart%3Dspecial%3A%2F%2Fhome%2Faddons%5Cplugin.video.AliveGR%5Cresources%5Cmedia%5Cfanart.jpg%26meta%3Dplot%253D%2525CE%2525A7%2525CF%252589%2525CF%252581%2525CE%2525AF%2525CF%252582%252B%2525CF%252580%2525CE%2525BB%2525CE%2525B7%2525CF%252581%2525CE%2525BF%2525CF%252586%2525CE%2525BF%2525CF%252581%2525CE%2525AF%2525CE%2525B5%2525CF%252582%2526votes%253D0%2526title%253DAPT%2526label%253DAPT%2526year%253D2020%2526genre%253D%2525CE%2525A4%2525CE%2525BF%2525CF%252580%2525CE%2525B9%2525CE%2525BA%2525CE%2525AC%26winID%3D10025%26desc%3D%CE%A7%CF%89%CF%81%CE%AF%CF%82+%CF%80%CE%BB%CE%B7%CF%81%CE%BF%CF%86%CE%BF%CF%81%CE%AF%CE%B5%CF%82%26_options_sf&quot;)</favourite>
	<favourite name="OPEN TV" thumb="special://home/addons\resource.images.alivegr.logos\resources\logos\OPEN TV.png">PlayMedia(&quot;plugin://plugin.video.AliveGR/?action=play&amp;url=https%3A%2F%2Fwww.tvopen.gr%2Flive&amp;title=OPEN+TV&amp;image=special://home/addons%5Cresource.images.alivegr.logos%5Cresources%5Clogos%5COPEN+TV.png&amp;plot=%CE%A7%CF%89%CF%81%CE%AF%CF%82+%CF%80%CE%BB%CE%B7%CF%81%CE%BF%CF%86%CE%BF%CF%81%CE%AF%CE%B5%CF%82&amp;genre=%CE%A0%CE%B1%CE%BD%CE%B5%CE%BB%CE%BB%CE%B1%CE%B4%CE%B9%CE%BA%CE%AC&amp;sf_options=fanart%3Dspecial%3A%2F%2Fhome%2Faddons%5Cplugin.video.AliveGR%5Cresources%5Cmedia%5Cfanart.jpg%26meta%3Dplot%253D%2525CE%2525A7%2525CF%252589%2525CF%252581%2525CE%2525AF%2525CF%252582%252B%2525CF%252580%2525CE%2525BB%2525CE%2525B7%2525CF%252581%2525CE%2525BF%2525CF%252586%2525CE%2525BF%2525CF%252581%2525CE%2525AF%2525CE%2525B5%2525CF%252582%2526votes%253D0%2526title%253DOPEN%252BTV%2526label%253DOPEN%252BTV%2526year%253D2020%2526genre%253D%2525CE%2525A0%2525CE%2525B1%2525CE%2525BD%2525CE%2525B5%2525CE%2525BB%2525CE%2525BB%2525CE%2525B1%2525CE%2525B4%2525CE%2525B9%2525CE%2525BA%2525CE%2525AC%26winID%3D10025%26desc%3D%CE%A7%CF%89%CF%81%CE%AF%CF%82+%CF%80%CE%BB%CE%B7%CF%81%CE%BF%CF%86%CE%BF%CF%81%CE%AF%CE%B5%CF%82%26_options_sf&quot;)</favourite>
	<favourite name="EPT SPORTS (2)" thumb="https://4.bp.blogspot.com/-h8e6i8wKfkM/XF5tyr36ITI/AAAAAAACXH0/L_qYM3EQ1F0hBckgQQDNQ-XzPc09S139wCLcBGAs/s256/ert-sports.jpg">PlayMedia(&quot;plugin://plugin.video.AliveGR/?action=play&amp;url=https%3A%2F%2Fert-live.siliconweb.com%2Fmedia%2Fert_sports%2Fert_sports.m3u8&amp;title=EPT+SPORTS+%282%29&amp;image=https%3A%2F%2F4.bp.blogspot.com%2F-h8e6i8wKfkM%2FXF5tyr36ITI%2FAAAAAAACXH0%2FL_qYM3EQ1F0hBckgQQDNQ-XzPc09S139wCLcBGAs%2Fs256%2Fert-sports.jpg&amp;plot=%CE%A7%CF%89%CF%81%CE%AF%CF%82+%CF%80%CE%BB%CE%B7%CF%81%CE%BF%CF%86%CE%BF%CF%81%CE%AF%CE%B5%CF%82&amp;genre=%CE%91%CE%B8%CE%BB%CE%B7%CF%84%CE%B9%CE%BA%CE%AC&amp;sf_options=fanart%3Dspecial%3A%2F%2Fhome%2Faddons%5Cplugin.video.AliveGR%5Cresources%5Cmedia%5Cfanart.jpg%26meta%3Dplot%253D%2525CE%2525A7%2525CF%252589%2525CF%252581%2525CE%2525AF%2525CF%252582%252B%2525CF%252580%2525CE%2525BB%2525CE%2525B7%2525CF%252581%2525CE%2525BF%2525CF%252586%2525CE%2525BF%2525CF%252581%2525CE%2525AF%2525CE%2525B5%2525CF%252582%2526votes%253D0%2526title%253DEPT%252BSPORTS%252B%2525282%252529%2526label%253DEPT%252BSPORTS%252B%2525282%252529%2526year%253D2020%2526genre%253D%2525CE%252591%2525CE%2525B8%2525CE%2525BB%2525CE%2525B7%2525CF%252584%2525CE%2525B9%2525CE%2525BA%2525CE%2525AC%26winID%3D10025%26desc%3D%CE%A7%CF%89%CF%81%CE%AF%CF%82+%CF%80%CE%BB%CE%B7%CF%81%CE%BF%CF%86%CE%BF%CF%81%CE%AF%CE%B5%CF%82%26_options_sf&quot;)</favourite>
	<favourite name="EURONEWS" thumb="special://home/addons\resource.images.alivegr.logos\resources\logos\EURONEWS.png">PlayMedia(&quot;plugin://plugin.video.AliveGR/?action=play&amp;url=https%3A%2F%2Fgr.euronews.com%2Flive&amp;title=EURONEWS&amp;image=special://home/addons%5Cresource.images.alivegr.logos%5Cresources%5Clogos%5CEURONEWS.png&amp;plot=%CE%A7%CF%89%CF%81%CE%AF%CF%82+%CF%80%CE%BB%CE%B7%CF%81%CE%BF%CF%86%CE%BF%CF%81%CE%AF%CE%B5%CF%82&amp;genre=%CE%94%CE%B9%CE%B5%CE%B8%CE%BD%CE%AE+%CE%B4%CE%AF%CE%BA%CF%84%CF%85%CE%B1&amp;sf_options=fanart%3Dspecial%3A%2F%2Fhome%2Faddons%5Cplugin.video.AliveGR%5Cresources%5Cmedia%5Cfanart.jpg%26meta%3Dplot%253D%2525CE%2525A7%2525CF%252589%2525CF%252581%2525CE%2525AF%2525CF%252582%252B%2525CF%252580%2525CE%2525BB%2525CE%2525B7%2525CF%252581%2525CE%2525BF%2525CF%252586%2525CE%2525BF%2525CF%252581%2525CE%2525AF%2525CE%2525B5%2525CF%252582%2526votes%253D0%2526title%253DEURONEWS%2526label%253DEURONEWS%2526year%253D2020%2526genre%253D%2525CE%252594%2525CE%2525B9%2525CE%2525B5%2525CE%2525B8%2525CE%2525BD%2525CE%2525AE%252B%2525CE%2525B4%2525CE%2525AF%2525CE%2525BA%2525CF%252584%2525CF%252585%2525CE%2525B1%26winID%3D10025%26desc%3D%CE%A7%CF%89%CF%81%CE%AF%CF%82+%CF%80%CE%BB%CE%B7%CF%81%CE%BF%CF%86%CE%BF%CF%81%CE%AF%CE%B5%CF%82%26_options_sf&quot;)</favourite>
	<favourite name="OTE CINEMA 1" thumb="http://swiftstreamz.com/SwiftPanel/images/18774_otecinema1.jpg|User-Agent=okhttp%2F3.10.0">PlayMedia(&quot;plugin://plugin.video.tvone11/play/36/1639/play.pvr?sf_options=meta%3Dvotes%253D0%2526label%253DOTE%252BCINEMA%252B1%2526title%253DOTE%252BCINEMA%252B1%26winID%3D10025%26_options_sf&quot;)</favourite>
	<favourite name="OTE CINEMA 2" thumb="http://swiftstreamz.com/SwiftPanel/images/30836_otecinema2.jpg|User-Agent=okhttp%2F3.10.0">PlayMedia(&quot;plugin://plugin.video.tvone11/play/36/1640/play.pvr?sf_options=meta%3Dvotes%253D0%2526label%253DOTE%252BCINEMA%252B2%2526title%253DOTE%252BCINEMA%252B2%26winID%3D10025%26_options_sf&quot;)</favourite>
	<favourite name="OTE CINEMA 3" thumb="http://swiftstreamz.com/SwiftPanel/images/23946_otecinema3.jpg|User-Agent=okhttp%2F3.10.0">PlayMedia(&quot;plugin://plugin.video.tvone11/play/36/1641/play.pvr?sf_options=meta%3Dvotes%253D0%2526label%253DOTE%252BCINEMA%252B3%2526title%253DOTE%252BCINEMA%252B3%26winID%3D10025%26_options_sf&quot;)</favourite>
	<favourite name="OTE CINEMA 4" thumb="http://swiftstreamz.com/SwiftPanel/images/71930_otecinema4.jpg|User-Agent=okhttp%2F3.10.0">PlayMedia(&quot;plugin://plugin.video.tvone11/play/36/1642/play.pvr?sf_options=meta%3Dvotes%253D0%2526label%253DOTE%252BCINEMA%252B4%2526title%253DOTE%252BCINEMA%252B4%26winID%3D10025%26_options_sf&quot;)</favourite>
	<favourite name="DISCOVERY GREECE" thumb="http://swiftstreamz.com/SwiftPanel/images/20518_discovery.jpg|User-Agent=okhttp%2F3.10.0">PlayMedia(&quot;plugin://plugin.video.tvone11/play/36/1643/play.pvr?sf_options=meta%3Dvotes%253D0%2526label%253DDISCOVERY%252BGREECE%2526title%253DDISCOVERY%252BGREECE%26winID%3D10025%26_options_sf&quot;)</favourite>
	<favourite name="DISCOVERY ID GREECE" thumb="http://swiftstreamz.com/SwiftPanel/images/45403_discoveryid.jpg|User-Agent=okhttp%2F3.10.0">PlayMedia(&quot;plugin://plugin.video.tvone11/play/36/1628/play.pvr?sf_options=meta%3Dvotes%253D0%2526label%253DDISCOVERY%252BID%252BGREECE%2526title%253DDISCOVERY%252BID%252BGREECE%26winID%3D10025%26_options_sf&quot;)</favourite>
	<favourite name="DISCOVERY SCI GREECE" thumb="http://swiftstreamz.com/SwiftPanel/images/8546_discoverysci.jpg|User-Agent=okhttp%2F3.10.0">PlayMedia(&quot;plugin://plugin.video.tvone11/play/36/1644/play.pvr?sf_options=meta%3Dvotes%253D0%2526label%253DDISCOVERY%252BSCI%252BGREECE%2526title%253DDISCOVERY%252BSCI%252BGREECE%26winID%3D10025%26_options_sf&quot;)</favourite>
	<favourite name="NAT GEO GREECE" thumb="http://swiftstreamz.com/SwiftPanel/images/48921_natgeo.jpg|User-Agent=okhttp%2F3.10.0">PlayMedia(&quot;plugin://plugin.video.tvone11/play/36/1629/play.pvr?sf_options=meta%3Dvotes%253D0%2526label%253DNAT%252BGEO%252BGREECE%2526title%253DNAT%252BGEO%252BGREECE%26winID%3D10025%26_options_sf&quot;)</favourite>
	<favourite name="ONE TV" thumb="https://www.onetv.gr/wp-content/themes/onetv/common/imgs/one-channel.png">PlayMedia(&quot;plugin://plugin.video.AliveGR/?action=play&amp;url=https%3A%2F%2Fstreaming.onetv.gr%2Fshow%2Fonetv_hd720%2Findex.m3u8&amp;title=ONE+TV&amp;image=https%3A%2F%2Fwww.onetv.gr%2Fwp-content%2Fthemes%2Fonetv%2Fcommon%2Fimgs%2Fone-channel.png&amp;plot=%CE%A7%CF%89%CF%81%CE%AF%CF%82+%CF%80%CE%BB%CE%B7%CF%81%CE%BF%CF%86%CE%BF%CF%81%CE%AF%CE%B5%CF%82&amp;genre=%CE%A4%CE%BF%CF%80%CE%B9%CE%BA%CE%AC&amp;sf_options=fanart%3Dspecial%3A%2F%2Fhome%2Faddons%5Cplugin.video.AliveGR%5Cfanart.jpg%26meta%3Dplot%253D%2525CE%2525A7%2525CF%252589%2525CF%252581%2525CE%2525AF%2525CF%252582%252B%2525CF%252580%2525CE%2525BB%2525CE%2525B7%2525CF%252581%2525CE%2525BF%2525CF%252586%2525CE%2525BF%2525CF%252581%2525CE%2525AF%2525CE%2525B5%2525CF%252582%2526votes%253D0%2526title%253DONE%252BTV%2526label%253DONE%252BTV%2526year%253D2019%2526genre%253D%2525CE%2525A4%2525CE%2525BF%2525CF%252580%2525CE%2525B9%2525CE%2525BA%2525CE%2525AC%26winID%3D10025%26desc%3D%CE%A7%CF%89%CF%81%CE%AF%CF%82+%CF%80%CE%BB%CE%B7%CF%81%CE%BF%CF%86%CE%BF%CF%81%CE%AF%CE%B5%CF%82%26_options_sf&quot;)</favourite>
	<favourite name="EOE TV" thumb="https://www.eoellas.org/wp-content/uploads/2019/06/cropped-EOELLAS-2.png">PlayMedia(&quot;plugin://plugin.video.AliveGR/?action=play&amp;url=https%3A%2F%2Flive.cast-control.eu%2Forganismos%2Forganismos%2Fplaylist.m3u8&amp;title=EOE+TV&amp;image=https%3A%2F%2Fwww.eoellas.org%2Fwp-content%2Fuploads%2F2019%2F06%2Fcropped-EOELLAS-2.png&amp;plot=%CE%A7%CF%89%CF%81%CE%AF%CF%82+%CF%80%CE%BB%CE%B7%CF%81%CE%BF%CF%86%CE%BF%CF%81%CE%AF%CE%B5%CF%82&amp;genre=%CE%94%CE%B9%CE%B1%CE%B4%CE%B9%CE%BA%CF%84%CF%85%CE%B1%CE%BA%CE%AE+%CF%84%CE%B7%CE%BB%CE%B5%CF%8C%CF%81%CE%B1%CF%83%CE%B7&amp;sf_options=fanart%3Dspecial%3A%2F%2Fhome%2Faddons%5Cplugin.video.AliveGR%5Cresources%5Cmedia%5Cfanart.jpg%26meta%3Dplot%253D%2525CE%2525A7%2525CF%252589%2525CF%252581%2525CE%2525AF%2525CF%252582%252B%2525CF%252580%2525CE%2525BB%2525CE%2525B7%2525CF%252581%2525CE%2525BF%2525CF%252586%2525CE%2525BF%2525CF%252581%2525CE%2525AF%2525CE%2525B5%2525CF%252582%2526votes%253D0%2526title%253DEOE%252BTV%2526label%253DEOE%252BTV%2526year%253D2020%2526genre%253D%2525CE%252594%2525CE%2525B9%2525CE%2525B1%2525CE%2525B4%2525CE%2525B9%2525CE%2525BA%2525CF%252584%2525CF%252585%2525CE%2525B1%2525CE%2525BA%2525CE%2525AE%252B%2525CF%252584%2525CE%2525B7%2525CE%2525BB%2525CE%2525B5%2525CF%25258C%2525CF%252581%2525CE%2525B1%2525CF%252583%2525CE%2525B7%26winID%3D10025%26desc%3D%CE%A7%CF%89%CF%81%CE%AF%CF%82+%CF%80%CE%BB%CE%B7%CF%81%CE%BF%CF%86%CE%BF%CF%81%CE%AF%CE%B5%CF%82%26_options_sf&quot;)</favourite>
	<favourite name="CINEMANIA" thumb="special://home/addons\resource.images.alivegr.logos\resources\logos\CINEMANIA.png">PlayMedia(&quot;plugin://plugin.video.AliveGR/?action=play&amp;url=http%3A%2F%2Fweb.onair-radio.eu%3A1935%2Fcinemania%2Fcinemania%2Fplaylist.m3u8&amp;title=CINEMANIA&amp;image=special://home/addons%5Cresource.images.alivegr.logos%5Cresources%5Clogos%5CCINEMANIA.png&amp;plot=%CE%A7%CF%89%CF%81%CE%AF%CF%82+%CF%80%CE%BB%CE%B7%CF%81%CE%BF%CF%86%CE%BF%CF%81%CE%AF%CE%B5%CF%82&amp;genre=%CE%A3%CE%B9%CE%BD%CE%B5%CE%BC%CE%AC&amp;sf_options=fanart%3Dspecial%3A%2F%2Fhome%2Faddons%5Cplugin.video.AliveGR%5Cresources%5Cmedia%5Cfanart.jpg%26meta%3Dplot%253D%2525CE%2525A7%2525CF%252589%2525CF%252581%2525CE%2525AF%2525CF%252582%252B%2525CF%252580%2525CE%2525BB%2525CE%2525B7%2525CF%252581%2525CE%2525BF%2525CF%252586%2525CE%2525BF%2525CF%252581%2525CE%2525AF%2525CE%2525B5%2525CF%252582%2526votes%253D0%2526title%253DCINEMANIA%2526label%253DCINEMANIA%2526year%253D2020%2526genre%253D%2525CE%2525A3%2525CE%2525B9%2525CE%2525BD%2525CE%2525B5%2525CE%2525BC%2525CE%2525AC%26winID%3D10025%26desc%3D%CE%A7%CF%89%CF%81%CE%AF%CF%82+%CF%80%CE%BB%CE%B7%CF%81%CE%BF%CF%86%CE%BF%CF%81%CE%AF%CE%B5%CF%82%26_options_sf&quot;)</favourite>
	<favourite name="CINEFIL GR" thumb="special://home/addons\resource.images.alivegr.logos\resources\logos\CINEFIL GR.png">PlayMedia(&quot;plugin://plugin.video.AliveGR/?action=play&amp;url=http%3A%2F%2Fweb.onair-radio.eu%3A1935%2Fcinefil%2Fcinefil%2Fplaylist.m3u8&amp;title=CINEFIL+GR&amp;image=C%3A%5CUsers%5Ci5%5CAppData%5CRoaming%5CKodi%5Caddons%5Cresource.images.alivegr.logos%5Cresources%5Clogos%5CCINEFIL+GR.png&amp;plot=%CE%A7%CF%89%CF%81%CE%AF%CF%82+%CF%80%CE%BB%CE%B7%CF%81%CE%BF%CF%86%CE%BF%CF%81%CE%AF%CE%B5%CF%82&amp;genre=%CE%A3%CE%B9%CE%BD%CE%B5%CE%BC%CE%AC&amp;sf_options=fanart%3Dspecial%3A%2F%2Fhome%2Faddons%5Cplugin.video.AliveGR%5Cfanart.jpg%26meta%3Dplot%253D%2525CE%2525A7%2525CF%252589%2525CF%252581%2525CE%2525AF%2525CF%252582%252B%2525CF%252580%2525CE%2525BB%2525CE%2525B7%2525CF%252581%2525CE%2525BF%2525CF%252586%2525CE%2525BF%2525CF%252581%2525CE%2525AF%2525CE%2525B5%2525CF%252582%2526votes%253D0%2526title%253DCINEFIL%252BGR%2526label%253DCINEFIL%252BGR%2526year%253D2019%2526genre%253D%2525CE%2525A3%2525CE%2525B9%2525CE%2525BD%2525CE%2525B5%2525CE%2525BC%2525CE%2525AC%26winID%3D10025%26desc%3D%CE%A7%CF%89%CF%81%CE%AF%CF%82+%CF%80%CE%BB%CE%B7%CF%81%CE%BF%CF%86%CE%BF%CF%81%CE%AF%CE%B5%CF%82%26_options_sf&quot;)</favourite>
	<favourite name="MPAXALO TV" thumb="special://home/addons\resource.images.alivegr.logos\resources\logos\MPAXALO TV.png">PlayMedia(&quot;plugin://plugin.video.AliveGR/?action=play&amp;url=https%3A%2F%2Fitv.streams.ovh%2Fmpaxalotv%2Fmpaxalotv%2Fplaylist.m3u8&amp;title=MPAXALO+TV&amp;image=C%3A%5CUsers%5Ci5%5CAppData%5CRoaming%5CKodi%5Caddons%5Cresource.images.alivegr.logos%5Cresources%5Clogos%5CMPAXALO+TV.png&amp;plot=%CE%A7%CF%89%CF%81%CE%AF%CF%82+%CF%80%CE%BB%CE%B7%CF%81%CE%BF%CF%86%CE%BF%CF%81%CE%AF%CE%B5%CF%82&amp;genre=%CE%A3%CE%B9%CE%BD%CE%B5%CE%BC%CE%AC&amp;sf_options=fanart%3Dspecial%3A%2F%2Fhome%2Faddons%5Cplugin.video.AliveGR%5Cfanart.jpg%26meta%3Dplot%253D%2525CE%2525A7%2525CF%252589%2525CF%252581%2525CE%2525AF%2525CF%252582%252B%2525CF%252580%2525CE%2525BB%2525CE%2525B7%2525CF%252581%2525CE%2525BF%2525CF%252586%2525CE%2525BF%2525CF%252581%2525CE%2525AF%2525CE%2525B5%2525CF%252582%2526votes%253D0%2526title%253DMPAXALO%252BTV%2526label%253DMPAXALO%252BTV%2526year%253D2019%2526genre%253D%2525CE%2525A3%2525CE%2525B9%2525CE%2525BD%2525CE%2525B5%2525CE%2525BC%2525CE%2525AC%26winID%3D10025%26desc%3D%CE%A7%CF%89%CF%81%CE%AF%CF%82+%CF%80%CE%BB%CE%B7%CF%81%CE%BF%CF%86%CE%BF%CF%81%CE%AF%CE%B5%CF%82%26_options_sf&quot;)</favourite>
	<favourite name="EPSILON" thumb="special://home/addons\resource.images.alivegr.logos\resources\logos\E TV.png">PlayMedia(&quot;plugin://plugin.video.AliveGR/?action=play&amp;url=https%3A%2F%2Fneotv.streamings.gr%2Flive%2Ftv%2Findex.m3u8&amp;title=EPSILON&amp;image=C%3A%5CUsers%5Ci5%5CAppData%5CRoaming%5CKodi%5Caddons%5Cresource.images.alivegr.logos%5Cresources%5Clogos%5CE+TV.png&amp;plot=%CE%A7%CF%89%CF%81%CE%AF%CF%82+%CF%80%CE%BB%CE%B7%CF%81%CE%BF%CF%86%CE%BF%CF%81%CE%AF%CE%B5%CF%82&amp;genre=%CE%A4%CE%BF%CF%80%CE%B9%CE%BA%CE%AC&amp;sf_options=fanart%3Dspecial%3A%2F%2Fhome%2Faddons%5Cplugin.video.AliveGR%5Cfanart.jpg%26meta%3Dplot%253D%2525CE%2525A7%2525CF%252589%2525CF%252581%2525CE%2525AF%2525CF%252582%252B%2525CF%252580%2525CE%2525BB%2525CE%2525B7%2525CF%252581%2525CE%2525BF%2525CF%252586%2525CE%2525BF%2525CF%252581%2525CE%2525AF%2525CE%2525B5%2525CF%252582%2526votes%253D0%2526title%253DEPSILON%2526label%253DEPSILON%2526year%253D2019%2526genre%253D%2525CE%2525A4%2525CE%2525BF%2525CF%252580%2525CE%2525B9%2525CE%2525BA%2525CE%2525AC%26winID%3D10025%26desc%3D%CE%A7%CF%89%CF%81%CE%AF%CF%82+%CF%80%CE%BB%CE%B7%CF%81%CE%BF%CF%86%CE%BF%CF%81%CE%AF%CE%B5%CF%82%26_options_sf&quot;)</favourite>
	<favourite name="ALPHA  2" thumb="http://greektv.pbworks.com/f/ALPHA.png">PlayMedia(&quot;plugin://plugin.video.live.streamspro/?url=https%3A%2F%2Falphalive-i.akamaihd.net%2Fhls%2Flive%2F682300%2Flive%2Fmaster.m3u8&amp;mode=12&amp;iconimage=http%3A%2F%2Fgreektv.pbworks.com%2Ff%2FALPHA.png&amp;sf_options=meta%3Dvotes%253D0%2526label%253DALPHA%252BHD%2526title%253DALPHA%252BHD%26winID%3D10025%26_options_sf&quot;)</favourite>
	<favourite name="ANT1 2" thumb="special://home/addons\resource.images.alivegr.logos\resources\logos\ANT1.png">PlayMedia(&quot;plugin://plugin.video.AliveGR/?action=play&amp;url=https%3A%2F%2Fwww.antenna.gr%2FLive&amp;title=ANT1&amp;image=C%3A%5CUsers%5Ci5%5CAppData%5CRoaming%5CKodi%5Caddons%5Cresource.images.alivegr.logos%5Cresources%5Clogos%5CANT1.png&amp;plot=%CE%95%CF%80%CE%AF%CF%83%CE%B7%CE%BC%CE%B7+%CF%81%CE%BF%CE%AE&amp;genre=%CE%A0%CE%B1%CE%BD%CE%B5%CE%BB%CE%BB%CE%B1%CE%B4%CE%B9%CE%BA%CE%AC&amp;sf_options=fanart%3Dspecial%3A%2F%2Fhome%2Faddons%5Cplugin.video.AliveGR%5Cfanart.jpg%26meta%3Dplot%253D%2525CE%252595%2525CF%252580%2525CE%2525AF%2525CF%252583%2525CE%2525B7%2525CE%2525BC%2525CE%2525B7%252B%2525CF%252581%2525CE%2525BF%2525CE%2525AE%2526votes%253D0%2526title%253DANT1%2526label%253DANT1%2526year%253D2019%2526genre%253D%2525CE%2525A0%2525CE%2525B1%2525CE%2525BD%2525CE%2525B5%2525CE%2525BB%2525CE%2525BB%2525CE%2525B1%2525CE%2525B4%2525CE%2525B9%2525CE%2525BA%2525CE%2525AC%26winID%3D10025%26desc%3D%CE%95%CF%80%CE%AF%CF%83%CE%B7%CE%BC%CE%B7+%CF%81%CE%BF%CE%AE%26_options_sf&quot;)</favourite>
	<favourite name="TOM" thumb="special://home/addons\resource.images.alivegr.logos\resources\logos\TOM.png">PlayMedia(&quot;plugin://plugin.video.AliveGR/?action=play&amp;url=https%3A%2F%2Fwww.youtube.com%2Fuser%2FTalkingTomCat%2Flive&amp;title=TOM&amp;image=special://home/addons%5Cresource.images.alivegr.logos%5Cresources%5Clogos%5CTOM.png&amp;plot=%CE%A7%CF%89%CF%81%CE%AF%CF%82+%CF%80%CE%BB%CE%B7%CF%81%CE%BF%CF%86%CE%BF%CF%81%CE%AF%CE%B5%CF%82&amp;genre=%CE%93%CE%B9%CE%B1+%CF%84%CE%B1+%CF%80%CE%B1%CE%B9%CE%B4%CE%B9%CE%AC&amp;sf_options=fanart%3Dspecial%3A%2F%2Fhome%2Faddons%5Cplugin.video.AliveGR%5Cresources%5Cmedia%5Cfanart.jpg%26meta%3Dplot%253D%2525CE%2525A7%2525CF%252589%2525CF%252581%2525CE%2525AF%2525CF%252582%252B%2525CF%252580%2525CE%2525BB%2525CE%2525B7%2525CF%252581%2525CE%2525BF%2525CF%252586%2525CE%2525BF%2525CF%252581%2525CE%2525AF%2525CE%2525B5%2525CF%252582%2526votes%253D0%2526title%253DTOM%2526label%253DTOM%2526year%253D2020%2526genre%253D%2525CE%252593%2525CE%2525B9%2525CE%2525B1%252B%2525CF%252584%2525CE%2525B1%252B%2525CF%252580%2525CE%2525B1%2525CE%2525B9%2525CE%2525B4%2525CE%2525B9%2525CE%2525AC%26winID%3D10025%26desc%3D%CE%A7%CF%89%CF%81%CE%AF%CF%82+%CF%80%CE%BB%CE%B7%CF%81%CE%BF%CF%86%CE%BF%CF%81%CE%AF%CE%B5%CF%82%26_options_sf&quot;)</favourite>
	<favourite name="CARTOON TV" thumb="special://home/addons\resource.images.alivegr.logos\resources\logos\CARTOON TV.png">PlayMedia(&quot;plugin://plugin.video.AliveGR/?action=play&amp;url=http%3A%2F%2Fweb.onair-radio.eu%3A1935%2Fcartoon%2Fcartoon%2Fplaylist.m3u8&amp;title=CARTOON+TV&amp;image=special://home/addons%5Cresource.images.alivegr.logos%5Cresources%5Clogos%5CCARTOON+TV.png&amp;plot=%CE%A7%CF%89%CF%81%CE%AF%CF%82+%CF%80%CE%BB%CE%B7%CF%81%CE%BF%CF%86%CE%BF%CF%81%CE%AF%CE%B5%CF%82&amp;genre=%CE%93%CE%B9%CE%B1+%CF%84%CE%B1+%CF%80%CE%B1%CE%B9%CE%B4%CE%B9%CE%AC&amp;sf_options=fanart%3Dspecial%3A%2F%2Fhome%2Faddons%5Cplugin.video.AliveGR%5Cresources%5Cmedia%5Cfanart.jpg%26meta%3Dplot%253D%2525CE%2525A7%2525CF%252589%2525CF%252581%2525CE%2525AF%2525CF%252582%252B%2525CF%252580%2525CE%2525BB%2525CE%2525B7%2525CF%252581%2525CE%2525BF%2525CF%252586%2525CE%2525BF%2525CF%252581%2525CE%2525AF%2525CE%2525B5%2525CF%252582%2526votes%253D0%2526title%253DCARTOON%252BTV%2526label%253DCARTOON%252BTV%2526year%253D2020%2526genre%253D%2525CE%252593%2525CE%2525B9%2525CE%2525B1%252B%2525CF%252584%2525CE%2525B1%252B%2525CF%252580%2525CE%2525B1%2525CE%2525B9%2525CE%2525B4%2525CE%2525B9%2525CE%2525AC%26winID%3D10025%26desc%3D%CE%A7%CF%89%CF%81%CE%AF%CF%82+%CF%80%CE%BB%CE%B7%CF%81%CE%BF%CF%86%CE%BF%CF%81%CE%AF%CE%B5%CF%82%26_options_sf&quot;)</favourite>
	<favourite name="WZRA KIDS" thumb="special://home/addons\resource.images.alivegr.logos\resources\logos\WZRA_KIDS.png">PlayMedia(&quot;plugin://plugin.video.AliveGR/?action=play&amp;url=mmsh%3A%2F%2Fwpso.com%3A200%2Fkids&amp;title=WZRA+KIDS&amp;image=C%3A%5CUsers%5Ci5%5CAppData%5CRoaming%5CKodi%5Caddons%5Cresource.images.alivegr.logos%5Cresources%5Clogos%5CWZRA_KIDS.png&amp;plot=%CE%A7%CF%89%CF%81%CE%AF%CF%82+%CF%80%CE%BB%CE%B7%CF%81%CE%BF%CF%86%CE%BF%CF%81%CE%AF%CE%B5%CF%82&amp;genre=%CE%93%CE%B9%CE%B1+%CF%84%CE%B1+%CF%80%CE%B1%CE%B9%CE%B4%CE%B9%CE%AC&amp;sf_options=fanart%3Dspecial%3A%2F%2Fhome%2Faddons%5Cplugin.video.AliveGR%5Cfanart.jpg%26meta%3Dplot%253D%2525CE%2525A7%2525CF%252589%2525CF%252581%2525CE%2525AF%2525CF%252582%252B%2525CF%252580%2525CE%2525BB%2525CE%2525B7%2525CF%252581%2525CE%2525BF%2525CF%252586%2525CE%2525BF%2525CF%252581%2525CE%2525AF%2525CE%2525B5%2525CF%252582%2526votes%253D0%2526title%253DWZRA%252BKIDS%2526label%253DWZRA%252BKIDS%2526year%253D2019%2526genre%253D%2525CE%252593%2525CE%2525B9%2525CE%2525B1%252B%2525CF%252584%2525CE%2525B1%252B%2525CF%252580%2525CE%2525B1%2525CE%2525B9%2525CE%2525B4%2525CE%2525B9%2525CE%2525AC%26winID%3D10025%26desc%3D%CE%A7%CF%89%CF%81%CE%AF%CF%82+%CF%80%CE%BB%CE%B7%CF%81%CE%BF%CF%86%CE%BF%CF%81%CE%AF%CE%B5%CF%82%26_options_sf&quot;)</favourite>
	<favourite name="PIK SAT" thumb="special://home/addons\resource.images.alivegr.logos\resources\logos\RIK 1.png">PlayMedia(&quot;plugin://plugin.video.AliveGR/?action=play&amp;url=http%3A%2F%2Fl3.cloudskep.com%2Fcybcsat%2Fabr%2Fplaylist.m3u8&amp;title=PIK+SAT&amp;image=special://home/addons%5Cresource.images.alivegr.logos%5Cresources%5Clogos%5CRIK+1.png&amp;plot=%CE%95%CF%80%CE%AF%CF%83%CE%B7%CE%BC%CE%B7+%CF%81%CE%BF%CE%AE&amp;genre=%CE%A0%CE%B1%CE%BD%CE%BA%CF%85%CF%80%CF%81%CE%B9%CE%B1%CE%BA%CE%AC&amp;sf_options=fanart%3Dspecial%3A%2F%2Fhome%2Faddons%5Cplugin.video.AliveGR%5Cresources%5Cmedia%5Cfanart.jpg%26meta%3Dplot%253D%2525CE%252595%2525CF%252580%2525CE%2525AF%2525CF%252583%2525CE%2525B7%2525CE%2525BC%2525CE%2525B7%252B%2525CF%252581%2525CE%2525BF%2525CE%2525AE%2526votes%253D0%2526title%253DPIK%252BSAT%2526label%253DPIK%252BSAT%2526year%253D2020%2526genre%253D%2525CE%2525A0%2525CE%2525B1%2525CE%2525BD%2525CE%2525BA%2525CF%252585%2525CF%252580%2525CF%252581%2525CE%2525B9%2525CE%2525B1%2525CE%2525BA%2525CE%2525AC%26winID%3D10025%26desc%3D%CE%95%CF%80%CE%AF%CF%83%CE%B7%CE%BC%CE%B7+%CF%81%CE%BF%CE%AE%26_options_sf&quot;)</favourite>
	<favourite name="OMEGA CY" thumb="special://home/addons\resource.images.alivegr.logos\resources\logos\OMEGA CY.png">PlayMedia(&quot;plugin://plugin.video.AliveGR/?action=play&amp;url=http%3A%2F%2Fwww.omegatv.com.cy%2Flive%2F&amp;title=OMEGA+CY&amp;image=special://home/addons%5Cresource.images.alivegr.logos%5Cresources%5Clogos%5COMEGA+CY.png&amp;plot=%CE%95%CF%80%CE%AF%CF%83%CE%B7%CE%BC%CE%B7+%CF%81%CE%BF%CE%AE&amp;genre=%CE%A0%CE%B1%CE%BD%CE%BA%CF%85%CF%80%CF%81%CE%B9%CE%B1%CE%BA%CE%AC&amp;sf_options=fanart%3Dspecial%3A%2F%2Fhome%2Faddons%5Cplugin.video.AliveGR%5Cresources%5Cmedia%5Cfanart.jpg%26meta%3Dplot%253D%2525CE%252595%2525CF%252580%2525CE%2525AF%2525CF%252583%2525CE%2525B7%2525CE%2525BC%2525CE%2525B7%252B%2525CF%252581%2525CE%2525BF%2525CE%2525AE%2526votes%253D0%2526title%253DOMEGA%252BCY%2526label%253DOMEGA%252BCY%2526year%253D2020%2526genre%253D%2525CE%2525A0%2525CE%2525B1%2525CE%2525BD%2525CE%2525BA%2525CF%252585%2525CF%252580%2525CF%252581%2525CE%2525B9%2525CE%2525B1%2525CE%2525BA%2525CE%2525AC%26winID%3D10025%26desc%3D%CE%95%CF%80%CE%AF%CF%83%CE%B7%CE%BC%CE%B7+%CF%81%CE%BF%CE%AE%26_options_sf&quot;)</favourite>
	<favourite name="ALPHA CY" thumb="special://home/addons\resource.images.alivegr.logos\resources\logos\ALPHA.png">PlayMedia(&quot;plugin://plugin.video.AliveGR/?action=play&amp;url=http%3A%2F%2Fwww.alphacyprus.com.cy%2Fwebtv%2Flive&amp;title=ALPHA+CY&amp;image=special://home/addons%5Cresource.images.alivegr.logos%5Cresources%5Clogos%5CALPHA.png&amp;plot=%CE%95%CF%80%CE%AF%CF%83%CE%B7%CE%BC%CE%B7+%CF%81%CE%BF%CE%AE&amp;genre=%CE%A0%CE%B1%CE%BD%CE%BA%CF%85%CF%80%CF%81%CE%B9%CE%B1%CE%BA%CE%AC&amp;sf_options=fanart%3Dspecial%3A%2F%2Fhome%2Faddons%5Cplugin.video.AliveGR%5Cresources%5Cmedia%5Cfanart.jpg%26meta%3Dplot%253D%2525CE%252595%2525CF%252580%2525CE%2525AF%2525CF%252583%2525CE%2525B7%2525CE%2525BC%2525CE%2525B7%252B%2525CF%252581%2525CE%2525BF%2525CE%2525AE%2526votes%253D0%2526title%253DALPHA%252BCY%2526label%253DALPHA%252BCY%2526year%253D2020%2526genre%253D%2525CE%2525A0%2525CE%2525B1%2525CE%2525BD%2525CE%2525BA%2525CF%252585%2525CF%252580%2525CF%252581%2525CE%2525B9%2525CE%2525B1%2525CE%2525BA%2525CE%2525AC%26winID%3D10025%26desc%3D%CE%95%CF%80%CE%AF%CF%83%CE%B7%CE%BC%CE%B7+%CF%81%CE%BF%CE%AE%26_options_sf&quot;)</favourite>
	<favourite name="SIGMA CY" thumb="special://home/addons\resource.images.alivegr.logos\resources\logos\SIGMA.png">PlayMedia(&quot;plugin://plugin.video.AliveGR/?action=play&amp;url=http%3A%2F%2F81.21.47.74%2Fhls%2Flive.m3u8&amp;title=SIGMA+CY&amp;image=special://home/addons%5Cresource.images.alivegr.logos%5Cresources%5Clogos%5CSIGMA.png&amp;plot=%CE%95%CF%80%CE%AF%CF%83%CE%B7%CE%BC%CE%B7+%CF%81%CE%BF%CE%AE&amp;genre=%CE%A0%CE%B1%CE%BD%CE%BA%CF%85%CF%80%CF%81%CE%B9%CE%B1%CE%BA%CE%AC&amp;sf_options=fanart%3Dspecial%3A%2F%2Fhome%2Faddons%5Cplugin.video.AliveGR%5Cresources%5Cmedia%5Cfanart.jpg%26meta%3Dplot%253D%2525CE%252595%2525CF%252580%2525CE%2525AF%2525CF%252583%2525CE%2525B7%2525CE%2525BC%2525CE%2525B7%252B%2525CF%252581%2525CE%2525BF%2525CE%2525AE%2526votes%253D0%2526title%253DSIGMA%252BCY%2526label%253DSIGMA%252BCY%2526year%253D2020%2526genre%253D%2525CE%2525A0%2525CE%2525B1%2525CE%2525BD%2525CE%2525BA%2525CF%252585%2525CF%252580%2525CF%252581%2525CE%2525B9%2525CE%2525B1%2525CE%2525BA%2525CE%2525AC%26winID%3D10025%26desc%3D%CE%95%CF%80%CE%AF%CF%83%CE%B7%CE%BC%CE%B7+%CF%81%CE%BF%CE%AE%26_options_sf&quot;)</favourite>
	<favourite name="ANT1 CY" thumb="special://home/addons\resource.images.alivegr.logos\resources\logos\ANT1.png">PlayMedia(&quot;plugin://plugin.video.AliveGR/?action=play&amp;url=https%3A%2F%2Fwww.ant1.com.cy%2Fweb-tv-live%2F&amp;title=ANT1+CY&amp;image=special://home/addons%5Cresource.images.alivegr.logos%5Cresources%5Clogos%5CANT1.png&amp;plot=%CE%95%CF%80%CE%AF%CF%83%CE%B7%CE%BC%CE%B7+%CF%81%CE%BF%CE%AE&amp;genre=%CE%A0%CE%B1%CE%BD%CE%BA%CF%85%CF%80%CF%81%CE%B9%CE%B1%CE%BA%CE%AC&amp;sf_options=fanart%3Dspecial%3A%2F%2Fhome%2Faddons%5Cplugin.video.AliveGR%5Cresources%5Cmedia%5Cfanart.jpg%26meta%3Dplot%253D%2525CE%252595%2525CF%252580%2525CE%2525AF%2525CF%252583%2525CE%2525B7%2525CE%2525BC%2525CE%2525B7%252B%2525CF%252581%2525CE%2525BF%2525CE%2525AE%2526votes%253D0%2526title%253DANT1%252BCY%2526label%253DANT1%252BCY%2526year%253D2020%2526genre%253D%2525CE%2525A0%2525CE%2525B1%2525CE%2525BD%2525CE%2525BA%2525CF%252585%2525CF%252580%2525CF%252581%2525CE%2525B9%2525CE%2525B1%2525CE%2525BA%2525CE%2525AC%26winID%3D10025%26desc%3D%CE%95%CF%80%CE%AF%CF%83%CE%B7%CE%BC%CE%B7+%CF%81%CE%BF%CE%AE%26_options_sf&quot;)</favourite>
	<favourite name="BLUE SKY" thumb="special://home/addons\resource.images.alivegr.logos\resources\logos\BLUE SKY.png">PlayMedia(&quot;plugin://plugin.video.AliveGR/?action=play&amp;url=https%3A%2F%2Fwww.youtube.com%2Fchannel%2FUCtjwyYRtQ4F8jovFUEdfo5Q%2Flive&amp;title=BLUE+SKY&amp;image=special://home/addons%5Cresource.images.alivegr.logos%5Cresources%5Clogos%5CBLUE+SKY.png&amp;plot=%CE%A7%CF%89%CF%81%CE%AF%CF%82+%CF%80%CE%BB%CE%B7%CF%81%CE%BF%CF%86%CE%BF%CF%81%CE%AF%CE%B5%CF%82&amp;genre=%CE%A4%CE%BF%CF%80%CE%B9%CE%BA%CE%AC&amp;sf_options=fanart%3Dspecial%3A%2F%2Fhome%2Faddons%5Cplugin.video.AliveGR%5Cresources%5Cmedia%5Cfanart.jpg%26meta%3Dplot%253D%2525CE%2525A7%2525CF%252589%2525CF%252581%2525CE%2525AF%2525CF%252582%252B%2525CF%252580%2525CE%2525BB%2525CE%2525B7%2525CF%252581%2525CE%2525BF%2525CF%252586%2525CE%2525BF%2525CF%252581%2525CE%2525AF%2525CE%2525B5%2525CF%252582%2526votes%253D0%2526title%253DBLUE%252BSKY%2526label%253DBLUE%252BSKY%2526year%253D2020%2526genre%253D%2525CE%2525A4%2525CE%2525BF%2525CF%252580%2525CE%2525B9%2525CE%2525BA%2525CE%2525AC%26winID%3D10025%26desc%3D%CE%A7%CF%89%CF%81%CE%AF%CF%82+%CF%80%CE%BB%CE%B7%CF%81%CE%BF%CF%86%CE%BF%CF%81%CE%AF%CE%B5%CF%82%26_options_sf&quot;)</favourite>
	<favourite name="ENA TV" thumb="special://home/addons\resource.images.alivegr.logos\resources\logos\ENA TV.png">PlayMedia(&quot;plugin://plugin.video.AliveGR/?action=play&amp;url=https%3A%2F%2Fserver.tvdj.info%3A8222%2F1c%2Fstream%2Fplaylist.m3u8&amp;title=ENA+TV&amp;image=special://home/addons%5Cresource.images.alivegr.logos%5Cresources%5Clogos%5CENA+TV.png&amp;plot=%CE%A7%CF%89%CF%81%CE%AF%CF%82+%CF%80%CE%BB%CE%B7%CF%81%CE%BF%CF%86%CE%BF%CF%81%CE%AF%CE%B5%CF%82&amp;genre=%CE%94%CE%B9%CE%B1%CE%B4%CE%B9%CE%BA%CF%84%CF%85%CE%B1%CE%BA%CE%AE+%CF%84%CE%B7%CE%BB%CE%B5%CF%8C%CF%81%CE%B1%CF%83%CE%B7&amp;sf_options=fanart%3Dspecial%3A%2F%2Fhome%2Faddons%5Cplugin.video.AliveGR%5Cresources%5Cmedia%5Cfanart.jpg%26meta%3Dplot%253D%2525CE%2525A7%2525CF%252589%2525CF%252581%2525CE%2525AF%2525CF%252582%252B%2525CF%252580%2525CE%2525BB%2525CE%2525B7%2525CF%252581%2525CE%2525BF%2525CF%252586%2525CE%2525BF%2525CF%252581%2525CE%2525AF%2525CE%2525B5%2525CF%252582%2526votes%253D0%2526title%253DENA%252BTV%2526label%253DENA%252BTV%2526year%253D2020%2526genre%253D%2525CE%252594%2525CE%2525B9%2525CE%2525B1%2525CE%2525B4%2525CE%2525B9%2525CE%2525BA%2525CF%252584%2525CF%252585%2525CE%2525B1%2525CE%2525BA%2525CE%2525AE%252B%2525CF%252584%2525CE%2525B7%2525CE%2525BB%2525CE%2525B5%2525CF%25258C%2525CF%252581%2525CE%2525B1%2525CF%252583%2525CE%2525B7%26winID%3D10025%26desc%3D%CE%A7%CF%89%CF%81%CE%AF%CF%82+%CF%80%CE%BB%CE%B7%CF%81%CE%BF%CF%86%CE%BF%CF%81%CE%AF%CE%B5%CF%82%26_options_sf&quot;)</favourite>
	<favourite name="ACTION 24" thumb="special://home/addons\resource.images.alivegr.logos\resources\logos\ACTION24.png">PlayMedia(&quot;plugin://plugin.video.AliveGR/?action=play&amp;url=https%3A%2F%2Fwww.dailymotion.com%2Fvideo%2Fx61fbhs&amp;title=ACTION+24&amp;image=special://home/addons%5Cresource.images.alivegr.logos%5Cresources%5Clogos%5CACTION24.png&amp;plot=%CE%A7%CF%89%CF%81%CE%AF%CF%82+%CF%80%CE%BB%CE%B7%CF%81%CE%BF%CF%86%CE%BF%CF%81%CE%AF%CE%B5%CF%82&amp;genre=%CE%A4%CE%BF%CF%80%CE%B9%CE%BA%CE%AC&amp;sf_options=fanart%3Dspecial%3A%2F%2Fhome%2Faddons%5Cplugin.video.AliveGR%5Cresources%5Cmedia%5Cfanart.jpg%26meta%3Dplot%253D%2525CE%2525A7%2525CF%252589%2525CF%252581%2525CE%2525AF%2525CF%252582%252B%2525CF%252580%2525CE%2525BB%2525CE%2525B7%2525CF%252581%2525CE%2525BF%2525CF%252586%2525CE%2525BF%2525CF%252581%2525CE%2525AF%2525CE%2525B5%2525CF%252582%2526votes%253D0%2526title%253DACTION%252B24%2526label%253DACTION%252B24%2526year%253D2020%2526genre%253D%2525CE%2525A4%2525CE%2525BF%2525CF%252580%2525CE%2525B9%2525CE%2525BA%2525CE%2525AC%26winID%3D10025%26desc%3D%CE%A7%CF%89%CF%81%CE%AF%CF%82+%CF%80%CE%BB%CE%B7%CF%81%CE%BF%CF%86%CE%BF%CF%81%CE%AF%CE%B5%CF%82%26_options_sf&quot;)</favourite>
	<favourite name="4E" thumb="special://home/addons\resource.images.alivegr.logos\resources\logos\4E.png">PlayMedia(&quot;plugin://plugin.video.AliveGR/?action=play&amp;url=http%3A%2F%2F82.192.84.30%3A554%2Flive%2FmyStream.sdp%2Fplaylist.m3u8&amp;title=4E&amp;image=special://home/addons%5Cresource.images.alivegr.logos%5Cresources%5Clogos%5C4E.png&amp;plot=%CE%A7%CF%89%CF%81%CE%AF%CF%82+%CF%80%CE%BB%CE%B7%CF%81%CE%BF%CF%86%CE%BF%CF%81%CE%AF%CE%B5%CF%82&amp;genre=%CE%98%CE%B5%CE%BC%CE%B1%CF%84%CE%B9%CE%BA%CE%AC&amp;sf_options=fanart%3Dspecial%3A%2F%2Fhome%2Faddons%5Cplugin.video.AliveGR%5Cresources%5Cmedia%5Cfanart.jpg%26meta%3Dplot%253D%2525CE%2525A7%2525CF%252589%2525CF%252581%2525CE%2525AF%2525CF%252582%252B%2525CF%252580%2525CE%2525BB%2525CE%2525B7%2525CF%252581%2525CE%2525BF%2525CF%252586%2525CE%2525BF%2525CF%252581%2525CE%2525AF%2525CE%2525B5%2525CF%252582%2526votes%253D0%2526title%253D4E%2526label%253D4E%2526year%253D2020%2526genre%253D%2525CE%252598%2525CE%2525B5%2525CE%2525BC%2525CE%2525B1%2525CF%252584%2525CE%2525B9%2525CE%2525BA%2525CE%2525AC%26winID%3D10025%26desc%3D%CE%A7%CF%89%CF%81%CE%AF%CF%82+%CF%80%CE%BB%CE%B7%CF%81%CE%BF%CF%86%CE%BF%CF%81%CE%AF%CE%B5%CF%82%26_options_sf&quot;)</favourite>
	<favourite name="BCI 24 News" thumb="http://alivegr.net/logos/BCI%2024%20News.png">PlayMedia(&quot;plugin://plugin.video.AliveGR/?action=play&amp;url=https%3A%2F%2Feco.streams.ovh%2Fnetmedia%2Fnetmedia%2Fplaylist.m3u8&amp;title=BCI+24+News&amp;image=http%3A%2F%2Falivegr.net%2Flogos%2FBCI%252024%2520News.png&amp;plot=%CE%95%CE%BB%CE%BB%CE%B7%CE%BD%CE%B9%CE%BA%CE%AC+%CE%9C%CE%BF%CF%85%CF%83%CE%B9%CE%BA%CE%AC+%CE%92%CE%AF%CE%BD%CF%84%CE%B5%CE%BF+%CE%9A%CE%BB%CE%B9%CF%80+%CF%8C%CE%BB%CE%BF+%CF%84%CE%BF+24%CF%89%CF%81%CE%BF&amp;genre=%CE%9A%CE%B1%CE%BD%CE%AC%CE%BB%CE%B9%CE%B1+%CE%A4%CE%BF%CF%81%CF%8C%CE%BD%CF%84%CE%BF&amp;sf_options=fanart%3Dspecial%3A%2F%2Fhome%2Faddons%5Cplugin.video.AliveGR%5Cresources%5Cmedia%5Cfanart.jpg%26meta%3Dplot%253D%2525CE%252595%2525CE%2525BB%2525CE%2525BB%2525CE%2525B7%2525CE%2525BD%2525CE%2525B9%2525CE%2525BA%2525CE%2525AC%252B%2525CE%25259C%2525CE%2525BF%2525CF%252585%2525CF%252583%2525CE%2525B9%2525CE%2525BA%2525CE%2525AC%252B%2525CE%252592%2525CE%2525AF%2525CE%2525BD%2525CF%252584%2525CE%2525B5%2525CE%2525BF%252B%2525CE%25259A%2525CE%2525BB%2525CE%2525B9%2525CF%252580%252B%2525CF%25258C%2525CE%2525BB%2525CE%2525BF%252B%2525CF%252584%2525CE%2525BF%252B24%2525CF%252589%2525CF%252581%2525CE%2525BF%2526votes%253D0%2526title%253DBCI%252B24%252BNews%2526label%253DBCI%252B24%252BNews%2526year%253D2020%2526genre%253D%2525CE%25259A%2525CE%2525B1%2525CE%2525BD%2525CE%2525AC%2525CE%2525BB%2525CE%2525B9%2525CE%2525B1%252B%2525CE%2525A4%2525CE%2525BF%2525CF%252581%2525CF%25258C%2525CE%2525BD%2525CF%252584%2525CE%2525BF%26winID%3D10025%26desc%3D%CE%95%CE%BB%CE%BB%CE%B7%CE%BD%CE%B9%CE%BA%CE%AC+%CE%9C%CE%BF%CF%85%CF%83%CE%B9%CE%BA%CE%AC+%CE%92%CE%AF%CE%BD%CF%84%CE%B5%CE%BF+%CE%9A%CE%BB%CE%B9%CF%80+%CF%8C%CE%BB%CE%BF+%CF%84%CE%BF+24%CF%89%CF%81%CE%BF%26_options_sf&quot;)</favourite>
	<favourite name="CANNALI MUSIC" thumb="special://home/addons\resource.images.alivegr.logos\resources\logos\CANNALI WEB MUSIC.png">PlayMedia(&quot;plugin://plugin.video.AliveGR/?action=play&amp;url=http%3A%2F%2Flive.streams.ovh%3A1935%2Fcannali%2Fcannali%2Fplaylist.m3u8&amp;title=CANNALI+MUSIC&amp;image=special://home/addons%5Cresource.images.alivegr.logos%5Cresources%5Clogos%5CCANNALI+WEB+MUSIC.png&amp;plot=%CE%95%CE%BB%CE%BB%CE%B7%CE%BD%CE%B9%CE%BA%CE%AC+%CE%9C%CE%BF%CF%85%CF%83%CE%B9%CE%BA%CE%AC+%CE%92%CE%AF%CE%BD%CF%84%CE%B5%CE%BF+%CE%9A%CE%BB%CE%B9%CF%80+%CF%8C%CE%BB%CE%BF+%CF%84%CE%BF+24%CF%89%CF%81%CE%BF&amp;genre=%CE%9C%CE%BF%CF%85%CF%83%CE%B9%CE%BA%CE%AE&amp;sf_options=fanart%3Dspecial%3A%2F%2Fhome%2Faddons%5Cplugin.video.AliveGR%5Cresources%5Cmedia%5Cfanart.jpg%26meta%3Dplot%253D%2525CE%252595%2525CE%2525BB%2525CE%2525BB%2525CE%2525B7%2525CE%2525BD%2525CE%2525B9%2525CE%2525BA%2525CE%2525AC%252B%2525CE%25259C%2525CE%2525BF%2525CF%252585%2525CF%252583%2525CE%2525B9%2525CE%2525BA%2525CE%2525AC%252B%2525CE%252592%2525CE%2525AF%2525CE%2525BD%2525CF%252584%2525CE%2525B5%2525CE%2525BF%252B%2525CE%25259A%2525CE%2525BB%2525CE%2525B9%2525CF%252580%252B%2525CF%25258C%2525CE%2525BB%2525CE%2525BF%252B%2525CF%252584%2525CE%2525BF%252B24%2525CF%252589%2525CF%252581%2525CE%2525BF%2526votes%253D0%2526title%253DCANNALI%252BMUSIC%2526label%253DCANNALI%252BMUSIC%2526year%253D2020%2526genre%253D%2525CE%25259C%2525CE%2525BF%2525CF%252585%2525CF%252583%2525CE%2525B9%2525CE%2525BA%2525CE%2525AE%26winID%3D10025%26desc%3D%CE%95%CE%BB%CE%BB%CE%B7%CE%BD%CE%B9%CE%BA%CE%AC+%CE%9C%CE%BF%CF%85%CF%83%CE%B9%CE%BA%CE%AC+%CE%92%CE%AF%CE%BD%CF%84%CE%B5%CE%BF+%CE%9A%CE%BB%CE%B9%CF%80+%CF%8C%CE%BB%CE%BF+%CF%84%CE%BF+24%CF%89%CF%81%CE%BF%26_options_sf&quot;)</favourite>
	<favourite name="ALERT" thumb="special://home/addons\resource.images.alivegr.logos\resources\logos\ALERT TV.png">PlayMedia(&quot;plugin://plugin.video.AliveGR/?action=play&amp;url=https%3A%2F%2Fitv.streams.ovh%2FALEERT%2FALEERT%2Fplaylist.m3u8&amp;title=ALERT&amp;image=special://home/addons%5Cresource.images.alivegr.logos%5Cresources%5Clogos%5CALERT+TV.png&amp;plot=%CE%A7%CF%89%CF%81%CE%AF%CF%82+%CF%80%CE%BB%CE%B7%CF%81%CE%BF%CF%86%CE%BF%CF%81%CE%AF%CE%B5%CF%82&amp;genre=%CE%A4%CE%BF%CF%80%CE%B9%CE%BA%CE%AC&amp;sf_options=fanart%3Dspecial%3A%2F%2Fhome%2Faddons%5Cplugin.video.AliveGR%5Cresources%5Cmedia%5Cfanart.jpg%26meta%3Dplot%253D%2525CE%2525A7%2525CF%252589%2525CF%252581%2525CE%2525AF%2525CF%252582%252B%2525CF%252580%2525CE%2525BB%2525CE%2525B7%2525CF%252581%2525CE%2525BF%2525CF%252586%2525CE%2525BF%2525CF%252581%2525CE%2525AF%2525CE%2525B5%2525CF%252582%2526votes%253D0%2526title%253DALERT%2526label%253DALERT%2526year%253D2020%2526genre%253D%2525CE%2525A4%2525CE%2525BF%2525CF%252580%2525CE%2525B9%2525CE%2525BA%2525CE%2525AC%26winID%3D10025%26desc%3D%CE%A7%CF%89%CF%81%CE%AF%CF%82+%CF%80%CE%BB%CE%B7%CF%81%CE%BF%CF%86%CE%BF%CF%81%CE%AF%CE%B5%CF%82%26_options_sf&quot;)</favourite>
	<favourite name="ASTRA TV" thumb="special://home/addons\resource.images.alivegr.logos\resources\logos\ASTRA TV.png">PlayMedia(&quot;plugin://plugin.video.AliveGR/?action=play&amp;url=https%3A%2F%2Fwww.youtube.com%2Fchannel%2FUC_05V6bdX034GP6UdqWbF5Q%2Flive&amp;title=ASTRA+TV&amp;image=special://home/addons%5Cresource.images.alivegr.logos%5Cresources%5Clogos%5CASTRA+TV.png&amp;plot=%CE%A7%CF%89%CF%81%CE%AF%CF%82+%CF%80%CE%BB%CE%B7%CF%81%CE%BF%CF%86%CE%BF%CF%81%CE%AF%CE%B5%CF%82&amp;genre=%CE%A4%CE%BF%CF%80%CE%B9%CE%BA%CE%AC&amp;sf_options=fanart%3Dspecial%3A%2F%2Fhome%2Faddons%5Cplugin.video.AliveGR%5Cresources%5Cmedia%5Cfanart.jpg%26meta%3Dplot%253D%2525CE%2525A7%2525CF%252589%2525CF%252581%2525CE%2525AF%2525CF%252582%252B%2525CF%252580%2525CE%2525BB%2525CE%2525B7%2525CF%252581%2525CE%2525BF%2525CF%252586%2525CE%2525BF%2525CF%252581%2525CE%2525AF%2525CE%2525B5%2525CF%252582%2526votes%253D0%2526title%253DASTRA%252BTV%2526label%253DASTRA%252BTV%2526year%253D2020%2526genre%253D%2525CE%2525A4%2525CE%2525BF%2525CF%252580%2525CE%2525B9%2525CE%2525BA%2525CE%2525AC%26winID%3D10025%26desc%3D%CE%A7%CF%89%CF%81%CE%AF%CF%82+%CF%80%CE%BB%CE%B7%CF%81%CE%BF%CF%86%CE%BF%CF%81%CE%AF%CE%B5%CF%82%26_options_sf&quot;)</favourite>
	<favourite name="TRT TV" thumb="special://home/addons\resource.images.alivegr.logos\resources\logos\TRT.png">PlayMedia(&quot;plugin://plugin.video.AliveGR/?action=play&amp;url=http%3A%2F%2Ftrtstream.hellasnet.tv%3A1935%2Frest%2Ftrt2%2Fplaylist.m3u8&amp;title=TRT+TV&amp;image=special://home/addons%5Cresource.images.alivegr.logos%5Cresources%5Clogos%5CTRT.png&amp;plot=%CE%A7%CF%89%CF%81%CE%AF%CF%82+%CF%80%CE%BB%CE%B7%CF%81%CE%BF%CF%86%CE%BF%CF%81%CE%AF%CE%B5%CF%82&amp;genre=%CE%A4%CE%BF%CF%80%CE%B9%CE%BA%CE%AC&amp;sf_options=fanart%3Dspecial%3A%2F%2Fhome%2Faddons%5Cplugin.video.AliveGR%5Cresources%5Cmedia%5Cfanart.jpg%26meta%3Dplot%253D%2525CE%2525A7%2525CF%252589%2525CF%252581%2525CE%2525AF%2525CF%252582%252B%2525CF%252580%2525CE%2525BB%2525CE%2525B7%2525CF%252581%2525CE%2525BF%2525CF%252586%2525CE%2525BF%2525CF%252581%2525CE%2525AF%2525CE%2525B5%2525CF%252582%2526votes%253D0%2526title%253DTRT%252BTV%2526label%253DTRT%252BTV%2526year%253D2020%2526genre%253D%2525CE%2525A4%2525CE%2525BF%2525CF%252580%2525CE%2525B9%2525CE%2525BA%2525CE%2525AC%26winID%3D10025%26desc%3D%CE%A7%CF%89%CF%81%CE%AF%CF%82+%CF%80%CE%BB%CE%B7%CF%81%CE%BF%CF%86%CE%BF%CF%81%CE%AF%CE%B5%CF%82%26_options_sf&quot;)</favourite>
	<favourite name="KPHTH TV" thumb="special://home/addons\resource.images.alivegr.logos\resources\logos\KPHTH TV.png">PlayMedia(&quot;plugin://plugin.video.AliveGR/?action=play&amp;url=http%3A%2F%2Flive.cretetv.gr%3A1935%2Fcretetv%2FmyStream%2Fplaylist.m3u8&amp;title=KPHTH+TV&amp;image=special://home/addons%5Cresource.images.alivegr.logos%5Cresources%5Clogos%5CKPHTH+TV.png&amp;plot=%CE%A7%CF%89%CF%81%CE%AF%CF%82+%CF%80%CE%BB%CE%B7%CF%81%CE%BF%CF%86%CE%BF%CF%81%CE%AF%CE%B5%CF%82&amp;genre=%CE%A4%CE%BF%CF%80%CE%B9%CE%BA%CE%AC&amp;sf_options=fanart%3Dspecial%3A%2F%2Fhome%2Faddons%5Cplugin.video.AliveGR%5Cresources%5Cmedia%5Cfanart.jpg%26meta%3Dplot%253D%2525CE%2525A7%2525CF%252589%2525CF%252581%2525CE%2525AF%2525CF%252582%252B%2525CF%252580%2525CE%2525BB%2525CE%2525B7%2525CF%252581%2525CE%2525BF%2525CF%252586%2525CE%2525BF%2525CF%252581%2525CE%2525AF%2525CE%2525B5%2525CF%252582%2526votes%253D0%2526title%253DKPHTH%252BTV%2526label%253DKPHTH%252BTV%2526year%253D2020%2526genre%253D%2525CE%2525A4%2525CE%2525BF%2525CF%252580%2525CE%2525B9%2525CE%2525BA%2525CE%2525AC%26winID%3D10025%26desc%3D%CE%A7%CF%89%CF%81%CE%AF%CF%82+%CF%80%CE%BB%CE%B7%CF%81%CE%BF%CF%86%CE%BF%CF%81%CE%AF%CE%B5%CF%82%26_options_sf&quot;)</favourite>
</favourites>