<favourites>
	<favourite name="[B][COLOR white]AliveGR[/COLOR][/B]" thumb="special://home/addons\resource.images.alivegr.artwork\resources\alivegr\sports+alivegr.png">ActivateWindow(10025,&quot;plugin://plugin.video.AliveGR/?action=sports&amp;title=%ce%91%ce%b8%ce%bb%ce%b7%cf%84%ce%b9%ce%ba%ce%ac&amp;sf_options=fanart%3Dspecial%3A%2F%2Fhome%2Faddons%5Cplugin.video.AliveGR%5Cfanart.jpg%26meta%3Dvotes%253D0%2526label%253D%2525CE%252591%2525CE%2525B8%2525CE%2525BB%2525CE%2525B7%2525CF%252584%2525CE%2525B9%2525CE%2525BA%2525CE%2525AC%2526title%253D%2525CE%252591%2525CE%2525B8%2525CE%2525BB%2525CE%2525B7%2525CF%252584%2525CE%2525B9%2525CE%2525BA%2525CE%2525AC%26_options_sf&quot;,return)</favourite>
	<favourite name="[B][COLOR white]Novasports[/COLOR][/B]" thumb="special://home/addons\plugin.video.novasports.gr\icon.png">ActivateWindow(10025,&quot;plugin://plugin.video.novasports.gr/?sf_options=fanart%3Dspecial%3A%2F%2Fhome%2Faddons%5Cplugin.video.novasports.gr%5Cfanart.jpg%26meta%3Dlabel%253DNovasports.gr%26desc%3D%CE%92%CE%AF%CE%BD%CF%84%CE%B5%CE%BF+on+demand+%CE%BA%CE%B1%CE%B9+%CE%B5%CE%BA%CF%80%CE%BF%CE%BC%CF%80%CE%AD%CF%82+%CE%B1%CF%80%CF%8C+%CF%84%CE%BF+novasports.gr%26_options_sf&quot;,return)</favourite>
	<favourite name="[B][COLOR white]ErtFlix[/COLOR][/B]" thumb="special://home/addons\plugin.video.ert.gr\resources\media\sports.jpg">ActivateWindow(10025,&quot;plugin://plugin.video.ert.gr/?action=listing&amp;title=%ce%91%ce%b8%ce%bb%ce%b7%cf%84%ce%b9%ce%ba%ce%ac&amp;url=https%3a%2f%2fwww.ertflix.gr%2fcategory%2fathlitika%2f&amp;sf_options=fanart%3Dspecial%3A%2F%2Fhome%2Faddons%5Cplugin.video.ert.gr%5Cfanart.jpg%26meta%3Dvotes%253D0%2526label%253D%2525CE%252591%2525CE%2525B8%2525CE%2525BB%2525CE%2525B7%2525CF%252584%2525CE%2525B9%2525CE%2525BA%2525CE%2525AC%2526title%253D%2525CE%252591%2525CE%2525B8%2525CE%2525BB%2525CE%2525B7%2525CF%252584%2525CE%2525B9%2525CE%2525BA%2525CE%2525AC%26_options_sf&quot;,return)</favourite>
	<favourite name="[B][COLOR white]Atlas Αθλητικά[/COLOR][/B]" thumb="https://i.imgur.com/0Exal6r.png">ActivateWindow(10025,&quot;plugin://plugin.video.atlas/?description=%ce%91%ce%b3%cf%8e%ce%bd%ce%b5%cf%82%20%cf%83%ce%b5%20%ce%b5%cf%80%ce%b1%ce%bd%ce%ac%ce%bb%ce%b7%cf%88%ce%b7.%0aReplays%20full%20match.&amp;iconimage=https%3a%2f%2fi.imgur.com%2f0Exal6r.png&amp;mode=806&amp;name=%5bB%5d%5bCOLOR%20white%5d%ce%91%ce%b8%ce%bb%ce%b7%cf%84%ce%b9%ce%ba%ce%ac%5b%2fCOLOR%5d%5b%2fB%5d&amp;url=http%3a%2f%2fla8osapofash.com&amp;sf_options=fanart%3Dspecial%3A%2F%2Fhome%2Faddons%5Cplugin.video.atlas%5Cresources%5Cart%5Carrt.jpg%26meta%3Dplot%253D%2525CE%252591%2525CE%2525B3%2525CF%25258E%2525CE%2525BD%2525CE%2525B5%2525CF%252582%252B%2525CF%252583%2525CE%2525B5%252B%2525CE%2525B5%2525CF%252580%2525CE%2525B1%2525CE%2525BD%2525CE%2525AC%2525CE%2525BB%2525CE%2525B7%2525CF%252588%2525CE%2525B7.%25255CnReplays%252Bfull%252Bmatch.%2526votes%253D0%2526label%253D%25255BB%25255D%25255BCOLOR%252Bwhite%25255D%2525CE%252591%2525CE%2525B8%2525CE%2525BB%2525CE%2525B7%2525CF%252584%2525CE%2525B9%2525CE%2525BA%2525CE%2525AC%25255B%25252FCOLOR%25255D%25255B%25252FB%25255D%2526title%253D%25255BB%25255D%25255BCOLOR%252Bwhite%25255D%2525CE%252591%2525CE%2525B8%2525CE%2525BB%2525CE%2525B7%2525CF%252584%2525CE%2525B9%2525CE%2525BA%2525CE%2525AC%25255B%25252FCOLOR%25255D%25255B%25252FB%25255D%26desc%3D%CE%91%CE%B3%CF%8E%CE%BD%CE%B5%CF%82+%CF%83%CE%B5+%CE%B5%CF%80%CE%B1%CE%BD%CE%AC%CE%BB%CE%B7%CF%88%CE%B7.%0AReplays+full+match.%26_options_sf&quot;,return)</favourite>
	<favourite name="[B][COLOR white]Atlas Ομάδες[/COLOR][/B]" thumb="http://i.imgur.com/edOpGQt.png">ActivateWindow(10025,&quot;plugin://plugin.video.atlas/?description=%ce%9d%ce%ad%ce%b1%20%ce%b1%cf%80%cf%8c%20%cf%84%ce%b9%cf%82%20%ce%bf%ce%bc%ce%ac%ce%b4%ce%b5%cf%82%20%ce%b1%cf%80%cf%8c%20youtube.%0aNews%20from%20the%20greek%20teams%20from%20youtube.&amp;iconimage=http%3a%2f%2fi.imgur.com%2fedOpGQt.png&amp;mode=601&amp;name=%5bB%5d%5bCOLOR%20white%5d%ce%9f%ce%bc%ce%ac%ce%b4%ce%b5%cf%82%5b%2fCOLOR%5d%5b%2fB%5d&amp;url&amp;sf_options=fanart%3Dspecial%3A%2F%2Fhome%2Faddons%5Cplugin.video.atlas%5Cresources%5Cart%5Carrt.jpg%26meta%3Dplot%253D%2525CE%25259D%2525CE%2525AD%2525CE%2525B1%252B%2525CE%2525B1%2525CF%252580%2525CF%25258C%252B%2525CF%252584%2525CE%2525B9%2525CF%252582%252B%2525CE%2525BF%2525CE%2525BC%2525CE%2525AC%2525CE%2525B4%2525CE%2525B5%2525CF%252582%252B%2525CE%2525B1%2525CF%252580%2525CF%25258C%252Byoutube.%25255CnNews%252Bfrom%252Bthe%252Bgreek%252Bteams%252Bfrom%252Byoutube.%2526votes%253D0%2526label%253D%25255BB%25255D%25255BCOLOR%252Bwhite%25255D%2525CE%25259F%2525CE%2525BC%2525CE%2525AC%2525CE%2525B4%2525CE%2525B5%2525CF%252582%25255B%25252FCOLOR%25255D%25255B%25252FB%25255D%2526title%253D%25255BB%25255D%25255BCOLOR%252Bwhite%25255D%2525CE%25259F%2525CE%2525BC%2525CE%2525AC%2525CE%2525B4%2525CE%2525B5%2525CF%252582%25255B%25252FCOLOR%25255D%25255B%25252FB%25255D%26desc%3D%CE%9D%CE%AD%CE%B1+%CE%B1%CF%80%CF%8C+%CF%84%CE%B9%CF%82+%CE%BF%CE%BC%CE%AC%CE%B4%CE%B5%CF%82+%CE%B1%CF%80%CF%8C+youtube.%0ANews+from+the+greek+teams+from+youtube.%26_options_sf&quot;,return)</favourite>
	<favourite name="[B][COLOR white]Hermes[/COLOR][/B]" thumb="special://home/addons\plugin.image.TechNEWSology/resources/media/hermes.png">ActivateWindow(Videos,"plugin://plugin.video.atlas/?url=https%3A%2F%2Fraw.githubusercontent.com%2FHermesGR%2FHermes-Best-Greek-Moments%2Fmaster%2FGreekMoments.m3u&amp;mode=419&amp;name=Greek+Sports+Events+-+Full+Matches&amp;iconimage=https%3A%2F%2Fis1-ssl.mzstatic.com%2Fimage%2Fthumb%2FPurple60%2Fv4%2F92%2Fae%2Fe4%2F92aee442-6b32-0850-4f47-8c4f01792b29%2Fsource%2F256x256bb.jpg&amp;description=",return)</favourite>
</favourites>