<favourites>
	<favourite name="[B][COLOR white]PVR Stalker [B][COLOR orange](Click here and install it)[/COLOR][/B]" thumb="http://mirrors.kodi.tv/addons/leia/pvr.stalker+windows-i686/icon.png">InstallAddon(pvr.stalker)</favourite>
	<favourite name="[B][COLOR orange]Διαγραφή PVR Stalker[/COLOR][/B]" thumb="http://mirrors.kodi.tv/addons/leia/pvr.stalker+windows-i686/icon.png">RunScript("special://skin/16x9/StalkerDelete.py")</favourite>
	<favourite name="[B][COLOR orange]IPTV Κανάλια[COLOR FF007FFF]  GR Channels[/COLOR][/B]" thumb="https://lh3.googleusercontent.com/jNjAvVVL0qq_q5V013rFNSW1JGUlMjecOy7XiStTdizgUdtsgda83mh7-uH79IlJMQ=w300">ActivateWindow(TVChannels)</favourite>
	<favourite name="[B][COLORwhite]Greece Daily [COLOR lime]IPTV New[/COLOR][/B]" thumb="https://www.dailyiptvlist.com/wp-content/uploads/flags/gr-214x140.png">ActivateWindow(10025,&quot;plugin://plugin.video.live.streamspro/?iconimage=https%3a%2f%2fi.ibb.co%2fTmGdM3s%2fwtf.png&amp;mode=17&amp;regexs=%7bu%27genre%27%3a%20%7b%27listrepeat%27%3a%20u%27%5cn%20%20%20%20%3ctitle%3e%5bCOLOR%20lime%5d%5bgenre.param2%5d%5b%2fCOLOR%5d%3c%2ftitle%3e%5cn%20%20%20%20%3clink%3e%24doregex%5blists%5d%3c%2flink%3e%5cn%20%20%20%20%3cthumbnail%3e%5bgenre.param3%5d%3c%2fthumbnail%3e%5cn%20%20%20%20%27%2c%20%27expres%27%3a%20u%27(%3fs)%3carticle.%2b%3fhref%3d%22(%5b%5e%22%5d%2b)%22%5c%5cs%2atitle%3d%22(%5b%5e%22%5d%2b)%3f%5c%5cs(%3f%3adownload%7cdaily%7cfree%7cnew%7cm3u).%2b%3fsrc%3d%22(%5b%5e%22%5d%2b)%27%2c%20%27name%27%3a%20u%27genre%27%2c%20%27page%27%3a%20u%27http%3a%2f%2fwww.dailyiptvlist.com%2f%27%7d%2c%20u%27lists%27%3a%20%7b%27listrepeat%27%3a%20u%27%5cn%20%20%20%20%3ctitle%3e%5bCOLOR%20gold%5d%5blists.param2%5d%5b%2fCOLOR%5d%3c%2ftitle%3e%5cn%20%20%20%20%3clink%3eignoreme%3c%2flink%3e%5cn%20%20%20%20%3cexternallink%3e%5blists.param1%5d%24%24TSDOWNLOADER%24%24%3c%2fexternallink%3e%5cn%20%20%20%20%3cthumbnail%3e%5bgenre.param3%5d%3c%2fthumbnail%3e%5cn%20%20%20%20%27%2c%20%27expres%27%3a%20u%27%3ca%5c%5cs%2ahref%3d%22(%5b%5e%22%5d%2bm3u)%22%3e(%5b%5e%3c%5d%2b)%3c%2fa%3e%3c(%3f%3abr%7c%2fp)%27%2c%20%27referer%27%3a%20u%27http%3a%2f%2fwww.dailyiptvlist.com%2f%27%2c%20%27name%27%3a%20u%27lists%27%2c%20%27page%27%3a%20u%27%5bgenre.param1%5d%27%7d%7d&amp;url=%24doregex%5bgenre%5d&amp;sf_options=fanart%3Dhttps%3A%2F%2Fwebstuff.co.il%2Fuploads%2Fimages%2Farticles%2Fpic-100.jpg%26meta%3Dvotes%253D0%2526label%253D%25255BB%25255D%25255BCOLOR%252Baqua%25255D%2525E2%252580%2525A2%25255B%25252FCOLOR%25255D%25255BCOLOR%252Byellow%25255D%2525E2%252580%2525A2%25255B%25252FCOLOR%25255D%25255BCOLORblue%25255D%252BDaily%252BIPTV%252BList%25255B%25252FCOLOR%25255D%25255BCOLORlime%25255D%252B%252528%25255B%25252FCOLOR%25255D%25255BCOLORred%25255D%252Bopt-1%252B%25255B%25252FCOLOR%25255D%25255BCOLORlime%25255D%252529%252B%25255B%25252FCOLOR%25255D%25255BCOLOR%252Byellow%25255D%2525E2%252580%2525A2%25255B%25252FCOLOR%25255D%25255BCOLOR%252Baqua%25255D%2525E2%252580%2525A2%25255B%25252FCOLOR%25255D%25255B%25252FB%25255D%2526title%253D%25255BB%25255D%25255BCOLOR%252Baqua%25255D%2525E2%252580%2525A2%25255B%25252FCOLOR%25255D%25255BCOLOR%252Byellow%25255D%2525E2%252580%2525A2%25255B%25252FCOLOR%25255D%25255BCOLORblue%25255D%252BDaily%252BIPTV%252BList%25255B%25252FCOLOR%25255D%25255BCOLORlime%25255D%252B%252528%25255B%25252FCOLOR%25255D%25255BCOLORred%25255D%252Bopt-1%252B%25255B%25252FCOLOR%25255D%25255BCOLORlime%25255D%252529%252B%25255B%25252FCOLOR%25255D%25255BCOLOR%252Byellow%25255D%2525E2%252580%2525A2%25255B%25252FCOLOR%25255D%25255BCOLOR%252Baqua%25255D%2525E2%252580%2525A2%25255B%25252FCOLOR%25255D%25255B%25252FB%25255D%26_options_sf&quot;,return)</favourite>
	<favourite name="[B][COLOR lime] European M3u Iptv [/COLOR][/B]" thumb="DefaultVideo.png">ActivateWindow(10025,&quot;plugin://plugin.video.live.streamspro/?mode=17&amp;regexs=%7bu%27list%27%3a%20%7b%27listrepeat%27%3a%20u%27%5cn%3ctitle%3e%20%20%5bCOLOR%20lime%5d%20%5blist.param2%5d%20%20%5b%2fCOLOR%5d%3c%2ftitle%3e%5cn%3clink%3eNA%3c%2flink%3e%5cn%3cexternallink%3e%5blist.param1%5d%24%24TSDOWNLOADER%24%24%3c%2fexternallink%3e%5cn%27%2c%20%27expres%27%3a%20u%27%3ca%20href%3d%22(.%2a%3f)%22%3eDownload(.%2a%3f)%3c%2fa%3e%27%2c%20%27name%27%3a%20u%27list%27%2c%20%27page%27%3a%20u%27http%5bleg.param1%5d%27%7d%2c%20u%27leg%27%3a%20%7b%27listrepeat%27%3a%20u%27%5cn%3ctitle%3e%20%5bCOLOR%20lime%5d%20%5bleg.param2%5d%20%20%5b%2fCOLOR%5d%3c%2ftitle%3e%5cn%3clink%3e%24doregex%5blist%5d%3c%2flink%3e%5cn%27%2c%20%27expres%27%3a%20u%27(%3fs)%3ch2%20class%3d%22post-title%22.%2b%3fhref%3d%22https(.%2b%3f)%22%3e(.%2b%3f)%3c%2fa%3e%27%2c%20%27name%27%3a%20u%27leg%27%2c%20%27page%27%3a%20u%27https%3a%2f%2fwww.dailyiptvlist.com%2feuropean-m3u-iptv%2f%27%7d%7d&amp;url=%24doregex%5bleg%5d&amp;sf_options=meta%3Dvotes%253D0%2526label%253D%252B%25255BCOLOR%252Blime%25255D%252BEuropean%252BM3u%252BIptv%252B%25255B%25252FCOLOR%25255D%2526title%253D%25255BCOLOR%252Blime%25255D%252BEuropean%252BM3u%252BIptv%252B%25255B%25252FCOLOR%25255D%26_options_sf&quot;,return)</favourite>
	<favourite name="[B][COLORwhite]tvOne11 Greece[/COLOR][/B]" thumb="special://home/addons\plugin.video.tvone11\icon.png">ActivateWindow(10025,&quot;plugin://plugin.video.tvone11/?sf_options=meta%3Dlabel%253DtvOne11%26_options_sf&quot;,return)</favourite>
	<favourite name="[B][COLORwhite]IPTV Dailylist[/COLOR][/B]" thumb="https://lh3.googleusercontent.com/r4dmeeUHldrCTrbCytHi0sGC0FWpE67yQvrQHy_Tkq7-JnhXEoi--843irMLHNVeBYA=w170">ActivateWindow(10025,&quot;plugin://plugin.program.super.favourites/?cmd=ActivateWindow(10025%2c%22plugin%3a%2f%2fplugin.video.iptvts%2f%3fmode%3d13%26name%3dIPTV%2520Dailylist%26url%3dhttps%253a%252f%252fwww.dailyiptvlist.com%252f%26sf_options%3dfanart%253Dspecial%253A%252F%252Fhome%252Faddons%255Cplugin.video.iptvts%255Cfanart.jpg%2526meta%253Dvotes%25253D0%252526label%25253DIPTV%25252BDailylist%252526title%25253DIPTV%25252BDailylist%2526_options_sf%22%2creturn)&amp;content_type&amp;fanart=special%3a%2f%2fhome%2faddons%5cplugin.video.iptvts%5cfanart.jpg&amp;image=https%3a%2f%2flh3.googleusercontent.com%2fr4dmeeUHldrCTrbCytHi0sGC0FWpE67yQvrQHy_Tkq7-JnhXEoi--843irMLHNVeBYA%3dw170&amp;label=IPTV%20Dailylist&amp;mode=650&amp;sf_options=fanart%3Dspecial%3A%2F%2Fhome%2Faddons%5Cplugin.video.iptvts%5Cfanart.jpg%26meta%3Dvotes%253D0%2526label%253DIPTV%252BDailylist%2526title%253DIPTV%252BDailylist%26_options_sf&quot;,return)</favourite>
	<favourite name="[B][COLORwhite]Ζωντανή Τηλεόραση AliveGR[/COLOR][/B]" thumb="special://home/addons\resource.images.alivegr.artwork\resources\alivegr\monitor+alivegr.png">ActivateWindow(10025,&quot;plugin://plugin.video.AliveGR/?action=live_tv&amp;title=%ce%96%cf%89%ce%bd%cf%84%ce%b1%ce%bd%ce%ae%20%ce%a4%ce%b7%ce%bb%ce%b5%cf%8c%cf%81%ce%b1%cf%83%ce%b7&amp;sf_options=fanart%3Dspecial%3A%2F%2Fhome%2Faddons%5Cplugin.video.AliveGR%5Cfanart.jpg%26meta%3Dvotes%253D0%2526label%253D%2525CE%252596%2525CF%252589%2525CE%2525BD%2525CF%252584%2525CE%2525B1%2525CE%2525BD%2525CE%2525AE%252B%2525CE%2525A4%2525CE%2525B7%2525CE%2525BB%2525CE%2525B5%2525CF%25258C%2525CF%252581%2525CE%2525B1%2525CF%252583%2525CE%2525B7%2526title%253D%2525CE%252596%2525CF%252589%2525CE%2525BD%2525CF%252584%2525CE%2525B1%2525CE%2525BD%2525CE%2525AE%252B%2525CE%2525A4%2525CE%2525B7%2525CE%2525BB%2525CE%2525B5%2525CF%25258C%2525CF%252581%2525CE%2525B1%2525CF%252583%2525CE%2525B7%26_options_sf&quot;,return)</favourite>
	<favourite name="[B][COLORwhite]Ελληνικά κανάλια IPTV[/COLOR][/B]" thumb="special://home/addons\plugin.image.TechNEWSology/resources/media\gr.png">ActivateWindow(10025,&quot;plugin://plugin.video.live.streamspro/?fanart=special://home/addons%5cplugin.video.live.streamspro%5cfanart.jpg&amp;mode=1&amp;name=GR%20Chan&amp;url=https%3a%2f%2fraw.githubusercontent.com%2ffree-greek-iptv%2fgreek-iptv%2fmaster%2fandroid.m3u%3ffbclid%3dIwAR1am7WafBBVF0bDs7HoVz0G5dkMaj2zptGLLewM7xTeE1qTnh6Qs07OR3g&amp;sf_options=fanart%3Dspecial%3A%2F%2Fhome%2Faddons%5Cplugin.video.live.streamspro%5Cfanart.jpg%26meta%3Dvotes%253D0%2526label%253DGR%252BChan%2526title%253DGR%252BChan%26_options_sf&quot;,return)</favourite>
	<favourite name="[B][COLORwhite]PavooTV Greece[/COLOR][/B]" thumb="http://pavootv.com/PavooTvLogo/icon%202.png">ActivateWindow(10025,&quot;plugin://plugin.video.live.streamspro/?fanart=http%3a%2f%2fkodibalkan.com%2fIPTVROBINHOOD%2fTvLogo%2fIPTVLOGO%2fRobinHoodTv.png&amp;mode=1&amp;name=%5bB%5d%20%5bI%5d%20%5bCOLOR%20red%5dGR-GRCKA%5bB%5d%20%5bI%5d%20%5bCOLOR%20white%5dLIVE%20TV%5b%2fB%5d%20%5b%2fI%5d%20%5b%2fCOLOR%5d&amp;url=http%3a%2f%2fpavootv.com%2fPAVOOTV%2fGRCKA%2fmenu.xml&amp;sf_options=fanart%3Dhttp%3A%2F%2Fkodibalkan.com%2FIPTVROBINHOOD%2FTvLogo%2FIPTVLOGO%2FRobinHoodTv.png%26meta%3Dvotes%253D0%2526label%253D%25255BB%25255D%252B%25255BI%25255D%252B%25255BCOLOR%252Bred%25255DGR-GRCKA%25255BB%25255D%252B%25255BI%25255D%252B%25255BCOLOR%252Bwhite%25255DLIVE%252BTV%25255B%25252FB%25255D%252B%25255B%25252FI%25255D%252B%25255B%25252FCOLOR%25255D%2526title%253D%25255BB%25255D%252B%25255BI%25255D%252B%25255BCOLOR%252Bred%25255DGR-GRCKA%25255BB%25255D%252B%25255BI%25255D%252B%25255BCOLOR%252Bwhite%25255DLIVE%252BTV%25255B%25252FB%25255D%252B%25255B%25252FI%25255D%252B%25255B%25252FCOLOR%25255D%26_options_sf&quot;,return)</favourite>
	<favourite name="[B][COLORwhite]RobinHood Greece[/COLOR][/B]" thumb="https://media.gettyimages.com/videos/rendering-flag-of-greece-video-id945960730?s=640x640">ActivateWindow(10025,&quot;plugin://plugin.video.live.streamspro/?fanart=http%3a%2f%2frtvuzivo.net%2frobinhood%2fslike%2fkodiadd-ons.jpg&amp;mode=1&amp;name=%5bB%5d%20%5bI%5d%20%5bCOLOR%20blue%5dGR-GRACE%20%5bB%5d%20%5bI%5d%20%5bCOLOR%20white%5dLIVE%20%5bB%5d%20%5bI%5d%20%5bCOLOR%20blue%5dTV%5b%2fB%5d%20%5b%2fI%5d%20%5b%2fCOLOR%5d&amp;url=http%3a%2f%2fkodibalkan.com%2fMenuWorld%2fGREECE%2fmenu.xml&amp;sf_options=fanart%3Dhttp%3A%2F%2Frtvuzivo.net%2Frobinhood%2Fslike%2Fkodiadd-ons.jpg%26meta%3Dvotes%253D0%2526label%253D%25255BB%25255D%252B%25255BI%25255D%252B%25255BCOLOR%252Bblue%25255DGR-GRACE%252B%25255BB%25255D%252B%25255BI%25255D%252B%25255BCOLOR%252Bwhite%25255DLIVE%252B%25255BB%25255D%252B%25255BI%25255D%252B%25255BCOLOR%252Bblue%25255DTV%25255B%25252FB%25255D%252B%25255B%25252FI%25255D%252B%25255B%25252FCOLOR%25255D%2526title%253D%25255BB%25255D%252B%25255BI%25255D%252B%25255BCOLOR%252Bblue%25255DGR-GRACE%252B%25255BB%25255D%252B%25255BI%25255D%252B%25255BCOLOR%252Bwhite%25255DLIVE%252B%25255BB%25255D%252B%25255BI%25255D%252B%25255BCOLOR%252Bblue%25255DTV%25255B%25252FB%25255D%252B%25255B%25252FI%25255D%252B%25255B%25252FCOLOR%25255D%26_options_sf&quot;,return)</favourite>
</favourites>