{
    "name" : "[B][COLOR orange]Fmoviesto[/COLOR][/B]",
    "plugin"            : "plugin.video.fmoviesto",
    "api_language"      : "en-US",
    "priority"          : 170,
    "is_resolvable"     : "true",
    "play_movie"      : [
                            "plugin://plugin.video.fmoviesto/?mode=search",
                            {"keyboard": "{clearname} {year}"},
                            {"dialog": "clearname"},
                            {"dialog": "clearname"}
                          ],
    "play_episode"    : [
                            "plugin://plugin.video.fmoviesto/?mode=search",
                            {"keyboard": "{clearname} {year}"},
                            {"dialog": "clearname"},
                            {"dialog": "clearname"}
                          ]
}
