{
    "name" : "[B][COLOR orange]TvSeriesVideo[/COLOR][/B]",
    "plugin"            : "plugin.video.tvseriesvideo",
    "api_language"      : "en-US",
    "priority"          : 170,
    "is_resolvable"     : "true",
    "play_episode"    : [
                            "plugin://plugin.video.tvseriesvideo/?mode=search",
                            {"keyboard": "{clearname}"},
                            {"dialog": "clearname"},
                            {"dialog": "clearname"}
                          ]
}
