<favourites>
    <favourite name="[B][COLORwhite]Music Channels[/COLOR][/B]" thumb="special://home/addons\plugin.image.TechNEWSology/resources/media\MTV.jpg">ActivateWindow(videos,&quot;plugin://plugin.program.super.favourites/?label=Music+Channels&amp;mode=400&amp;path=special%3A%2F%2Fhome%2Faddons%2Fplugin.program.super.favourites%2Ffolders%5CSuper+Favourites%5CMusic+Channels&amp;image=special%3A%2F%2Fhome%2Faddons%5Cicon+TechNEWSology%5CTVONE.png&amp;fanart=special://home/addons%5Cplugin.program.super.favourites%5Cfanart.jpg&amp;content_type=&quot;,return)</favourite>
	<favourite name="[B][COLORwhite]EntexnaGR[/COLOR][/B]" thumb="special://home/addons\plugin.video.EntexnaGr\fanart.jpg">ActivateWindow(videos,&quot;plugin://plugin.video.EntexnaGr&quot;,return)</favourite>
	<favourite name="[B][COLORwhite]Ελληνικά κλιπ[/COLOR][/B]" thumb="special://home/addons\plugin.image.TechNEWSology/resources/media\ell.jpg">ActivateWindow(videos,&quot;plugin://plugin.video.greek&quot;,return)</favourite>
	<favourite name="[B][COLORwhite]E-RADIO[/COLOR][/B]" thumb="special://home/addons\plugin.image.TechNEWSology/resources/media\eradio.jpg">ActivateWindow(10025,&quot;plugin://plugin.audio.eradio.gr/?sf_options=fanart%3Dspecial%3A%2F%2Fhome%2Faddons%5Cplugin.video.AliveGR%5Cfanart.jpg%26meta%3Dvotes%253D0%2526label%253DE-RADIO%252BADDON%2526title%253DE-RADIO%252BADDON%26_options_sf&quot;,return)</favourite>
	<favourite name="[B][COLORwhite]Atlas[/COLOR][/B]" thumb="special://home/addons\plugin.image.TechNEWSology/resources/media\ATLAS.jpg">ActivateWindow(videos,&quot;plugin://plugin.video.atlas/?url=&amp;mode=73&amp;name=%5BB%5D%5BCOLOR+white%5D%CE%9C%CE%BF%CF%85%CF%83%CE%B9%CE%BA%CE%AE%5B%2FCOLOR%5D%5B%2FB%5D&amp;iconimage=http%3A%2F%2Fi.imgur.com%2FPYWFxS3.png&amp;description=%CE%9C%CE%BF%CF%85%CF%83%CE%B9%CE%BA%CE%AE+%CE%B1%CF%80%CF%8C+youtube.%0AMusic+from+youtube.&quot;,return)</favourite>
	<favourite name="[B][COLORwhite]AliveGR[/COLOR][/B]" thumb="special://home/addons\plugin.image.TechNEWSology/resources/media\alive2.jpg">ActivateWindow(videos,&quot;plugin://plugin.video.AliveGR/?action=music&amp;title=%CE%9C%CE%BF%CF%85%CF%83%CE%B9%CE%BA%CE%AE&quot;,return)</favourite>
	<favourite name="[B][COLORwhite]Mavericks Music[/COLOR][/B]" thumb="special://home/addons\plugin.image.TechNEWSology/resources/media\attheflix.jpg">ActivateWindow(videos,&quot;plugin://plugin.video.AtTheFlix/?mode=get_list&amp;url=https%3A%2F%2Fpastebin.com%2Fraw%2FK27J9kjs&amp;name=%5BCOLOR+red%5D%5BB%5DMavericks+Music+Mix%5B%2FB%5D%5B%2FCOLOR%5D&amp;iconimage=https%3A%2F%2Fi.imgur.com%2FgniHdXx.jpg&amp;fanart=https%3A%2F%2Fi.imgur.com%2FJTwgLfz.jpg&amp;description=No+information+available&quot;,return)</favourite>
	<favourite name="[B][COLORwhite]Magic Dragon[/COLOR][/B]" thumb="special://home/addons\plugin.image.TechNEWSology/resources/media\magic.jpg">ActivateWindow(10025,&quot;plugin://plugin.video.themagicdragon/?fanart=https%3a%2f%2fimages2.alphacoders.com%2f121%2f121150.jpg&amp;mode=1&amp;name=%5bB%5d%5bI%5d%5bCOLORroyalblue%5dMusic%5b%2fB%5d%5b%2fI%5d%5b%2fCOLOR%5d&amp;url=http%3a%2f%2fsupremacy.org.uk%2ftombraider%2fdogsbollocks%2fmusic.txt&amp;sf_options=fanart%3Dhttps%3A%2F%2Fimages2.alphacoders.com%2F121%2F121150.jpg%26meta%3Dplot%253DHundreds%252BOf%252BDocumentarys%252BTo%252BChoose%252BFrom%2526votes%253D0%2526label%253D%25255BB%25255D%25255BI%25255D%25255BCOLORroyalblue%25255DMusic%25255B%25252FB%25255D%25255B%25252FI%25255D%25255B%25252FCOLOR%25255D%2526title%253D%25255BB%25255D%25255BI%25255D%25255BCOLORroyalblue%25255DMusic%25255B%25252FB%25255D%25255B%25252FI%25255D%25255B%25252FCOLOR%25255D%26desc%3DHundreds+Of+Documentarys+To+Choose+From%26_options_sf&quot;,return)</favourite>
	<favourite name="[B][COLORwhite]Magic Dragon Radio[/COLOR][/B]" thumb="special://home/addons\plugin.image.TechNEWSology/resources/media\magic.jpg">ActivateWindow(10025,&quot;plugin://plugin.video.themagicdragon/?fanart=https%3a%2f%2fimages2.alphacoders.com%2f121%2f121150.jpg&amp;mode=1&amp;name=%5bB%5d%5bI%5d%5bCOLORyellow%5dRadio%5b%2fB%5d%5b%2fI%5d%5b%2fCOLOR%5d&amp;url=http%3a%2f%2fsupremacy.org.uk%2ftombraider%2fdogsbollocks%2fradio.txt&amp;sf_options=fanart%3Dhttps%3A%2F%2Fimages2.alphacoders.com%2F121%2F121150.jpg%26meta%3Dplot%253DHundreds%252BOf%252BDocumentarys%252BTo%252BChoose%252BFrom%2526votes%253D0%2526label%253D%25255BB%25255D%25255BI%25255D%25255BCOLORyellow%25255DRadio%25255B%25252FB%25255D%25255B%25252FI%25255D%25255B%25252FCOLOR%25255D%2526title%253D%25255BB%25255D%25255BI%25255D%25255BCOLORyellow%25255DRadio%25255B%25252FB%25255D%25255B%25252FI%25255D%25255B%25252FCOLOR%25255D%26desc%3DHundreds+Of+Documentarys+To+Choose+From%26_options_sf&quot;,return)</favourite>
    <favourite name="[B][COLORwhite]7of9 Radio[/COLOR][/B]" thumb="special://home/addons\plugin.image.TechNEWSology/resources/media\7OF9.jpg">ActivateWindow(videos,&quot;plugin://plugin.video.7of9/?mode=get_list&amp;url=http%3A%2F%2Fm3u.xyz%2Fjen%2F7of9%2Foldtimeradio.php&amp;name=%5BCOLOR+ffffffFFFFFF%5D%5BB%5D%5BCOLOR+orange%5DClassic+Radio+Theater%5B%2FCOLOR%5D%5B%2FB%5D%5B%2FCOLOR%5D&amp;iconimage=C%3A%5CUsers%5CBuilds%5CAppData%5CRoaming%5CKodi%5Caddons%5Cplugin.video.7of9%5Cicon.png&amp;fanart=C%3A%5CUsers%5CBuilds%5CAppData%5CRoaming%5CKodi%5Caddons%5Cplugin.video.7of9%5Cfanart.jpg&amp;description=No+information+available&quot;,return)</favourite>
    <favourite name="[B][COLORwhite]7of9[/COLOR][/B]" thumb="special://home/addons\plugin.image.TechNEWSology/resources/media\7OF9.jpg">ActivateWindow(videos,&quot;plugin://plugin.video.7of9/?mode=get_list&amp;url=http%3A%2F%2Fm3u.xyz%2Fjen%2F7of9%2Fmusic.php&amp;name=%5BCOLOR+ffffffFFFFFF%5D%5BB%5D%5BCOLOR+orange%5DMusic%5B%2FCOLOR%5D%5B%2FB%5D%5B%2FCOLOR%5D&amp;iconimage=C%3A%5CUsers%5CBuilds%5CAppData%5CRoaming%5CKodi%5Caddons%5Cplugin.video.7of9%5Cicon.png&amp;fanart=C%3A%5CUsers%5CBuilds%5CAppData%5CRoaming%5CKodi%5Caddons%5Cplugin.video.7of9%5Cfanart.jpg&amp;description=No+information+available&quot;,return)</favourite>
</favourites>