<favourites>
	<favourite name="[B][COLOR orange]•[/COLOR][/B] [B][COLORwhite]Trailers[/COLOR][/B]" thumb="https://www.sunsoft.gr/wp-content/uploads/2017/06/Village-Cinema.jpg">ActivateWindow(10025,&quot;plugin://plugin.video.atlas/?description=%ce%a4%cf%81%ce%ad%ce%b9%ce%bb%ce%b5%cf%81%20%ce%bc%ce%b5%20%cf%85%cf%80%cf%8c%cf%84%ce%b9%cf%84%ce%bb%ce%bf%cf%85%cf%82.%0aTrailers%20with%20greek%20soubs.&amp;iconimage=https%3a%2f%2fi.imgur.com%2fCIx5iC8.png&amp;mode=801&amp;name=%5bB%5d%5bCOLOR%20white%5d%ce%a4%cf%81%ce%ad%ce%b9%ce%bb%ce%b5%cf%81%5b%2fCOLOR%5d%5b%2fB%5d&amp;url&amp;sf_options=fanart%3Dspecial%3A%2F%2Fhome%2Faddons%5Cplugin.video.atlas%5Cresources%5Cart%5Carrt.jpg%26meta%3Dplot%253D%2525CE%2525A4%2525CF%252581%2525CE%2525AD%2525CE%2525B9%2525CE%2525BB%2525CE%2525B5%2525CF%252581%252B%2525CE%2525BC%2525CE%2525B5%252B%2525CF%252585%2525CF%252580%2525CF%25258C%2525CF%252584%2525CE%2525B9%2525CF%252584%2525CE%2525BB%2525CE%2525BF%2525CF%252585%2525CF%252582.%25255CnTrailers%252Bwith%252Bgreek%252Bsoubs.%2526votes%253D0%2526label%253D%25255BB%25255D%25255BCOLOR%252Bwhite%25255D%2525CE%2525A4%2525CF%252581%2525CE%2525AD%2525CE%2525B9%2525CE%2525BB%2525CE%2525B5%2525CF%252581%25255B%25252FCOLOR%25255D%25255B%25252FB%25255D%2526title%253D%25255BB%25255D%25255BCOLOR%252Bwhite%25255D%2525CE%2525A4%2525CF%252581%2525CE%2525AD%2525CE%2525B9%2525CE%2525BB%2525CE%2525B5%2525CF%252581%25255B%25252FCOLOR%25255D%25255B%25252FB%25255D%26desc%3D%CE%A4%CF%81%CE%AD%CE%B9%CE%BB%CE%B5%CF%81+%CE%BC%CE%B5+%CF%85%CF%80%CF%8C%CF%84%CE%B9%CF%84%CE%BB%CE%BF%CF%85%CF%82.%0ATrailers+with+greek+soubs.%26_options_sf&quot;,return)</favourite>
	<favourite name="[B][COLOR orange]Λίστες Ταινιών[/COLOR][/B]" thumb="https://gknwizard.eu/repo/Builds/TechNEWsology/xml/icons/play.png">ActivateWindow(10025,&quot;plugin://plugin.video.placenta/?action=directory&amp;content=addons&amp;url=https%3a%2f%2fgknwizard.eu%2frepo%2fBuilds%2fTechNEWsology%2fxml%2f1%2fMovies%2fList.xml&amp;sf_options=fanart%3Dspecial%3A%2F%2Fhome%2Faddons%5Cplugin.video.placenta%5Cfanart.jpg%26meta%3Dvotes%253D0%2526label%253D%25255BCOLOR%252Bwhite%25255D%2525CE%25259B%2525CE%2525AF%2525CF%252583%2525CF%252584%2525CE%2525B5%2525CF%252582%252B%2525CE%2525A4%2525CE%2525B1%2525CE%2525B9%2525CE%2525BD%2525CE%2525B9%2525CF%25258E%2525CE%2525BD%25255B%25252FCOLOR%25255D%26_options_sf&quot;,return)</favourite>
	<favourite name="[COLOR orange]Tip: [COLORwhite]Επιλέγουμε βίντεο κάτω από 1G !![/COLOR]" thumb="none">none</favourite>
	<favourite name="[COLOR white]Οι Υπότιτλοι μπαίνουν χειροκίνητα[/COLOR]" thumb="none">none</favourite>
	<favourite name="[COLOR white]πατώντας πάνω δεξιά το κουμπί [/COLOR]" thumb="none">none</favourite>
	<favourite name="[B][COLOR orange]Subs - Λήψη [/COLOR][/B] [COLOR white]μετά την έναρξη της Ταινίας.[/COLOR]" thumb="none">none</favourite>
	<favourite name=" [B][COLOR white]•••[/COLOR][/B]  [B][COLOR orange]Δωρεά και Υποστήριξη Build[/COLOR][/B]  [B][COLORwhite]•••[/COLOR][/B]" thumb="special://home/addons\plugin.image.TechNEWSology/resources/media/pay.png">RunAddOn(script.TechNEWSology)</favourite>
</favourites>