<?xml version="1.0" encoding="UTF-8" standalone="yes"?>
<addon id="plugin.video.duffyou" name="Duff You" version="0.2.2a" provider-name="La Taberna">
    <requires>
        <import addon="script.module.six" version="1.11.0" />
        <import addon="script.module.simplecache" />
        <import addon="script.module.inputstreamhelper" version="0.5.0" />
    </requires>
    
    <extension point="xbmc.python.pluginsource" library="libs/plugin.py">
        <provides>video</provides>
    </extension>
	<extension point="xbmc.python.module" library="libs" />
    <extension point="xbmc.addon.metadata">
        <description>Hasta las narices de las apikeys de YouTube? Y de ver como calidad máxima los videos de la plataforma solo hasta 720p?[CR]Pues se acabó! Desde nuestra taberna os presentamos un nuevo addon de YouTube, donde no hace falta APIKEY alguna, ni tampoco hay ningún tipo de restricción para ver los videos a la máxima calidad ofrecida, 720p, 1080p, 2K y 4K![CR]Todo esto y mucho mas...</description>
        <disclaimer>Este es un software [COLOR red][B]gratuito[/B][/COLOR][CR][COLOR red][B]Pero no se permite[/B][/COLOR] su distribuición preinstalada en ningún tipo de dispositivo ni tampoco su inclusión total o parcial en cualquier paquete de software y/o hardware por el que el usuario final deba [COLOR red][B]pagar o hacer una donación[/B][/COLOR], por su adquisición, por su uso o por recibir asistencia.[CR]Si cree que alguna de estas normas no se está cumpliendo póngase en contacto con nosotros.</disclaimer>
        <platform>all</platform>
        <assets>
            <icon>icon.jpg</icon>
            <fanart>fanart.jpg</fanart>
        </assets>
        <license>[B]Este es un software gratuito[/B]</license>
        <news>- Añadida opción de reproducción externa de playlists[CR]- Correcciones menores
        </news>
    </extension>
</addon>
