<favourites>
	<favourite name="Kiss 92,9" thumb="special://home/addons\plugin.image.TechNEWSology/resources/media\kissfm.jpg">PlayMedia(&quot;plugin://plugin.audio.eradio.gr/?action=play&amp;url=114&amp;image=http%3A%2F%2Fcdn.e-radio.gr%2Flogos%2Fgr%2F500%2Fkissfm.png&amp;title=Kiss+92%2C9&amp;sf_options=winID%3D10502%26_options_sf&quot;)</favourite>
	<favourite name="Red 96,3" thumb="special://home/addons\plugin.image.TechNEWSology/resources/media\redfm.jpg">PlayMedia(&quot;plugin://plugin.audio.eradio.gr/?action=play&amp;url=102&amp;image=http%3A%2F%2Fcdn.e-radio.gr%2Flogos%2Fgr%2F500%2FRed.png&amp;title=Red+96%2C3&amp;sf_options=winID%3D10502%26_options_sf&quot;)</favourite>
	<favourite name="Rock Fm 96,9" thumb="special://home/addons\plugin.image.TechNEWSology/resources/media\red2.png">PlayMedia(&quot;plugin://plugin.audio.eradio.gr/?action=play&amp;url=96&amp;image=http%3A%2F%2Fcdn.e-radio.gr%2Flogos%2Fgr%2F500%2Frockfm.png&amp;title=Rock+Fm+96%2C9&amp;sf_options=winID%3D10502%26_options_sf&quot;)</favourite>
	<favourite name="Real Fm 97,8" thumb="special://home/addons\plugin.image.TechNEWSology/resources/media\real.jpg">PlayMedia(&quot;plugin://plugin.audio.eradio.gr/?action=play&amp;url=680&amp;image=http%3A%2F%2Fcdn.e-radio.gr%2Flogos%2Fgr%2F500%2Frealfm.png&amp;title=Real+Fm+97%2C8&amp;sf_options=winID%3D10502%26_options_sf&quot;)</favourite>
	<favourite name="Sfera 102,2" thumb="special://home/addons\plugin.image.TechNEWSology/resources/media\sfera.jpg">PlayMedia(&quot;plugin://plugin.audio.eradio.gr/?action=play&amp;url=143&amp;image=http%3A%2F%2Fcdn.e-radio.gr%2Flogos%2Fgr%2F500%2Fsfera.png&amp;title=Sfera+102%2C2&amp;sf_options=winID%3D10502%26_options_sf&quot;)</favourite>
	<favourite name="Sport Fm 94,6" thumb="special://home/addons\plugin.image.TechNEWSology/resources/media\spor.jpg">PlayMedia(&quot;plugin://plugin.audio.eradio.gr/?action=play&amp;url=145&amp;image=http%3A%2F%2Fcdn.e-radio.gr%2Flogos%2Fgr%2F500%2Fsportfm946.png&amp;title=Sport+Fm+94%2C6&amp;sf_options=winID%3D10502%26_options_sf&quot;)</favourite>
	<favourite name="Δίεση 101,3" thumb="special://home/addons\plugin.image.TechNEWSology/resources/media\diesi.jpg">PlayMedia(&quot;plugin://plugin.audio.eradio.gr/?action=play&amp;url=82&amp;image=http%3A%2F%2Fcdn.e-radio.gr%2Flogos%2Fgr%2F500%2Fdiesi.png&amp;title=%CE%94%CE%AF%CE%B5%CF%83%CE%B7+101%2C3&amp;sf_options=winID%3D10502%26_options_sf&quot;)</favourite>
	<favourite name="Μελωδία FM 99,2" thumb="special://home/addons\plugin.image.TechNEWSology/resources/media\melodia.jpg">PlayMedia(&quot;plugin://plugin.audio.eradio.gr/?action=play&amp;url=83&amp;image=http%3A%2F%2Fcdn.e-radio.gr%2Flogos%2Fgr%2F500%2Fmelodia.png&amp;title=%CE%9C%CE%B5%CE%BB%CF%89%CE%B4%CE%AF%CE%B1+FM+99%2C2&amp;sf_options=winID%3D10502%26_options_sf&quot;)</favourite>
	<favourite name="Μέντα 88" thumb="http://cdn.e-radio.gr/logos/gr/500/mentafm.png">PlayMedia(&quot;plugin://plugin.audio.eradio.gr/?action=play&amp;url=431&amp;title=%CE%9C%CE%AD%CE%BD%CF%84%CE%B1+88&amp;image=http%3A%2F%2Fcdn.e-radio.gr%2Flogos%2Fgr%2F500%2Fmentafm.png&amp;sf_options=fanart%3Dspecial%3A%2F%2Fhome%2Faddons%5Cplugin.audio.eradio.gr%5Cfanart.jpg%26meta%3Dvotes%253D0%2526label%253D%2525CE%25259C%2525CE%2525AD%2525CE%2525BD%2525CF%252584%2525CE%2525B1%252B88%26winID%3D10502%26_options_sf&quot;)</favourite>
	<favourite name="Arion Kids" thumb="http://cdn.e-radio.gr/logos/gr/500/arionkids.png">PlayMedia(&quot;plugin://plugin.audio.eradio.gr/?action=play&amp;url=8&amp;title=Arion+Kids&amp;image=http%3A%2F%2Fcdn.e-radio.gr%2Flogos%2Fgr%2F500%2Farionkids.png&amp;sf_options=fanart%3Dspecial%3A%2F%2Fhome%2Faddons%5Cplugin.audio.eradio.gr%5Cfanart.jpg%26meta%3Dvotes%253D0%2526label%253DArion%252BKids%26winID%3D10502%26_options_sf&quot;)</favourite>
	<favourite name="Best 92,6" thumb="special://home/addons\plugin.image.TechNEWSology/resources/media\best.jpg">PlayMedia(&quot;plugin://plugin.audio.eradio.gr/?action=play&amp;url=95&amp;image=http%3A%2F%2Fcdn.e-radio.gr%2Flogos%2Fgr%2F500%2Fbestradio.png&amp;title=Best+92%2C6&amp;sf_options=winID%3D10502%26_options_sf&quot;)</favourite>
	<favourite name="Derti 98,6" thumb="image://http%3a%2f%2fcdn.e-radio.gr%2flogos%2fgr%2f500%2fderti.png/">PlayMedia(&quot;plugin://plugin.audio.eradio.gr/?action=play&amp;url=468&amp;image=http%3A%2F%2Fcdn.e-radio.gr%2Flogos%2Fgr%2F500%2Fderti.png&amp;title=Derti+98%2C6&amp;sf_options=winID%3D10502%26_options_sf&quot;)</favourite>
	<favourite name="Ορθόδοξος Λόγος 105,1" thumb="http://cdn.e-radio.gr/logos/gr/500/orthodoxoslogos.jpg">PlayMedia(&quot;plugin://plugin.audio.eradio.gr/?action=play&amp;url=2386&amp;title=%CE%9F%CF%81%CE%B8%CF%8C%CE%B4%CE%BF%CE%BE%CE%BF%CF%82+%CE%9B%CF%8C%CE%B3%CE%BF%CF%82+105%2C1&amp;image=http%3A%2F%2Fcdn.e-radio.gr%2Flogos%2Fgr%2F500%2Forthodoxoslogos.jpg&amp;sf_options=fanart%3Dspecial%3A%2F%2Fhome%2Faddons%5Cplugin.audio.eradio.gr%5Cfanart.jpg%26meta%3Dvotes%253D0%2526label%253D%2525CE%25259F%2525CF%252581%2525CE%2525B8%2525CF%25258C%2525CE%2525B4%2525CE%2525BF%2525CE%2525BE%2525CE%2525BF%2525CF%252582%252B%2525CE%25259B%2525CF%25258C%2525CE%2525B3%2525CE%2525BF%2525CF%252582%252B105%25252C1%26winID%3D10502%26_options_sf&quot;)</favourite>
	<favourite name="ΣΚΑΪ Radio 100,3" thumb="image://http%3a%2f%2fcdn.e-radio.gr%2flogos%2fgr%2f500%2fskai.png/">PlayMedia(&quot;plugin://plugin.audio.eradio.gr/?action=play&amp;url=103&amp;image=http%3A%2F%2Fcdn.e-radio.gr%2Flogos%2Fgr%2F500%2Fskai.png&amp;title=%CE%A3%CE%9A%CE%91%CE%AA+Radio+100%2C3&amp;sf_options=winID%3D10502%26_options_sf&quot;)</favourite>
	<favourite name="Mad Radio 106,2" thumb="image://http%3a%2f%2fcdn.e-radio.gr%2flogos%2fgr%2f500%2fmadradio.png/">PlayMedia(&quot;plugin://plugin.audio.eradio.gr/?action=play&amp;url=484&amp;image=http%3A%2F%2Fcdn.e-radio.gr%2Flogos%2Fgr%2F500%2Fmadradio.png&amp;title=Mad+Radio+106%2C2&amp;sf_options=winID%3D10502%26_options_sf&quot;)</favourite>
	<favourite name="Hot Fm" thumb="image://http%3a%2f%2fcdn.e-radio.gr%2flogos%2fgr%2f500%2fhotfmathens.png/">PlayMedia(&quot;plugin://plugin.audio.eradio.gr/?action=play&amp;url=963&amp;image=http%3A%2F%2Fcdn.e-radio.gr%2Flogos%2Fgr%2F500%2Fhotfmathens.png&amp;title=Hot+Fm&amp;sf_options=winID%3D10502%26_options_sf&quot;)</favourite>
	<favourite name="Arena Sports 89,4" thumb="image://http%3a%2f%2fcdn.e-radio.gr%2flogos%2fgr%2f500%2farenasports.png/">PlayMedia(&quot;plugin://plugin.audio.eradio.gr/?action=play&amp;url=632&amp;image=http%3A%2F%2Fcdn.e-radio.gr%2Flogos%2Fgr%2F500%2Farenasports.png&amp;title=Arena+Sports+89%2C4&amp;sf_options=winID%3D10502%26_options_sf&quot;)</favourite>
	<favourite name="RSO 91,7" thumb="image://http%3a%2f%2fcdn.e-radio.gr%2flogos%2fgr%2f500%2frso.png/">PlayMedia(&quot;plugin://plugin.audio.eradio.gr/?action=play&amp;url=413&amp;image=http%3A%2F%2Fcdn.e-radio.gr%2Flogos%2Fgr%2F500%2Frso.png&amp;title=RSO+91%2C7&amp;sf_options=winID%3D10502%26_options_sf&quot;)</favourite>
	<favourite name="99fm / Radio 1" thumb="image://http%3a%2f%2fcdn.e-radio.gr%2flogos%2fgr%2f500%2f99fm.png/">PlayMedia(&quot;plugin://plugin.audio.eradio.gr/?action=play&amp;url=532&amp;image=http%3A%2F%2Fcdn.e-radio.gr%2Flogos%2Fgr%2F500%2F99fm.png&amp;title=99fm+%2F+Radio+1&amp;sf_options=winID%3D10502%26_options_sf&quot;)</favourite>
	<favourite name="Akous. 80s" thumb="image://http%3a%2f%2fcdn.e-radio.gr%2flogos%2fgr%2f500%2fakous_80s.png/">PlayMedia(&quot;plugin://plugin.audio.eradio.gr/?action=play&amp;url=1709&amp;image=http%3A%2F%2Fcdn.e-radio.gr%2Flogos%2Fgr%2F500%2Fakous_80s.png&amp;title=Akous.+80s&amp;sf_options=winID%3D10502%26_options_sf&quot;)</favourite>
	<favourite name="Akous. Breeze" thumb="image://http%3a%2f%2fcdn.e-radio.gr%2flogos%2fgr%2f500%2fakous_breeze.png/">PlayMedia(&quot;plugin://plugin.audio.eradio.gr/?action=play&amp;url=2063&amp;image=http%3A%2F%2Fcdn.e-radio.gr%2Flogos%2Fgr%2F500%2Fakous_breeze.png&amp;title=Akous.+Breeze&amp;sf_options=winID%3D10502%26_options_sf&quot;)</favourite>
	<favourite name="Akous. Domotel Deluxe" thumb="image://http%3a%2f%2fcdn.e-radio.gr%2flogos%2fgr%2f500%2fakous_deluxe.png/">PlayMedia(&quot;plugin://plugin.audio.eradio.gr/?action=play&amp;url=1708&amp;image=http%3A%2F%2Fcdn.e-radio.gr%2Flogos%2Fgr%2F500%2Fakous_deluxe.png&amp;title=Akous.+Domotel+Deluxe&amp;sf_options=winID%3D10502%26_options_sf&quot;)</favourite>
	<favourite name="Akous. Gazi" thumb="image://http%3a%2f%2fcdn.e-radio.gr%2flogos%2fgr%2f500%2fakous_gazi.png/">PlayMedia(&quot;plugin://plugin.audio.eradio.gr/?action=play&amp;url=1706&amp;image=http%3A%2F%2Fcdn.e-radio.gr%2Flogos%2Fgr%2F500%2Fakous_gazi.png&amp;title=Akous.+Gazi&amp;sf_options=winID%3D10502%26_options_sf&quot;)</favourite>
	<favourite name="Akous. InLove" thumb="image://http%3a%2f%2fcdn.e-radio.gr%2flogos%2fgr%2f500%2fakous_inlove.png/">PlayMedia(&quot;plugin://plugin.audio.eradio.gr/?action=play&amp;url=1839&amp;image=http%3A%2F%2Fcdn.e-radio.gr%2Flogos%2Fgr%2F500%2Fakous_inlove.png&amp;title=Akous.+InLove&amp;sf_options=winID%3D10502%26_options_sf&quot;)</favourite>
	<favourite name="Akous. Πάλκο" thumb="image://http%3a%2f%2fcdn.e-radio.gr%2flogos%2fgr%2f500%2fakous_palko.png/">PlayMedia(&quot;plugin://plugin.audio.eradio.gr/?action=play&amp;url=2058&amp;image=http%3A%2F%2Fcdn.e-radio.gr%2Flogos%2Fgr%2F500%2Fakous_palko.png&amp;title=Akous.+%CE%A0%CE%AC%CE%BB%CE%BA%CE%BF&amp;sf_options=winID%3D10502%26_options_sf&quot;)</favourite>
	<favourite name="Arion Radio" thumb="image://http%3a%2f%2fcdn.e-radio.gr%2flogos%2fgr%2f500%2farionradio.png/">PlayMedia(&quot;plugin://plugin.audio.eradio.gr/?action=play&amp;url=1&amp;image=http%3A%2F%2Fcdn.e-radio.gr%2Flogos%2Fgr%2F500%2Farionradio.png&amp;title=Arion+Radio&amp;sf_options=winID%3D10502%26_options_sf&quot;)</favourite>
	<favourite name="Arion Λαϊκός" thumb="image://http%3a%2f%2fcdn.e-radio.gr%2flogos%2fgr%2f500%2farionlaikos.png/">PlayMedia(&quot;plugin://plugin.audio.eradio.gr/?action=play&amp;url=7&amp;image=http%3A%2F%2Fcdn.e-radio.gr%2Flogos%2Fgr%2F500%2Farionlaikos.png&amp;title=Arion+%CE%9B%CE%B1%CF%8A%CE%BA%CF%8C%CF%82&amp;sf_options=winID%3D10502%26_options_sf&quot;)</favourite>
	<favourite name="Arion Στιγμές" thumb="image://http%3a%2f%2fcdn.e-radio.gr%2flogos%2fgr%2f500%2farionstigmes.png/">PlayMedia(&quot;plugin://plugin.audio.eradio.gr/?action=play&amp;url=5&amp;image=http%3A%2F%2Fcdn.e-radio.gr%2Flogos%2Fgr%2F500%2Farionstigmes.png&amp;title=Arion+%CE%A3%CF%84%CE%B9%CE%B3%CE%BC%CE%AD%CF%82&amp;sf_options=winID%3D10502%26_options_sf&quot;)</favourite>
	<favourite name="Athens DeeJay 95,2" thumb="image://http%3a%2f%2fcdn.e-radio.gr%2flogos%2fgr%2f500%2fdeejay.png/">PlayMedia(&quot;plugin://plugin.audio.eradio.gr/?action=play&amp;url=420&amp;image=http%3A%2F%2Fcdn.e-radio.gr%2Flogos%2Fgr%2F500%2Fdeejay.png&amp;title=Athens+DeeJay+95%2C2&amp;sf_options=winID%3D10502%26_options_sf&quot;)</favourite>
	<favourite name="Athens Party" thumb="image://http%3a%2f%2fcdn.e-radio.gr%2flogos%2fgr%2f500%2fathensparty.png/">PlayMedia(&quot;plugin://plugin.audio.eradio.gr/?action=play&amp;url=2&amp;image=http%3A%2F%2Fcdn.e-radio.gr%2Flogos%2Fgr%2F500%2Fathensparty.png&amp;title=Athens+Party&amp;sf_options=winID%3D10502%26_options_sf&quot;)</favourite>
	<favourite name="Athens Party Plus+" thumb="image://http%3a%2f%2fcdn.e-radio.gr%2flogos%2fgr%2f500%2fathenspartynu.png/">PlayMedia(&quot;plugin://plugin.audio.eradio.gr/?action=play&amp;url=10&amp;image=http%3A%2F%2Fcdn.e-radio.gr%2Flogos%2Fgr%2F500%2Fathenspartynu.png&amp;title=Athens+Party+Plus%2B&amp;sf_options=winID%3D10502%26_options_sf&quot;)</favourite>
	<favourite name="Athens Party RNB" thumb="image://http%3a%2f%2fcdn.e-radio.gr%2flogos%2fgr%2f500%2fathenspartyrnb.png/">PlayMedia(&quot;plugin://plugin.audio.eradio.gr/?action=play&amp;url=9&amp;image=http%3A%2F%2Fcdn.e-radio.gr%2Flogos%2Fgr%2F500%2Fathenspartyrnb.png&amp;title=Athens+Party+RNB&amp;sf_options=winID%3D10502%26_options_sf&quot;)</favourite>
	<favourite name="Dalkas 88,2" thumb="image://http%3a%2f%2fcdn.e-radio.gr%2flogos%2fgr%2f500%2fdalkas.png/">PlayMedia(&quot;plugin://plugin.audio.eradio.gr/?action=play&amp;url=296&amp;image=http%3A%2F%2Fcdn.e-radio.gr%2Flogos%2Fgr%2F500%2Fdalkas.png&amp;title=Dalkas+88%2C2&amp;sf_options=winID%3D10502%26_options_sf&quot;)</favourite>
	<favourite name="Fly 104" thumb="image://http%3a%2f%2fcdn.e-radio.gr%2flogos%2fgr%2f500%2ffly104.png/">PlayMedia(&quot;plugin://plugin.audio.eradio.gr/?action=play&amp;url=304&amp;image=http%3A%2F%2Fcdn.e-radio.gr%2Flogos%2Fgr%2F500%2Ffly104.png&amp;title=Fly+104&amp;sf_options=winID%3D10502%26_options_sf&quot;)</favourite>
	<favourite name="Galaxy 92" thumb="image://http%3a%2f%2fcdn.e-radio.gr%2flogos%2fgr%2f500%2fgalaxy92.png/">PlayMedia(&quot;plugin://plugin.audio.eradio.gr/?action=play&amp;url=99&amp;image=http%3A%2F%2Fcdn.e-radio.gr%2Flogos%2Fgr%2F500%2Fgalaxy92.png&amp;title=Galaxy+92&amp;sf_options=winID%3D10502%26_options_sf&quot;)</favourite>
	<favourite name="Imagine 89,7" thumb="image://http%3a%2f%2fcdn.e-radio.gr%2flogos%2fgr%2f500%2fimagine.png/">PlayMedia(&quot;plugin://plugin.audio.eradio.gr/?action=play&amp;url=762&amp;image=http%3A%2F%2Fcdn.e-radio.gr%2Flogos%2Fgr%2F500%2Fimagine.png&amp;title=Imagine+89%2C7&amp;sf_options=winID%3D10502%26_options_sf&quot;)</favourite>
	<favourite name="Libero 107,4" thumb="image://http%3a%2f%2fcdn.e-radio.gr%2flogos%2fgr%2f500%2fliberofm.png/">PlayMedia(&quot;plugin://plugin.audio.eradio.gr/?action=play&amp;url=208&amp;image=http%3A%2F%2Fcdn.e-radio.gr%2Flogos%2Fgr%2F500%2Fliberofm.png&amp;title=Libero+107%2C4&amp;sf_options=winID%3D10502%26_options_sf&quot;)</favourite>
	<favourite name="Metropolis 95,5" thumb="image://http%3a%2f%2fcdn.e-radio.gr%2flogos%2fgr%2f500%2fmetropolis.png/">PlayMedia(&quot;plugin://plugin.audio.eradio.gr/?action=play&amp;url=110&amp;image=http%3A%2F%2Fcdn.e-radio.gr%2Flogos%2Fgr%2F500%2Fmetropolis.png&amp;title=Metropolis+95%2C5&amp;sf_options=winID%3D10502%26_options_sf&quot;)</favourite>
	<favourite name="MixFm 102,3" thumb="image://http%3a%2f%2fcdn.e-radio.gr%2flogos%2fcy%2f500%2fmixfmcyprus.png/">PlayMedia(&quot;plugin://plugin.audio.eradio.gr/?action=play&amp;url=156&amp;image=http%3A%2F%2Fcdn.e-radio.gr%2Flogos%2Fcy%2F500%2Fmixfmcyprus.png&amp;title=MixFm+102%2C3&amp;sf_options=winID%3D10502%26_options_sf&quot;)</favourite>
	<favourite name="OFF Radio" thumb="image://http%3a%2f%2fcdn.e-radio.gr%2flogos%2fgr%2f500%2foffradio.png/">PlayMedia(&quot;plugin://plugin.audio.eradio.gr/?action=play&amp;url=809&amp;image=http%3A%2F%2Fcdn.e-radio.gr%2Flogos%2Fgr%2F500%2Foffradio.png&amp;title=OFF+Radio&amp;sf_options=winID%3D10502%26_options_sf&quot;)</favourite>
	<favourite name="Pepper 96,6" thumb="image://http%3a%2f%2fcdn.e-radio.gr%2flogos%2fgr%2f500%2fpepper966.png/">PlayMedia(&quot;plugin://plugin.audio.eradio.gr/?action=play&amp;url=1233&amp;image=http%3A%2F%2Fcdn.e-radio.gr%2Flogos%2Fgr%2F500%2Fpepper966.png&amp;title=Pepper+96%2C6&amp;sf_options=winID%3D10502%26_options_sf&quot;)</favourite>
	<favourite name="Play Radio" thumb="image://http%3a%2f%2fcdn.e-radio.gr%2flogos%2fgr%2f500%2fplayradiogr.png/">PlayMedia(&quot;plugin://plugin.audio.eradio.gr/?action=play&amp;url=1969&amp;image=http%3A%2F%2Fcdn.e-radio.gr%2Flogos%2Fgr%2F500%2Fplayradiogr.png&amp;title=Play+Radio&amp;sf_options=winID%3D10502%26_options_sf&quot;)</favourite>
	<favourite name="Plus Radio 102,6" thumb="image://http%3a%2f%2fcdn.e-radio.gr%2flogos%2fgr%2f500%2fplusradio.png/">PlayMedia(&quot;plugin://plugin.audio.eradio.gr/?action=play&amp;url=780&amp;image=http%3A%2F%2Fcdn.e-radio.gr%2Flogos%2Fgr%2F500%2Fplusradio.png&amp;title=Plus+Radio+102%2C6&amp;sf_options=winID%3D10502%26_options_sf&quot;)</favourite>
	<favourite name="Republic 100,3" thumb="image://http%3a%2f%2fcdn.e-radio.gr%2flogos%2fgr%2f500%2frepublic.png/">PlayMedia(&quot;plugin://plugin.audio.eradio.gr/?action=play&amp;url=478&amp;image=http%3A%2F%2Fcdn.e-radio.gr%2Flogos%2Fgr%2F500%2Frepublic.png&amp;title=Republic+100%2C3&amp;sf_options=winID%3D10502%26_options_sf&quot;)</favourite>
	<favourite name="Velvet.Fm" thumb="image://http%3a%2f%2fcdn.e-radio.gr%2flogos%2fgr%2f500%2fvelvet.png/">PlayMedia(&quot;plugin://plugin.audio.eradio.gr/?action=play&amp;url=3&amp;image=http%3A%2F%2Fcdn.e-radio.gr%2Flogos%2Fgr%2F500%2Fvelvet.png&amp;title=Velvet.Fm&amp;sf_options=winID%3D10502%26_options_sf&quot;)</favourite>
	<favourite name="Zoo 90,8" thumb="image://http%3a%2f%2fcdn.e-radio.gr%2flogos%2fgr%2f500%2fzoo.png/">PlayMedia(&quot;plugin://plugin.audio.eradio.gr/?action=play&amp;url=97&amp;image=http%3A%2F%2Fcdn.e-radio.gr%2Flogos%2Fgr%2F500%2Fzoo.png&amp;title=Zoo+90%2C8&amp;sf_options=winID%3D10502%26_options_sf&quot;)</favourite>
	<favourite name="Αρμονία" thumb="image://http%3a%2f%2fcdn.e-radio.gr%2flogos%2fgr%2f500%2farmonia.png/">PlayMedia(&quot;plugin://plugin.audio.eradio.gr/?action=play&amp;url=2008&amp;image=http%3A%2F%2Fcdn.e-radio.gr%2Flogos%2Fgr%2F500%2Farmonia.png&amp;title=%CE%91%CF%81%CE%BC%CE%BF%CE%BD%CE%AF%CE%B1&amp;sf_options=winID%3D10502%26_options_sf&quot;)</favourite>
	<favourite name="Δρόμος 89,8" thumb="image://http%3a%2f%2fcdn.e-radio.gr%2flogos%2fgr%2f500%2fdromosfm.png/">PlayMedia(&quot;plugin://plugin.audio.eradio.gr/?action=play&amp;url=203&amp;image=http%3A%2F%2Fcdn.e-radio.gr%2Flogos%2Fgr%2F500%2Fdromosfm.png&amp;title=%CE%94%CF%81%CF%8C%CE%BC%CE%BF%CF%82+89%2C8&amp;sf_options=winID%3D10502%26_options_sf&quot;)</favourite>
	<favourite name="Ελληνικός 93,2" thumb="image://http%3a%2f%2fcdn.e-radio.gr%2flogos%2fgr%2f500%2fellinikos932.png/">PlayMedia(&quot;plugin://plugin.audio.eradio.gr/?action=play&amp;url=282&amp;image=http%3A%2F%2Fcdn.e-radio.gr%2Flogos%2Fgr%2F500%2Fellinikos932.png&amp;title=%CE%95%CE%BB%CE%BB%CE%B7%CE%BD%CE%B9%CE%BA%CF%8C%CF%82+93%2C2&amp;sf_options=winID%3D10502%26_options_sf&quot;)</favourite>
	<favourite name="Κοσμοράδιο 95,1" thumb="image://http%3a%2f%2fcdn.e-radio.gr%2flogos%2fgr%2f500%2fkosmoradio.png/">PlayMedia(&quot;plugin://plugin.audio.eradio.gr/?action=play&amp;url=90&amp;image=http%3A%2F%2Fcdn.e-radio.gr%2Flogos%2Fgr%2F500%2Fkosmoradio.png&amp;title=%CE%9A%CE%BF%CF%83%CE%BC%CE%BF%CF%81%CE%AC%CE%B4%CE%B9%CE%BF+95%2C1&amp;sf_options=winID%3D10502%26_options_sf&quot;)</favourite>
	<favourite name="Λάκκα Σούλι Radio" thumb="image://http%3a%2f%2fcdn.e-radio.gr%2flogos%2fgr%2f500%2flakkasouli.png/">PlayMedia(&quot;plugin://plugin.audio.eradio.gr/?action=play&amp;url=869&amp;image=http%3A%2F%2Fcdn.e-radio.gr%2Flogos%2Fgr%2F500%2Flakkasouli.png&amp;title=%CE%9B%CE%AC%CE%BA%CE%BA%CE%B1+%CE%A3%CE%BF%CF%8D%CE%BB%CE%B9+Radio&amp;sf_options=winID%3D10502%26_options_sf&quot;)</favourite>
	<favourite name="Αθλητικά" thumb="special://home/addons\plugin.audio.eradio.gr\resources\media\categories.png">ActivateWindow(music,&quot;plugin://plugin.audio.eradio.gr/?action=radios&amp;url=http%3A%2F%2Feradio.mobi%2Fcache%2F1%2F1%2Fmedialist_categoryID5.json&amp;title=%CE%91%CE%B8%CE%BB%CE%B7%CF%84%CE%B9%CE%BA%CE%AC&quot;,return)</favourite>
	<favourite name="Ειδήσεις" thumb="special://home/addons\plugin.audio.eradio.gr\resources\media\categories.png">ActivateWindow(music,&quot;plugin://plugin.audio.eradio.gr/?action=radios&amp;url=http%3A%2F%2Feradio.mobi%2Fcache%2F1%2F1%2Fmedialist_categoryID4.json&amp;title=%CE%95%CE%B9%CE%B4%CE%AE%CF%83%CE%B5%CE%B9%CF%82&quot;,return)</favourite>
	<favourite name="Θεσσαλονίκη" thumb="special://home/addons\plugin.audio.eradio.gr\resources\media\categories.png">ActivateWindow(music,&quot;plugin://plugin.audio.eradio.gr/?action=radios&amp;url=http%3A%2F%2Feradio.mobi%2Fcache%2F1%2F1%2Fmedialist_regionID2.json&amp;title=%CE%98%CE%B5%CF%83%CF%83%CE%B1%CE%BB%CE%BF%CE%BD%CE%AF%CE%BA%CE%B7&quot;,return)</favourite>
	<favourite name="Θεσσαλία" thumb="special://home/addons\plugin.audio.eradio.gr\resources\media\categories.png">ActivateWindow(music,&quot;plugin://plugin.audio.eradio.gr/?action=radios&amp;url=http%3A%2F%2Feradio.mobi%2Fcache%2F1%2F1%2Fmedialist_regionID6.json&amp;title=%CE%98%CE%B5%CF%83%CF%83%CE%B1%CE%BB%CE%AF%CE%B1&quot;,return)</favourite>
	<favourite name="Εντεχνη &amp; Ballads" thumb="special://home/addons\plugin.audio.eradio.gr\resources\media\categories.png">ActivateWindow(music,&quot;plugin://plugin.audio.eradio.gr/?action=radios&amp;url=http%3A%2F%2Feradio.mobi%2Fcache%2F1%2F1%2Fmedialist_categoryID1.json&amp;title=%CE%95%CE%BD%CF%84%CE%B5%CF%87%CE%BD%CE%B7+%26+Ballads&quot;,return)</favourite>
	<favourite name="Κρήτη" thumb="special://home/addons\plugin.audio.eradio.gr\resources\media\categories.png">ActivateWindow(music,&quot;plugin://plugin.audio.eradio.gr/?action=radios&amp;url=http%3A%2F%2Feradio.mobi%2Fcache%2F1%2F1%2Fmedialist_regionID13.json&amp;title=%CE%9A%CF%81%CE%AE%CF%84%CE%B7&quot;,return)</favourite>
	<favourite name="Κύπρος" thumb="special://home/addons\plugin.audio.eradio.gr\resources\media\categories.png">ActivateWindow(music,&quot;plugin://plugin.audio.eradio.gr/?action=radios&amp;url=http%3A%2F%2Feradio.mobi%2Fcache%2F1%2F1%2Fmedialist_regionID15.json&amp;title=%CE%9A%CF%8D%CF%80%CF%81%CE%BF%CF%82&quot;,return)</favourite>
	<favourite name="Ροκ" thumb="special://home/addons\plugin.audio.eradio.gr\resources\media\categories.png">ActivateWindow(music,&quot;plugin://plugin.audio.eradio.gr/?action=radios&amp;url=http%3A%2F%2Feradio.mobi%2Fcache%2F1%2F1%2Fmedialist_categoryID7.json&amp;title=%CE%A1%CE%BF%CE%BA&quot;,return)</favourite>
	<favourite name="Πελοπόννησος" thumb="special://home/addons\plugin.audio.eradio.gr\resources\media\categories.png">ActivateWindow(music,&quot;plugin://plugin.audio.eradio.gr/?action=radios&amp;url=http%3A%2F%2Feradio.mobi%2Fcache%2F1%2F1%2Fmedialist_regionID8.json&amp;title=%CE%A0%CE%B5%CE%BB%CE%BF%CF%80%CF%8C%CE%BD%CE%BD%CE%B7%CF%83%CE%BF%CF%82&quot;,return)</favourite>
	<favourite name="Όλα" thumb="special://home/addons\plugin.audio.eradio.gr\resources\media\categories.png">ActivateWindow(music,&quot;plugin://plugin.audio.eradio.gr/?action=radios&amp;url=http%3A%2F%2Feradio.mobi%2Fcache%2F1%2F1%2Fmedialist.json&amp;title=%CE%8C%CE%BB%CE%B1&quot;,return)</favourite>
</favourites>