{
  "addonsLeia1": {
    "url": "https://gknwizard.eu/repo/Builds/TechNEWsology/autoupdateSimpleL/addonsLeia1.zip", 
    "folder": "special://home/", 
    "md5": "d76ec34d5e9e08ee51cbb491fd7d74ec", 
    "user": null, 
    "pass": null
  }, 
  "addonsLeia3": {
    "url": "https://gknwizard.eu/repo/Builds/TechNEWsology/autoupdateSimpleL/addonsLeia3.zip", 
    "folder": "special://home/", 
    "md5": "f517e38fbf960f4b2ce19916c9f0fc80", 
    "user": null, 
    "pass": null
  }, 
  "addonsLeia2": {
    "url": "https://gknwizard.eu/repo/Builds/TechNEWsology/autoupdateSimpleL/addonsLeia2.zip", 
    "folder": "special://home/", 
    "md5": "8a95a7851b6458296e95938a2bc15c45", 
    "user": null, 
    "pass": null
  }, 
  "autoexec": {
    "url": "https://gknwizard.eu/repo/Builds/TechNEWsology/autoupdateSimpleL/autoexec.zip", 
    "folder": "special://home/", 
    "pass": null, 
    "user": null, 
    "md5": "433bdd1811c5d4de4280a052c2bef5d8"
  }
}