<favourites>
	<favourite name="[B][COLORwhite]Greek Kids[/COLOR][/B]" thumb="special://home/addons\plugin.image.TechNEWSology/resources/media\kids channels.jpg">ActivateWindow(10025,&quot;plugin://plugin.program.simple.favourites/index_of/special%3A%2F%2Fprofile%2Faddon_data%2Fplugin.program.simple.favourites%2Ffolders%2FGreek+Kids+Channels%2F?sf_options=meta%3Dlabel%253DGreek%252BKids%252BChannels%26_options_sf&quot;,return)</favourite>
	<favourite name="[B][COLORwhite]TvONE[/COLOR][/B]" thumb="special://home/addons\plugin.image.TechNEWSology/resources/media\TVONE.png">ActivateWindow(10025,&quot;plugin://plugin.video.tvone/list_channels/7?sf_options=meta%3Dlabel%253DKids%26_options_sf&quot;,return)</favourite>
	<favourite name="[B][COLORwhite]TvONE11[/COLOR][/B]" thumb="special://home/addons\plugin.image.TechNEWSology/resources/media\TVONE11.png">ActivateWindow(10025,&quot;plugin://plugin.video.tvone11/list_channels/38?sf_options=meta%3Dlabel%253DKIDS%252BTV%26_options_sf&quot;,return)</favourite>
	<favourite name="[B][COLORwhite]TvONE1111[/COLOR][/B]" thumb="special://home/addons\plugin.image.TechNEWSology/resources/media\TVONE1111.png">ActivateWindow(10025,&quot;plugin://plugin.video.tvone1111/list_channels/6?sf_options=meta%3Dlabel%253DKids%26_options_sf&quot;,return)</favourite>
</favourites>