<favourites>
    <favourite name="[B][COLORwhite]Ελληνικές Ταινίες[/COLOR][/B]" thumb="special://home/addons\plugin.image.TechNEWSology/resources/media\gr1.jpg" fanart="none">ActivateWindow(videos,&quot;plugin://plugin.program.super.favourites/?label=Greek+movie&amp;mode=400&amp;path=special%3A%2F%2Fhome%2Faddons%2Fplugin.program.super.favourites%2Ffolders%5CSuper+Favourites%5CGreek+movie&amp;image=https%3A%2F%2Fxrysoi.club%2Fwp-content%2Fuploads%2F2015%2F03%2Flogo-GM.png&amp;fanart=special%3A%2F%2Fhome%2Faddons%5Cplugin.video.atlas%5Cresources%5Cart%5Carrt.jpg&amp;content_type=&quot;,return)</favourite>
    <favourite name="[B][COLORwhite]Ελληνικές Σειρές[/COLOR][/B]" thumb="special://home/addons\plugin.image.TechNEWSology/resources/media\gr2.jpg" fanart="none">ActivateWindow(videos,&quot;plugin://plugin.program.super.favourites/?label=Greek+series&amp;mode=400&amp;path=special%3A%2F%2Fhome%2Faddons%2Fplugin.program.super.favourites%2Ffolders%5CSuper+Favourites%5CGreek+series&amp;image=special%3A%2F%2Fhome%2Faddons%5Cresource.images.alivegr.artwork%5Cresources%5Calivegr%5Cseries%2Balivegr.png&amp;fanart=special%3A%2F%2Fhome%2Faddons%5Cplugin.video.AliveGR%5Cfanart.jpg&amp;content_type=&quot;,return)</favourite>	    
	<favourite name="[B][COLORwhite]Αθλητικά[/COLOR][/B]" thumb="special://home/addons\plugin.image.TechNEWSology/resources/media\gr6.jpg" fanart="none">ActivateWindow(videos,&quot;plugin://plugin.program.super.favourites/?label=Greek+Sports&amp;mode=400&amp;path=special%3A%2F%2Fhome%2Faddons%2Fplugin.program.super.favourites%2Ffolders%5CSuper+Favourites%5CGreek+Sports&amp;image=special%3A%2F%2Fhome%2Faddons%5Cresource.images.alivegr.artwork%5Cresources%5Calivegr%5Csports%2Balivegr.png&amp;fanart=special%3A%2F%2Fhome%2Faddons%5Cplugin.video.AliveGR%5Cfanart.jpg&amp;content_type=&quot;,return)</favourite>      
	<favourite name="[B][COLORwhite]Ειδήσεις[/COLOR][/B]" thumb="special://home/addons\plugin.image.TechNEWSology/resources/media\gr7.jpg" fanart="none">ActivateWindow(videos,&quot;plugin://plugin.video.AliveGR/?action=news&amp;title=%CE%95%CE%B9%CE%B4%CE%AE%CF%83%CE%B5%CE%B9%CF%82&quot;,return)</favourite>	
    <favourite name="[B][COLORwhite]Εκπομπές[/COLOR][/B]" thumb="special://home/addons\plugin.image.TechNEWSology/resources/media\gr5.jpg" fanart="none">ActivateWindow(videos,&quot;plugin://plugin.video.AliveGR/?action=shows&amp;title=%CE%95%CE%BA%CF%80%CE%BF%CE%BC%CF%80%CE%AD%CF%82&quot;,return)</favourite>	
	<favourite name="[B][COLORwhite]Θέατρο[/COLOR][/B]" thumb="special://home/addons\plugin.image.TechNEWSology/resources/media\gr4.jpg" fanart="none">ActivateWindow(videos,&quot;plugin://plugin.video.AliveGR/?action=theater&amp;title=%CE%98%CE%AD%CE%B1%CF%84%CF%81%CE%BF&quot;,return)</favourite>   
    <favourite name="[B][COLORwhite]Ντοκιμαντέρ[/COLOR][/B]" thumb="special://home/addons\plugin.image.TechNEWSology/resources/media\gr8.jpg" fanart="none">ActivateWindow(videos,&quot;plugin://plugin.program.super.favourites/?label=Greek+Ntokimanter&amp;mode=400&amp;path=special%3A%2F%2Fhome%2Faddons%2Fplugin.program.super.favourites%2Ffolders%5CSuper+Favourites%5CGreek+Ntokimanter&amp;image=special%3A%2F%2Fhome%2Faddons%5Cresource.images.alivegr.artwork%5Cresources%5Calivegr%5Cdocumentaries%2Balivegr.png&amp;fanart=special%3A%2F%2Fhome%2Faddons%5Cplugin.video.AliveGR%5Cfanart.jpg&amp;content_type=&quot;,return)</favourite>
</favourites>