<favourites>
	<favourite name="Documentaries Istorika Hermes" thumb="special://home/addons\plugin.image.TechNEWSology/resources/media/hermes.png">ActivateWindow(videos,&quot;plugin://plugin.video.live.streamspro/?url=https%3A%2F%2Fraw.githubusercontent.com%2FHermesGR%2FHermes-Documentaries-Istorika%2Fmaster%2FDocumentaries%2520Istorika.m3u&amp;mode=1&amp;name=Documentaries+Istorika+Hermes&amp;fanart=special://home/addons%5Cplugin.video.live.streamspro%5Cfanart.jpg&quot;,return)</favourite>
	<favourite name="Documentaries Koinwnika Hermes" thumb="special://home/addons\plugin.image.TechNEWSology/resources/media/hermes.png">ActivateWindow(videos,&quot;plugin://plugin.video.live.streamspro/?url=https%3A%2F%2Fraw.githubusercontent.com%2FHermesGR%2FHermes-Documentaries-Koinwnika%2Fmaster%2FDocumentaries%2520Koinwnika.m3u&amp;mode=1&amp;name=Documentaries+Koinwnika+Hermes&amp;fanart=special://home/addons%5Cplugin.video.live.streamspro%5Cfanart.jpg&quot;,return)</favourite>
	<favourite name="Documentaries Epistimonika Hermes" thumb="special://home/addons\plugin.image.TechNEWSology/resources/media/hermes.png">ActivateWindow(videos,&quot;plugin://plugin.video.live.streamspro/?url=https%3A%2F%2Fraw.githubusercontent.com%2FHermesGR%2FHermes-Documentaries-Epistimonika%2Fmaster%2FDocumentaries%2520Epistimonika.m3u&amp;mode=1&amp;name=Documentaries+Epistimonika+Hermes&amp;fanart=special://home/addons%5Cplugin.video.live.streamspro%5Cfanart.jpg&quot;,return)</favourite>
	<favourite name="Documentaries Thriskeutika Hermes" thumb="special://home/addons\plugin.image.TechNEWSology/resources/media/hermes.png">ActivateWindow(videos,&quot;plugin://plugin.video.live.streamspro/?url=https%3A%2F%2Fraw.githubusercontent.com%2FHermesGR%2FHermes-Documentaries-Thriskeutika%2Fmaster%2FDocumentaries%2520Thriskeutika.m3u&amp;mode=1&amp;name=Documentaries+Thriskeutika+Hermes&amp;fanart=special://home/addons%5Cplugin.video.live.streamspro%5Cfanart.jpg&quot;,return)</favourite>
	<favourite name="Documentaries Diafora Hermes" thumb="special://home/addons\plugin.image.TechNEWSology/resources/media/hermes.png">ActivateWindow(videos,&quot;plugin://plugin.video.live.streamspro/?url=https%3A%2F%2Fraw.githubusercontent.com%2FHermesGR%2FHermes-Documentaries-Diafora%2Fmaster%2FDocumentaries%2520Diafora.m3u&amp;mode=1&amp;name=Documentaries+Diafora+Hermes&amp;fanart=special://home/addons%5Cplugin.video.live.streamspro%5Cfanart.jpg&quot;,return)</favourite>
</favourites>