<?xml version="1.0" encoding="UTF-8" standalone="yes"?>
<addon id="plugin.video.tvone1" name="tvOne1" version="52+matrix.1" provider-name="RACC">
  <requires>
    <!--import addon="xbmc.python" version="2.25.0"/-->
    <import addon="xbmc.addon" version="17.0.0"/>
    <import addon="script.module.requests" />
    <import addon="script.module.kodi-six" />
    <import addon="script.module.future" />
    <import addon="script.module.routing" />
  </requires>
  <extension point="xbmc.python.pluginsource" library="addon.py">
    <provides>video</provides>
  </extension>
  <extension point="xbmc.addon.metadata">
    <reuselanguageinvoker>true</reuselanguageinvoker>
    <summary lang="en_gb">tvOne1</summary>
    <description lang="en_gb">tvOne1</description>
    <disclaimer lang="en_gb"></disclaimer>
    <language></language>
    <platform>all</platform>
    <license>GPL-3.0</license>
    <assets>
      <icon>icon.png</icon>
    </assets>
    <forum/>
    <website/>
    <email/>
    <source/>
    <assets/>
  </extension>
</addon>
