<favourites>
	<favourite name="[B][COLORwhite]Αλλαγή Ταπετσαρίας[/COLOR][/B]" thumb="DefaultAddonSkin.png">Skin.SetImage(CustomDefaultBackground.path,special://home/addons/skin.TechNEWSology/backgrounds/)</favourite>
	<favourite name="[B][COLORwhite]Κινούμενη Ταπετσαρία[/COLOR][/B]" thumb="DefaultAddonSkin.png">Skin.ToggleSetting(Enable.AnimatedBackgrounds)</favourite>
	<favourite name="[B][COLORwhite]Διάταξη Λίστας (Λεπτή-Κανονική)[/COLOR][/B]" thumb="DefaultAddonSkin.png">Skin.ToggleSetting(Enable.SlimList)</favourite>
	<favourite name="[B][COLORwhite]Διαμόρφωση του Κεντρικού Μενού[/COLOR][/B]" thumb="DefaultAddonSkin.png">ActivateWindow(SkinSettings)</favourite>
	<favourite name="[B][COLORwhite]Submenu (Απόκρυψη-Εμφάνιση) [/COLOR][/B]" thumb="DefaultAddonSkin.png">Skin.ToggleSetting(Enable.VisibleSubmenu)</favourite>
</favourites>