<favourites>
	<favourite name="[COLOR goldenrod]Total Clean Up[/COLOR]" thumb="special://home/addons\plugin.image.TechNEWSology/resources/media\recycle bin.png">RunPlugin(&quot;plugin://plugin.program.G.K.N.Wizard/?mode=fullclean&amp;sf_options=fanart%3Dspecial%3A%2F%2Fhome%2Faddons%5Cplugin.program.G.K.N.Wizard%5Cfanart.jpg%26meta%3Dplot%253D%25255BB%25255D%25255BCOLOR%252Bgoldenrod%25255DG.K.N.%25255B%25252FCOLOR%25255D%252B%25255BCOLOR%252Bwhite%25255DBuilds%252BWizard%25255B%25252FCOLOR%25255D%25255B%25252FB%25255D%2526votes%253D0%2526label%253D%25255BCOLOR%252Bgoldenrod%25255DTotal%252BClean%252BUp%25253A%252B%25255BCOLOR%252Bgreen%25255D%25255BB%25255D13.35%252BMB%25255B%25252FB%25255D%25255B%25252FCOLOR%25255D%25255B%25252FCOLOR%25255D%2526title%253D%25255BCOLOR%252Bgoldenrod%25255DTotal%252BClean%252BUp%25253A%252B%25255BCOLOR%252Bgreen%25255D%25255BB%25255D13.35%252BMB%25255B%25252FB%25255D%25255B%25252FCOLOR%25255D%25255B%25252FCOLOR%25255D%26winID%3D10001%26desc%3D%5BB%5D%5BCOLOR+goldenrod%5DG.K.N.%5B%2FCOLOR%5D+%5BCOLOR+white%5DBuilds+Wizard%5B%2FCOLOR%5D%5B%2FB%5D%26_options_sf&quot;)</favourite>
	<favourite name="[COLOR goldenrod]Update Addons[/COLOR]" thumb="special://home/addons\plugin.image.TechNEWSology/resources/media\upbate.png">RunPlugin(&quot;plugin://plugin.program.G.K.N.Wizard/?mode=forceupdate&amp;sf_options=fanart%3Dspecial%3A%2F%2Fhome%2Faddons%5Cplugin.program.G.K.N.Wizard%5Cfanart.jpg%26meta%3Dplot%253D%25255BB%25255D%25255BCOLOR%252Bgoldenrod%25255DG.K.N.%25255B%25252FCOLOR%25255D%252B%25255BCOLOR%252Bwhite%25255DBuilds%252BWizard%25255B%25252FCOLOR%25255D%25255B%25252FB%25255D%2526votes%253D0%2526label%253D%25255BCOLOR%252Bgoldenrod%25255DForce%252BUpdate%252BAddons%25255B%25252FCOLOR%25255D%2526title%253D%25255BCOLOR%252Bgoldenrod%25255DForce%252BUpdate%252BAddons%25255B%25252FCOLOR%25255D%26winID%3D10001%26desc%3D%5BB%5D%5BCOLOR+goldenrod%5DG.K.N.%5B%2FCOLOR%5D+%5BCOLOR+white%5DBuilds+Wizard%5B%2FCOLOR%5D%5B%2FB%5D%26_options_sf&quot;)</favourite>
	<favourite name="[COLOR goldenrod]Remove Addons[/COLOR]" thumb="special://home/addons\plugin.image.TechNEWSology/resources/media\addons.png">RunPlugin(&quot;plugin://plugin.program.G.K.N.Wizard/?mode=removeaddons&amp;sf_options=fanart%3Dspecial%3A%2F%2Fhome%2Faddons%5Cplugin.program.G.K.N.Wizard%5Cfanart.jpg%26meta%3Dplot%253D%25255BB%25255D%25255BCOLOR%252Bgoldenrod%25255DG.K.N.%25255B%25252FCOLOR%25255D%252B%25255BCOLOR%252Bwhite%25255DBuilds%252BWizard%25255B%25252FCOLOR%25255D%25255B%25252FB%25255D%2526votes%253D0%2526label%253D%25255BCOLOR%252Bgoldenrod%25255DRemove%252BAddons%25255B%25252FCOLOR%25255D%2526title%253D%25255BCOLOR%252Bgoldenrod%25255DRemove%252BAddons%25255B%25252FCOLOR%25255D%26winID%3D10001%26desc%3D%5BB%5D%5BCOLOR+goldenrod%5DG.K.N.%5B%2FCOLOR%5D+%5BCOLOR+white%5DBuilds+Wizard%5B%2FCOLOR%5D%5B%2FB%5D%26_options_sf&quot;)</favourite>
	<favourite name="[COLOR goldenrod]GRecoTM Wizard[/COLOR]" thumb="special://home/addons\plugin.image.TechNEWSology/resources/media\grecotm.png">ActivateWindow(10001,&quot;plugin://plugin.program.G.K.N.Wizard/?sf_options=fanart%3Dspecial%3A%2F%2Fhome%2Faddons%5Cplugin.program.G.K.N.Wizard%5Cfanart.jpg%26meta%3Dlabel%253D%25255BB%25255D%25255BCOLOR%252Bgoldenrod%25255DG.K.N.%25255B%25252FCOLOR%25255D%252B%25255BCOLOR%252Bwhite%25255DBuilds%252BWizard%25255B%25252FCOLOR%25255D%25255B%25252FB%25255D%26desc%3DG.K.N.Wizard+allows+you+to+get+access+to+the+latest+Kodi+Builds.%5BCR%5D%CE%9F+G.K.N.Wizard+%CF%83%CE%B1%CF%82+%CE%B5%CF%80%CE%B9%CF%84%CF%81%CE%AD%CF%80%CE%B5%CE%B9+%CE%BD%CE%B1+%CE%AD%CF%87%CE%B5%CF%84%CE%B5+%CF%80%CF%81%CF%8C%CF%83%CE%B2%CE%B1%CF%83%CE%B7+%CF%83%CF%84%CE%B1+%CF%80%CE%B9%CE%BF+%CF%80%CF%81%CF%8C%CF%83%CF%86%CE%B1%CF%84%CE%B1+Kodi+Builds%26_options_sf&quot;,return)</favourite>
	<favourite name="[COLOR goldenrod]Builds[/COLOR]" thumb="special://home/addons\plugin.image.TechNEWSology/resources/media\builds.png">ActivateWindow(10001,&quot;plugin://plugin.program.G.K.N.Wizard/?mode=builds&amp;sf_options=fanart%3Dspecial%3A%2F%2Fhome%2Faddons%5Cplugin.program.G.K.N.Wizard%5Cfanart.jpg%26meta%3Dplot%253D%25255BB%25255D%25255BCOLOR%252Bdodgerblue%25255DGR%25255BCOLOR%252Bwhite%25255Deco%25255BCOLOR%252Bdodgerblue%25255DTM%252B%25255BCOLOR%252Bwhite%25255DBuilds%252BWizard%25255B%25252FCOLOR%25255D%25255B%25252FB%25255D%2526votes%253D0%2526label%253D%25255BB%25255D%25255BCOLOR%252Bwhite%25255DBuilds%25255B%25252FCOLOR%25255D%25255B%25252FB%25255D%2526title%253D%25255BB%25255D%25255BCOLOR%252Bwhite%25255DBuilds%25255B%25252FCOLOR%25255D%25255B%25252FB%25255D%26desc%3D%5BB%5D%5BCOLOR+dodgerblue%5DGR%5BCOLOR+white%5Deco%5BCOLOR+dodgerblue%5DTM+%5BCOLOR+white%5DBuilds+Wizard%5B%2FCOLOR%5D%5B%2FB%5D%26_options_sf&quot;,return)</favourite>
	<favourite name="[COLOR goldenrod]Back Up Build[/COLOR]" thumb="special://home/addons\plugin.image.TechNEWSology/resources/media\back up.png">RunPlugin(&quot;plugin://plugin.program.G.K.N.Wizard/?mode=backupbuild&amp;sf_options=fanart%3Dspecial%3A%2F%2Fhome%2Faddons%5Cplugin.program.G.K.N.Wizard%5Cfanart.jpg%26meta%3Dplot%253D%25255BB%25255D%25255BCOLOR%252Bgoldenrod%25255DG.K.N.%25255B%25252FCOLOR%25255D%252B%25255BCOLOR%252Bwhite%25255DBuilds%252BWizard%25255B%25252FCOLOR%25255D%25255B%25252FB%25255D%2526votes%253D0%2526label%253D%25255BCOLOR%252Bgoldenrod%25255D%25255BBack%252BUp%25255D%25253A%252BBuild%25255B%25252FCOLOR%25255D%2526title%253D%25255BCOLOR%252Bgoldenrod%25255D%25255BBack%252BUp%25255D%25253A%252BBuild%25255B%25252FCOLOR%25255D%26winID%3D10001%26desc%3D%5BB%5D%5BCOLOR+goldenrod%5DG.K.N.%5B%2FCOLOR%5D+%5BCOLOR+white%5DBuilds+Wizard%5B%2FCOLOR%5D%5B%2FB%5D%26_options_sf&quot;)</favourite>
	<favourite name="[COLOR goldenrod]Restore Build[/COLOR]" thumb="special://home/addons\plugin.image.TechNEWSology/resources/media\restore.png">RunPlugin(&quot;plugin://plugin.program.G.K.N.Wizard/?mode=restorezip&amp;sf_options=fanart%3Dspecial%3A%2F%2Fhome%2Faddons%5Cplugin.program.G.K.N.Wizard%5Cfanart.jpg%26meta%3Dplot%253D%25255BB%25255D%25255BCOLOR%252Bgoldenrod%25255DG.K.N.%25255B%25252FCOLOR%25255D%252B%25255BCOLOR%252Bwhite%25255DBuilds%252BWizard%25255B%25252FCOLOR%25255D%25255B%25252FB%25255D%2526votes%253D0%2526label%253D%25255BCOLOR%252Bgoldenrod%25255D%25255BRestore%25255D%25253A%252BLocal%252BBuild%25255B%25252FCOLOR%25255D%2526title%253D%25255BCOLOR%252Bgoldenrod%25255D%25255BRestore%25255D%25253A%252BLocal%252BBuild%25255B%25252FCOLOR%25255D%26winID%3D10001%26desc%3D%5BB%5D%5BCOLOR+goldenrod%5DG.K.N.%5B%2FCOLOR%5D+%5BCOLOR+white%5DBuilds+Wizard%5B%2FCOLOR%5D%5B%2FB%5D%26_options_sf&quot;)</favourite>
</favourites>