<favourites>
	<favourite name="OTE SPORTS 1" thumb="http://swiftstreamz.com/SwiftPanel/images/65359_otesp1.jpg|User-Agent=okhttp%2F3.10.0">PlayMedia(&quot;plugin://plugin.video.tvone11/play/8/812/play.pvr?sf_options=meta%3Dvotes%253D0%2526label%253DOTE%252BSPORTS%252B1%2526title%253DOTE%252BSPORTS%252B1%26winID%3D10025%26_options_sf&quot;)</favourite>
	<favourite name="OTE SPORTS 2" thumb="http://swiftstreamz.com/SwiftPanel/images/79898_otesp2.jpg|User-Agent=okhttp%2F3.10.0">PlayMedia(&quot;plugin://plugin.video.tvone11/play/8/813/play.pvr?sf_options=meta%3Dvotes%253D0%2526label%253DOTE%252BSPORTS%252B2%2526title%253DOTE%252BSPORTS%252B2%26winID%3D10025%26_options_sf&quot;)</favourite>
	<favourite name="OTE SPORTS 3" thumb="http://swiftstreamz.com/SwiftPanel/images/57643_otesp3.jpg|User-Agent=okhttp%2F3.10.0">PlayMedia(&quot;plugin://plugin.video.tvone11/play/8/814/play.pvr?sf_options=meta%3Dvotes%253D0%2526label%253DOTE%252BSPORTS%252B3%2526title%253DOTE%252BSPORTS%252B3%26winID%3D10025%26_options_sf&quot;)</favourite>
	<favourite name="OTE SPORTS 4" thumb="http://swiftstreamz.com/SwiftPanel/images/75351_otesp4.jpg|User-Agent=okhttp%2F3.10.0">PlayMedia(&quot;plugin://plugin.video.tvone11/play/8/815/play.pvr?sf_options=meta%3Dvotes%253D0%2526label%253DOTE%252BSPORTS%252B4%2526title%253DOTE%252BSPORTS%252B4%26winID%3D10025%26_options_sf&quot;)</favourite>
	<favourite name="OTE SPORTS 5" thumb="http://swiftstreamz.com/SwiftPanel/images/43635_otesp5.jpg|User-Agent=okhttp%2F3.10.0">PlayMedia(&quot;plugin://plugin.video.tvone11/play/8/816/play.pvr?sf_options=meta%3Dvotes%253D0%2526label%253DOTE%252BSPORTS%252B5%2526title%253DOTE%252BSPORTS%252B5%26winID%3D10025%26_options_sf&quot;)</favourite>
	<favourite name="OTE SPORTS 6" thumb="http://swiftstreamz.com/SwiftPanel/images/24711_otesp6.jpg|User-Agent=okhttp%2F3.10.0">PlayMedia(&quot;plugin://plugin.video.tvone11/play/8/817/play.pvr?sf_options=meta%3Dvotes%253D0%2526label%253DOTE%252BSPORTS%252B6%2526title%253DOTE%252BSPORTS%252B6%26winID%3D10025%26_options_sf&quot;)</favourite>
	<favourite name="OTE SPORTS 7" thumb="http://swiftstreamz.com/SwiftPanel/images/60322_otesp7.jpg|User-Agent=okhttp%2F3.10.0">PlayMedia(&quot;plugin://plugin.video.tvone11/play/8/818/play.pvr?sf_options=meta%3Dvotes%253D0%2526label%253DOTE%252BSPORTS%252B7%2526title%253DOTE%252BSPORTS%252B7%26winID%3D10025%26_options_sf&quot;)</favourite>
	<favourite name="OTE SPORTS 8" thumb="http://swiftstreamz.com/SwiftPanel/images/53713_otesp8.jpg|User-Agent=okhttp%2F3.10.0">PlayMedia(&quot;plugin://plugin.video.tvone11/play/8/819/play.pvr?sf_options=meta%3Dvotes%253D0%2526label%253DOTE%252BSPORTS%252B8%2526title%253DOTE%252BSPORTS%252B8%26winID%3D10025%26_options_sf&quot;)</favourite>
	<favourite name="Arena Sports 1" thumb="http://swiftstreamz.com/SwiftPanel/images/91933_arena1.jpg|User-Agent=okhttp%2F3.10.0">PlayMedia(&quot;plugin://plugin.video.tvone11/play/8/736/play.pvr?sf_options=meta%3Dvotes%253D0%2526label%253DArena%252BSports%252B1%2526title%253DArena%252BSports%252B1%26winID%3D10025%26_options_sf&quot;)</favourite>
	<favourite name="Arena Sports 2" thumb="http://swiftstreamz.com/SwiftPanel/images/6600_arena2.jpg|User-Agent=okhttp%2F3.10.0">PlayMedia(&quot;plugin://plugin.video.tvone11/play/8/737/play.pvr?sf_options=meta%3Dvotes%253D0%2526label%253DArena%252BSports%252B2%2526title%253DArena%252BSports%252B2%26winID%3D10025%26_options_sf&quot;)</favourite>
	<favourite name="Arena Sports 3" thumb="http://swiftstreamz.com/SwiftPanel/images/93208_arena3.jpg|User-Agent=okhttp%2F3.10.0">PlayMedia(&quot;plugin://plugin.video.tvone11/play/8/738/play.pvr?sf_options=meta%3Dvotes%253D0%2526label%253DArena%252BSports%252B3%2526title%253DArena%252BSports%252B3%26winID%3D10025%26_options_sf&quot;)</favourite>
	<favourite name="Arena Sports 4" thumb="http://swiftstreamz.com/SwiftPanel/images/47552_arena4.jpg|User-Agent=okhttp%2F3.10.0">PlayMedia(&quot;plugin://plugin.video.tvone11/play/8/739/play.pvr?sf_options=meta%3Dvotes%253D0%2526label%253DArena%252BSports%252B4%2526title%253DArena%252BSports%252B4%26winID%3D10025%26_options_sf&quot;)</favourite>
	<favourite name="Arena Sports 5" thumb="http://swiftstreamz.com/SwiftPanel/images/82177_arena5.jpg|User-Agent=okhttp%2F3.10.0">PlayMedia(&quot;plugin://plugin.video.tvone11/play/8/740/play.pvr?sf_options=meta%3Dvotes%253D0%2526label%253DArena%252BSports%252B5%2526title%253DArena%252BSports%252B5%26winID%3D10025%26_options_sf&quot;)</favourite>
	<favourite name="BT SPORTS 1" thumb="http://swiftstreamz.com/SwiftPanel/images/252_49801_bt1.jpg|User-Agent=okhttp%2F3.10.0">PlayMedia(&quot;plugin://plugin.video.tvone11/play/8/630/play.pvr?sf_options=meta%3Dvotes%253D0%2526label%253DBT%252BSPORTS%252B1%2526title%253DBT%252BSPORTS%252B1%26winID%3D10025%26_options_sf&quot;)</favourite>
	<favourite name="BT SPORTS 2" thumb="http://swiftstreamz.com/SwiftPanel/images/64880_76380_bt2.jpg|User-Agent=okhttp%2F3.10.0">PlayMedia(&quot;plugin://plugin.video.tvone11/play/8/634/play.pvr?sf_options=meta%3Dvotes%253D0%2526label%253DBT%252BSPORTS%252B2%2526title%253DBT%252BSPORTS%252B2%26winID%3D10025%26_options_sf&quot;)</favourite>
	<favourite name="BT SPORTS 3" thumb="http://swiftstreamz.com/SwiftPanel/images/59356_71456_bt3.jpg|User-Agent=okhttp%2F3.10.0">PlayMedia(&quot;plugin://plugin.video.tvone11/play/8/637/play.pvr?sf_options=meta%3Dvotes%253D0%2526label%253DBT%252BSPORTS%252B3%2526title%253DBT%252BSPORTS%252B3%26winID%3D10025%26_options_sf&quot;)</favourite>
	<favourite name="SPORT KLUB 1" thumb="http://swiftstreamz.com/SwiftPanel/images/18709_sportklub1.jpg|User-Agent=okhttp%2F3.10.0">PlayMedia(&quot;plugin://plugin.video.tvone11/play/8/786/play.pvr?sf_options=meta%3Dvotes%253D0%2526label%253DSPORT%252BKLUB%252B1%2526title%253DSPORT%252BKLUB%252B1%26winID%3D10025%26_options_sf&quot;)</favourite>
	<favourite name="SPORT KLUB 2" thumb="http://swiftstreamz.com/SwiftPanel/images/90759_sportklub2.jpg|User-Agent=okhttp%2F3.10.0">PlayMedia(&quot;plugin://plugin.video.tvone11/play/8/787/play.pvr?sf_options=meta%3Dvotes%253D0%2526label%253DSPORT%252BKLUB%252B2%2526title%253DSPORT%252BKLUB%252B2%26winID%3D10025%26_options_sf&quot;)</favourite>
	<favourite name="SPORT KLUB 3" thumb="http://swiftstreamz.com/SwiftPanel/images/52231_sportklub3.jpg|User-Agent=okhttp%2F3.10.0">PlayMedia(&quot;plugin://plugin.video.tvone11/play/8/788/play.pvr?sf_options=meta%3Dvotes%253D0%2526label%253DSPORT%252BKLUB%252B3%2526title%253DSPORT%252BKLUB%252B3%26winID%3D10025%26_options_sf&quot;)</favourite>
	<favourite name="UFC FIGHT" thumb="http://swiftstreamz.com/SwiftPanel/images/29779_ufcfight.jpg|User-Agent=okhttp%2F3.10.0">PlayMedia(&quot;plugin://plugin.video.tvone11/play/8/833/play.pvr?sf_options=meta%3Dvotes%253D0%2526label%253DUFC%252BFIGHT%2526title%253DUFC%252BFIGHT%26winID%3D10025%26_options_sf&quot;)</favourite>
	<favourite name="SKY BOX OFFICE" thumb="http://swiftstreamz.com/SwiftPanel/images/35943_skyboxoffice.jpg|User-Agent=okhttp%2F3.10.0">PlayMedia(&quot;plugin://plugin.video.tvone11/play/8/810/play.pvr?sf_options=meta%3Dvotes%253D0%2526label%253DSKY%252BBOX%252BOFFICE%2526title%253DSKY%252BBOX%252BOFFICE%26winID%3D10025%26_options_sf&quot;)</favourite>
	<favourite name="BOX NATION" thumb="http://swiftstreamz.com/SwiftPanel/images/94904_boxnation.jpg|User-Agent=okhttp%2F3.10.0">PlayMedia(&quot;plugin://plugin.video.tvone11/play/8/711/play.pvr?sf_options=meta%3Dvotes%253D0%2526label%253DBOX%252BNATION%2526title%253DBOX%252BNATION%26winID%3D10025%26_options_sf&quot;)</favourite>
	<favourite name="WWE NETWORK" thumb="http://swiftstreamz.com/SwiftPanel/images/7455_wwe.jpg|User-Agent=okhttp%2F3.10.0">PlayMedia(&quot;plugin://plugin.video.tvone11/play/8/715/play.pvr?sf_options=meta%3Dvotes%253D0%2526label%253DWWE%252BNETWORK%2526title%253DWWE%252BNETWORK%26winID%3D10025%26_options_sf&quot;)</favourite>
	<favourite name="FIGHTBOX" thumb="http://swiftstreamz.com/SwiftPanel/images/71391_fightbox.jpg|User-Agent=okhttp%2F3.10.0">PlayMedia(&quot;plugin://plugin.video.tvone11/play/8/804/play.pvr?sf_options=meta%3Dvotes%253D0%2526label%253DFIGHTBOX%2526title%253DFIGHTBOX%26winID%3D10025%26_options_sf&quot;)</favourite>
	<favourite name="NBA TV" thumb="http://swiftstreamz.com/SwiftPanel/images/64839_nbatv.jpg|User-Agent=okhttp%2F3.10.0">PlayMedia(&quot;plugin://plugin.video.tvone11/play/8/767/play.pvr?sf_options=meta%3Dvotes%253D0%2526label%253DNBA%252BTV%2526title%253DNBA%252BTV%26winID%3D10025%26_options_sf&quot;)</favourite>
	<favourite name="VIASAT FOOTBALL HD" thumb="http://swiftstreamz.com/SwiftPanel/images/65652_viafotboll.jpg|User-Agent=okhttp%2F3.10.0">PlayMedia(&quot;plugin://plugin.video.tvone11/play/8/766/play.pvr?sf_options=meta%3Dvotes%253D0%2526label%253DVIASAT%252BFOOTBALL%252BHD%2526title%253DVIASAT%252BFOOTBALL%252BHD%26winID%3D10025%26_options_sf&quot;)</favourite>
	<favourite name="BEIN USA" thumb="http://swiftstreamz.com/SwiftPanel/images/73805_beinusa.jpg|User-Agent=okhttp%2F3.10.0">PlayMedia(&quot;plugin://plugin.video.tvone11/play/8/720/play.pvr?sf_options=meta%3Dvotes%253D0%2526label%253DBEIN%252BUSA%2526title%253DBEIN%252BUSA%26winID%3D10025%26_options_sf&quot;)</favourite>
	<favourite name="BEIN SPORTS NEWS" thumb="http://swiftstreamz.com/SwiftPanel/images/94435_beinnews.jpg|User-Agent=okhttp%2F3.10.0">PlayMedia(&quot;plugin://plugin.video.tvone11/play/8/721/play.pvr?sf_options=meta%3Dvotes%253D0%2526label%253DBEIN%252BSPORTS%252BNEWS%2526title%253DBEIN%252BSPORTS%252BNEWS%26winID%3D10025%26_options_sf&quot;)</favourite>
	<favourite name="BEIN 1" thumb="http://swiftstreamz.com/SwiftPanel/images/13734_bein1.jpg|User-Agent=okhttp%2F3.10.0">PlayMedia(&quot;plugin://plugin.video.tvone11/play/8/722/play.pvr?sf_options=meta%3Dvotes%253D0%2526label%253DBEIN%252B1%2526title%253DBEIN%252B1%26winID%3D10025%26_options_sf&quot;)</favourite>
	<favourite name="BEIN 2" thumb="http://swiftstreamz.com/SwiftPanel/images/80440_bein2.jpg|User-Agent=okhttp%2F3.10.0">PlayMedia(&quot;plugin://plugin.video.tvone11/play/8/723/play.pvr?sf_options=meta%3Dvotes%253D0%2526label%253DBEIN%252B2%2526title%253DBEIN%252B2%26winID%3D10025%26_options_sf&quot;)</favourite>
	<favourite name="BEIN 3" thumb="http://swiftstreamz.com/SwiftPanel/images/63775_bein3.jpg|User-Agent=okhttp%2F3.10.0">PlayMedia(&quot;plugin://plugin.video.tvone11/play/8/724/play.pvr?sf_options=meta%3Dvotes%253D0%2526label%253DBEIN%252B3%2526title%253DBEIN%252B3%26winID%3D10025%26_options_sf&quot;)</favourite>
	<favourite name="BEIN 4" thumb="http://swiftstreamz.com/SwiftPanel/images/7327_bein4.jpg|User-Agent=okhttp%2F3.10.0">PlayMedia(&quot;plugin://plugin.video.tvone11/play/8/725/play.pvr?sf_options=meta%3Dvotes%253D0%2526label%253DBEIN%252B4%2526title%253DBEIN%252B4%26winID%3D10025%26_options_sf&quot;)</favourite>
	<favourite name="BEIN 5" thumb="http://swiftstreamz.com/SwiftPanel/images/3620_bein5.jpg|User-Agent=okhttp%2F3.10.0">PlayMedia(&quot;plugin://plugin.video.tvone11/play/8/726/play.pvr?sf_options=meta%3Dvotes%253D0%2526label%253DBEIN%252B5%2526title%253DBEIN%252B5%26winID%3D10025%26_options_sf&quot;)</favourite>
	<favourite name="BEIN 6" thumb="http://swiftstreamz.com/SwiftPanel/images/99479_bein6.jpg|User-Agent=okhttp%2F3.10.0">PlayMedia(&quot;plugin://plugin.video.tvone11/play/8/727/play.pvr?sf_options=meta%3Dvotes%253D0%2526label%253DBEIN%252B6%2526title%253DBEIN%252B6%26winID%3D10025%26_options_sf&quot;)</favourite>
	<favourite name="BEIN 7" thumb="http://swiftstreamz.com/SwiftPanel/images/86845_bein7.jpg|User-Agent=okhttp%2F3.10.0">PlayMedia(&quot;plugin://plugin.video.tvone11/play/8/728/play.pvr?sf_options=meta%3Dvotes%253D0%2526label%253DBEIN%252B7%2526title%253DBEIN%252B7%26winID%3D10025%26_options_sf&quot;)</favourite>
	<favourite name="BEIN 8" thumb="http://swiftstreamz.com/SwiftPanel/images/35475_bein8.jpg|User-Agent=okhttp%2F3.10.0">PlayMedia(&quot;plugin://plugin.video.tvone11/play/8/729/play.pvr?sf_options=meta%3Dvotes%253D0%2526label%253DBEIN%252B8%2526title%253DBEIN%252B8%26winID%3D10025%26_options_sf&quot;)</favourite>
	<favourite name="BEIN 9" thumb="http://swiftstreamz.com/SwiftPanel/images/6184_bein9.jpg|User-Agent=okhttp%2F3.10.0">PlayMedia(&quot;plugin://plugin.video.tvone11/play/8/730/play.pvr?sf_options=meta%3Dvotes%253D0%2526label%253DBEIN%252B9%2526title%253DBEIN%252B9%26winID%3D10025%26_options_sf&quot;)</favourite>
	<favourite name="BEIN 10" thumb="http://swiftstreamz.com/SwiftPanel/images/12693_bein10.jpg|User-Agent=okhttp%2F3.10.0">PlayMedia(&quot;plugin://plugin.video.tvone11/play/8/731/play.pvr?sf_options=meta%3Dvotes%253D0%2526label%253DBEIN%252B10%2526title%253DBEIN%252B10%26winID%3D10025%26_options_sf&quot;)</favourite>
	<favourite name="BEIN 11" thumb="http://swiftstreamz.com/SwiftPanel/images/55939_bein11.jpg|User-Agent=okhttp%2F3.10.0">PlayMedia(&quot;plugin://plugin.video.tvone11/play/8/732/play.pvr?sf_options=meta%3Dvotes%253D0%2526label%253DBEIN%252B11%2526title%253DBEIN%252B11%26winID%3D10025%26_options_sf&quot;)</favourite>
	<favourite name="BEIN 12" thumb="http://swiftstreamz.com/SwiftPanel/images/75926_bein12.jpg|User-Agent=okhttp%2F3.10.0">PlayMedia(&quot;plugin://plugin.video.tvone11/play/8/733/play.pvr?sf_options=meta%3Dvotes%253D0%2526label%253DBEIN%252B12%2526title%253DBEIN%252B12%26winID%3D10025%26_options_sf&quot;)</favourite>
	<favourite name="BEIN 13" thumb="http://swiftstreamz.com/SwiftPanel/images/13951_bein13.jpg|User-Agent=okhttp%2F3.10.0">PlayMedia(&quot;plugin://plugin.video.tvone11/play/8/734/play.pvr?sf_options=meta%3Dvotes%253D0%2526label%253DBEIN%252B13%2526title%253DBEIN%252B13%26winID%3D10025%26_options_sf&quot;)</favourite>
	<favourite name="ZIGGO SPORTS SELECT" thumb="http://swiftstreamz.com/SwiftPanel/images/38093_ziggoselect.jpg|User-Agent=okhttp%2F3.10.0">PlayMedia(&quot;plugin://plugin.video.tvone11/play/8/797/play.pvr?sf_options=meta%3Dvotes%253D0%2526label%253DZIGGO%252BSPORTS%252BSELECT%2526title%253DZIGGO%252BSPORTS%252BSELECT%26winID%3D10025%26_options_sf&quot;)</favourite>
	<favourite name="Chelsea TV" thumb="http://swiftstreamz.com/SwiftPanel/images/63219_chelseatv.jpg|User-Agent=okhttp%2F3.10.0">PlayMedia(&quot;plugin://plugin.video.tvone11/play/8/735/play.pvr?sf_options=meta%3Dvotes%253D0%2526label%253DChelsea%252BTV%2526title%253DChelsea%252BTV%26winID%3D10025%26_options_sf&quot;)</favourite>
	<favourite name="ESPN" thumb="http://swiftstreamz.com/SwiftPanel/images/81139_27554_espn.jpg|User-Agent=okhttp%2F3.10.0">PlayMedia(&quot;plugin://plugin.video.tvone11/play/8/647/play.pvr?sf_options=meta%3Dvotes%253D0%2526label%253DESPN%2526title%253DESPN%26winID%3D10025%26_options_sf&quot;)</favourite>
	<favourite name="SONY ESPN" thumb="http://swiftstreamz.com/SwiftPanel/images/99624_92886_sonyespn.jpg|User-Agent=okhttp%2F3.10.0">PlayMedia(&quot;plugin://plugin.video.tvone11/play/8/653/play.pvr?sf_options=meta%3Dvotes%253D0%2526label%253DSONY%252BESPN%2526title%253DSONY%252BESPN%26winID%3D10025%26_options_sf&quot;)</favourite>
	<favourite name="EURO SPORTS 1" thumb="http://swiftstreamz.com/SwiftPanel/images/97403_euro1.jpg|User-Agent=okhttp%2F3.10.0">PlayMedia(&quot;plugin://plugin.video.tvone11/play/8/709/play.pvr?sf_options=meta%3Dvotes%253D0%2526label%253DEURO%252BSPORTS%252B1%2526title%253DEURO%252BSPORTS%252B1%26winID%3D10025%26_options_sf&quot;)</favourite>
	<favourite name="EURO SPORTS 2" thumb="http://swiftstreamz.com/SwiftPanel/images/20890_euro2.jpg|User-Agent=okhttp%2F3.10.0">PlayMedia(&quot;plugin://plugin.video.tvone11/play/8/710/play.pvr?sf_options=meta%3Dvotes%253D0%2526label%253DEURO%252BSPORTS%252B2%2526title%253DEURO%252BSPORTS%252B2%26winID%3D10025%26_options_sf&quot;)</favourite>
	<favourite name="PTV SPORTS" thumb="http://swiftstreamz.com/SwiftPanel/images/14898_14060_ptvsportsnew.jpg|User-Agent=okhttp%2F3.10.0">PlayMedia(&quot;plugin://plugin.video.tvone11/play/8/454/play.pvr?sf_options=meta%3Dvotes%253D0%2526label%253DPTV%252BSPORTS%2526title%253DPTV%252BSPORTS%26winID%3D10025%26_options_sf&quot;)</favourite>
	<favourite name="GEO SUPER" thumb="http://swiftstreamz.com/SwiftPanel/images/48005_6016_geosuper.jpg|User-Agent=okhttp%2F3.10.0">PlayMedia(&quot;plugin://plugin.video.tvone11/play/8/458/play.pvr?sf_options=meta%3Dvotes%253D0%2526label%253DGEO%252BSUPER%2526title%253DGEO%252BSUPER%26winID%3D10025%26_options_sf&quot;)</favourite>
	<favourite name="TEN SPORTS PAKISTANI" thumb="http://swiftstreamz.com/SwiftPanel/images/48930_79709_tensportspak.jpg|User-Agent=okhttp%2F3.10.0">PlayMedia(&quot;plugin://plugin.video.tvone11/play/8/460/play.pvr?sf_options=meta%3Dvotes%253D0%2526label%253DTEN%252BSPORTS%252BPAKISTANI%2526title%253DTEN%252BSPORTS%252BPAKISTANI%26winID%3D10025%26_options_sf&quot;)</favourite>
	<favourite name="SONY TEN 1" thumb="http://swiftstreamz.com/SwiftPanel/images/25819_94300_ten1hd.jpg|User-Agent=okhttp%2F3.10.0">PlayMedia(&quot;plugin://plugin.video.tvone11/play/8/505/play.pvr?sf_options=meta%3Dvotes%253D0%2526label%253DSONY%252BTEN%252B1%2526title%253DSONY%252BTEN%252B1%26winID%3D10025%26_options_sf&quot;)</favourite>
	<favourite name="SONY TEN 2" thumb="http://swiftstreamz.com/SwiftPanel/images/58461_43037_ten2hd.jpg|User-Agent=okhttp%2F3.10.0">PlayMedia(&quot;plugin://plugin.video.tvone11/play/8/506/play.pvr?sf_options=meta%3Dvotes%253D0%2526label%253DSONY%252BTEN%252B2%2526title%253DSONY%252BTEN%252B2%26winID%3D10025%26_options_sf&quot;)</favourite>
	<favourite name="SONY TEN 3" thumb="http://swiftstreamz.com/SwiftPanel/images/97963_6734_ten3hd.jpg|User-Agent=okhttp%2F3.10.0">PlayMedia(&quot;plugin://plugin.video.tvone11/play/8/507/play.pvr?sf_options=meta%3Dvotes%253D0%2526label%253DSONY%252BTEN%252B3%2526title%253DSONY%252BTEN%252B3%26winID%3D10025%26_options_sf&quot;)</favourite>
	<favourite name="STAR SPORTS FIRST" thumb="http://swiftstreamz.com/SwiftPanel/images/9063_65023_starsportsfrist.jpg|User-Agent=okhttp%2F3.10.0">PlayMedia(&quot;plugin://plugin.video.tvone11/play/8/508/play.pvr?sf_options=meta%3Dvotes%253D0%2526label%253DSTAR%252BSPORTS%252BFIRST%2526title%253DSTAR%252BSPORTS%252BFIRST%26winID%3D10025%26_options_sf&quot;)</favourite>
	<favourite name="STAR SPORTS SELECT 1" thumb="http://swiftstreamz.com/SwiftPanel/images/40526_55095_starselecthd1.jpg|User-Agent=okhttp%2F3.10.0">PlayMedia(&quot;plugin://plugin.video.tvone11/play/8/527/play.pvr?sf_options=meta%3Dvotes%253D0%2526label%253DSTAR%252BSPORTS%252BSELECT%252B1%2526title%253DSTAR%252BSPORTS%252BSELECT%252B1%26winID%3D10025%26_options_sf&quot;)</favourite>
	<favourite name="STAR SPORTS SELECT 2" thumb="http://swiftstreamz.com/SwiftPanel/images/49657_63286_starselecthd2.jpg|User-Agent=okhttp%2F3.10.0">PlayMedia(&quot;plugin://plugin.video.tvone11/play/8/531/play.pvr?sf_options=meta%3Dvotes%253D0%2526label%253DSTAR%252BSPORTS%252BSELECT%252B2%2526title%253DSTAR%252BSPORTS%252BSELECT%252B2%26winID%3D10025%26_options_sf&quot;)</favourite>
	<favourite name="STAR SPORTS 1" thumb="http://swiftstreamz.com/SwiftPanel/images/94768_54049_starsports1.jpg|User-Agent=okhttp%2F3.10.0">PlayMedia(&quot;plugin://plugin.video.tvone11/play/8/538/play.pvr?sf_options=meta%3Dvotes%253D0%2526label%253DSTAR%252BSPORTS%252B1%2526title%253DSTAR%252BSPORTS%252B1%26winID%3D10025%26_options_sf&quot;)</favourite>
	<favourite name="STAR SPORTS 2" thumb="http://swiftstreamz.com/SwiftPanel/images/24954_22647_86191_starsports2.jpg|User-Agent=okhttp%2F3.10.0">PlayMedia(&quot;plugin://plugin.video.tvone11/play/8/540/play.pvr?sf_options=meta%3Dvotes%253D0%2526label%253DSTAR%252BSPORTS%252B2%2526title%253DSTAR%252BSPORTS%252B2%26winID%3D10025%26_options_sf&quot;)</favourite>
	<favourite name="STAR SPORTS 1 HINDI" thumb="http://swiftstreamz.com/SwiftPanel/images/27689_starsports1hindi.jpg|User-Agent=okhttp%2F3.10.0">PlayMedia(&quot;plugin://plugin.video.tvone11/play/8/555/play.pvr?sf_options=meta%3Dvotes%253D0%2526label%253DSTAR%252BSPORTS%252B1%252BHINDI%2526title%253DSTAR%252BSPORTS%252B1%252BHINDI%26winID%3D10025%26_options_sf&quot;)</favourite>
	<favourite name="STAR SPORTS TAMIL" thumb="http://swiftstreamz.com/SwiftPanel/images/28407_48750_starsptamil.jpg|User-Agent=okhttp%2F3.10.0">PlayMedia(&quot;plugin://plugin.video.tvone11/play/8/561/play.pvr?sf_options=meta%3Dvotes%253D0%2526label%253DSTAR%252BSPORTS%252BTAMIL%2526title%253DSTAR%252BSPORTS%252BTAMIL%26winID%3D10025%26_options_sf&quot;)</favourite>
	<favourite name="SONY SIX" thumb="http://swiftstreamz.com/SwiftPanel/images/84488_86105_sonysix.jpg|User-Agent=okhttp%2F3.10.0">PlayMedia(&quot;plugin://plugin.video.tvone11/play/8/566/play.pvr?sf_options=meta%3Dvotes%253D0%2526label%253DSONY%252BSIX%2526title%253DSONY%252BSIX%26winID%3D10025%26_options_sf&quot;)</favourite>
	<favourite name="WILLOW CRICKET" thumb="http://swiftstreamz.com/SwiftPanel/images/39241_46488_willow.jpg|User-Agent=okhttp%2F3.10.0">PlayMedia(&quot;plugin://plugin.video.tvone11/play/8/570/play.pvr?sf_options=meta%3Dvotes%253D0%2526label%253DWILLOW%252BCRICKET%2526title%253DWILLOW%252BCRICKET%26winID%3D10025%26_options_sf&quot;)</favourite>
	<favourite name="PREMIER SPORTS" thumb="http://swiftstreamz.com/SwiftPanel/images/70798_39093_premiersports.jpg|User-Agent=okhttp%2F3.10.0">PlayMedia(&quot;plugin://plugin.video.tvone11/play/8/574/play.pvr?sf_options=meta%3Dvotes%253D0%2526label%253DPREMIER%252BSPORTS%2526title%253DPREMIER%252BSPORTS%26winID%3D10025%26_options_sf&quot;)</favourite>
	<favourite name="SKY SPORTS NEWS" thumb="http://swiftstreamz.com/SwiftPanel/images/41563_91816_skyspnews.jpg|User-Agent=okhttp%2F3.10.0">PlayMedia(&quot;plugin://plugin.video.tvone11/play/8/580/play.pvr?sf_options=meta%3Dvotes%253D0%2526label%253DSKY%252BSPORTS%252BNEWS%2526title%253DSKY%252BSPORTS%252BNEWS%26winID%3D10025%26_options_sf&quot;)</favourite>
	<favourite name="SKY SPORTS MAIN EVENT" thumb="http://swiftstreamz.com/SwiftPanel/images/93329_43621_skymainevent.jpg|User-Agent=okhttp%2F3.10.0">PlayMedia(&quot;plugin://plugin.video.tvone11/play/8/588/play.pvr?sf_options=meta%3Dvotes%253D0%2526label%253DSKY%252BSPORTS%252BMAIN%252BEVENT%2526title%253DSKY%252BSPORTS%252BMAIN%252BEVENT%26winID%3D10025%26_options_sf&quot;)</favourite>
	<favourite name="SKY SPORTS ACTION" thumb="http://swiftstreamz.com/SwiftPanel/images/26961_30968_skyaction.jpg|User-Agent=okhttp%2F3.10.0">PlayMedia(&quot;plugin://plugin.video.tvone11/play/8/597/play.pvr?sf_options=meta%3Dvotes%253D0%2526label%253DSKY%252BSPORTS%252BACTION%2526title%253DSKY%252BSPORTS%252BACTION%26winID%3D10025%26_options_sf&quot;)</favourite>
	<favourite name="SKY SPORTS GOLF" thumb="http://swiftstreamz.com/SwiftPanel/images/46453_40768_skygolf.jpg|User-Agent=okhttp%2F3.10.0">PlayMedia(&quot;plugin://plugin.video.tvone11/play/8/602/play.pvr?sf_options=meta%3Dvotes%253D0%2526label%253DSKY%252BSPORTS%252BGOLF%2526title%253DSKY%252BSPORTS%252BGOLF%26winID%3D10025%26_options_sf&quot;)</favourite>
	<favourite name="SKY SPORTS LEAGUE" thumb="http://swiftstreamz.com/SwiftPanel/images/93885_89284_skyleauge.jpg|User-Agent=okhttp%2F3.10.0">PlayMedia(&quot;plugin://plugin.video.tvone11/play/8/607/play.pvr?sf_options=meta%3Dvotes%253D0%2526label%253DSKY%252BSPORTS%252BLEAGUE%2526title%253DSKY%252BSPORTS%252BLEAGUE%26winID%3D10025%26_options_sf&quot;)</favourite>
	<favourite name="SKY SPORTS ARENA" thumb="http://swiftstreamz.com/SwiftPanel/images/59946_17287_skyarena.jpg|User-Agent=okhttp%2F3.10.0">PlayMedia(&quot;plugin://plugin.video.tvone11/play/8/613/play.pvr?sf_options=meta%3Dvotes%253D0%2526label%253DSKY%252BSPORTS%252BARENA%2526title%253DSKY%252BSPORTS%252BARENA%26winID%3D10025%26_options_sf&quot;)</favourite>
	<favourite name="SKY SPORTS FOOTBALL" thumb="http://swiftstreamz.com/SwiftPanel/images/49678_3243_skyfootball.jpg|User-Agent=okhttp%2F3.10.0">PlayMedia(&quot;plugin://plugin.video.tvone11/play/8/618/play.pvr?sf_options=meta%3Dvotes%253D0%2526label%253DSKY%252BSPORTS%252BFOOTBALL%2526title%253DSKY%252BSPORTS%252BFOOTBALL%26winID%3D10025%26_options_sf&quot;)</favourite>
	<favourite name="SKY SPORTS F1" thumb="http://swiftstreamz.com/SwiftPanel/images/51391_13208_skyf1new.jpg|User-Agent=okhttp%2F3.10.0">PlayMedia(&quot;plugin://plugin.video.tvone11/play/8/621/play.pvr?sf_options=meta%3Dvotes%253D0%2526label%253DSKY%252BSPORTS%252BF1%2526title%253DSKY%252BSPORTS%252BF1%26winID%3D10025%26_options_sf&quot;)</favourite>
	<favourite name="SKY MIX" thumb="http://swiftstreamz.com/SwiftPanel/images/14895_65882_skymixnew.jpg|User-Agent=okhttp%2F3.10.0">PlayMedia(&quot;plugin://plugin.video.tvone11/play/8/625/play.pvr?sf_options=meta%3Dvotes%253D0%2526label%253DSKY%252BMIX%2526title%253DSKY%252BMIX%26winID%3D10025%26_options_sf&quot;)</favourite>
	<favourite name="SKY NEWS" thumb="http://swiftstreamz.com/SwiftPanel/images/86525_73040_skynewsnew.jpg|User-Agent=okhttp%2F3.10.0">PlayMedia(&quot;plugin://plugin.video.tvone11/play/8/643/play.pvr?sf_options=meta%3Dvotes%253D0%2526label%253DSKY%252BNEWS%2526title%253DSKY%252BNEWS%26winID%3D10025%26_options_sf&quot;)</favourite>
	<favourite name="SETANTA" thumb="http://swiftstreamz.com/SwiftPanel/images/60076_setanta.jpg|User-Agent=okhttp%2F3.10.0">PlayMedia(&quot;plugin://plugin.video.tvone11/play/8/712/play.pvr?sf_options=meta%3Dvotes%253D0%2526label%253DSETANTA%2526title%253DSETANTA%26winID%3D10025%26_options_sf&quot;)</favourite>
	<favourite name="UK RACING" thumb="http://swiftstreamz.com/SwiftPanel/images/15498_ukracing.jpg|User-Agent=okhttp%2F3.10.0">PlayMedia(&quot;plugin://plugin.video.tvone11/play/8/713/play.pvr?sf_options=meta%3Dvotes%253D0%2526label%253DUK%252BRACING%2526title%253DUK%252BRACING%26winID%3D10025%26_options_sf&quot;)</favourite>
	<favourite name="AT THE RACES" thumb="http://swiftstreamz.com/SwiftPanel/images/49951_races.jpg|User-Agent=okhttp%2F3.10.0">PlayMedia(&quot;plugin://plugin.video.tvone11/play/8/714/play.pvr?sf_options=meta%3Dvotes%253D0%2526label%253DAT%252BTHE%252BRACES%2526title%253DAT%252BTHE%252BRACES%26winID%3D10025%26_options_sf&quot;)</favourite>
	<favourite name="Dubai Sports" thumb="http://swiftstreamz.com/SwiftPanel/images/96630_duabisports.jpg|User-Agent=okhttp%2F3.10.0">PlayMedia(&quot;plugin://plugin.video.tvone11/play/8/716/play.pvr?sf_options=meta%3Dvotes%253D0%2526label%253DDubai%252BSports%2526title%253DDubai%252BSports%26winID%3D10025%26_options_sf&quot;)</favourite>
	<favourite name="MUTV" thumb="http://swiftstreamz.com/SwiftPanel/images/75986_mutv.jpg|User-Agent=okhttp%2F3.10.0">PlayMedia(&quot;plugin://plugin.video.tvone11/play/8/717/play.pvr?sf_options=meta%3Dvotes%253D0%2526label%253DMUTV%2526title%253DMUTV%26winID%3D10025%26_options_sf&quot;)</favourite>
	<favourite name="REAL MADRID" thumb="http://swiftstreamz.com/SwiftPanel/images/42420_RealMadrid.jpg|User-Agent=okhttp%2F3.10.0">PlayMedia(&quot;plugin://plugin.video.tvone11/play/8/718/play.pvr?sf_options=meta%3Dvotes%253D0%2526label%253DREAL%252BMADRID%2526title%253DREAL%252BMADRID%26winID%3D10025%26_options_sf&quot;)</favourite>
	<favourite name="LFC TV" thumb="http://swiftstreamz.com/SwiftPanel/images/95242_lfc.jpg|User-Agent=okhttp%2F3.10.0">PlayMedia(&quot;plugin://plugin.video.tvone11/play/8/719/play.pvr?sf_options=meta%3Dvotes%253D0%2526label%253DLFC%252BTV%2526title%253DLFC%252BTV%26winID%3D10025%26_options_sf&quot;)</favourite>
	<favourite name="FOX SPORT 1 USA" thumb="http://swiftstreamz.com/SwiftPanel/images/88643_foxspusa1.jpg|User-Agent=okhttp%2F3.10.0">PlayMedia(&quot;plugin://plugin.video.tvone11/play/8/741/play.pvr?sf_options=meta%3Dvotes%253D0%2526label%253DFOX%252BSPORT%252B1%252BUSA%2526title%253DFOX%252BSPORT%252B1%252BUSA%26winID%3D10025%26_options_sf&quot;)</favourite>
	<favourite name="FOX SPORT 2 USA" thumb="http://swiftstreamz.com/SwiftPanel/images/28614_foxspusa2.jpg|User-Agent=okhttp%2F3.10.0">PlayMedia(&quot;plugin://plugin.video.tvone11/play/8/742/play.pvr?sf_options=meta%3Dvotes%253D0%2526label%253DFOX%252BSPORT%252B2%252BUSA%2526title%253DFOX%252BSPORT%252B2%252BUSA%26winID%3D10025%26_options_sf&quot;)</favourite>
	<favourite name="FOX SPORT 1 NL" thumb="http://swiftstreamz.com/SwiftPanel/images/19153_foxspnl1.jpg|User-Agent=okhttp%2F3.10.0">PlayMedia(&quot;plugin://plugin.video.tvone11/play/8/743/play.pvr?sf_options=meta%3Dvotes%253D0%2526label%253DFOX%252BSPORT%252B1%252BNL%2526title%253DFOX%252BSPORT%252B1%252BNL%26winID%3D10025%26_options_sf&quot;)</favourite>
	<favourite name="FOX SPORT 2 NL" thumb="http://swiftstreamz.com/SwiftPanel/images/99204_foxspnl2.jpg|User-Agent=okhttp%2F3.10.0">PlayMedia(&quot;plugin://plugin.video.tvone11/play/8/744/play.pvr?sf_options=meta%3Dvotes%253D0%2526label%253DFOX%252BSPORT%252B2%252BNL%2526title%253DFOX%252BSPORT%252B2%252BNL%26winID%3D10025%26_options_sf&quot;)</favourite>
	<favourite name="FOX SPORT 3 NL" thumb="http://swiftstreamz.com/SwiftPanel/images/90701_foxspnl3.jpg|User-Agent=okhttp%2F3.10.0">PlayMedia(&quot;plugin://plugin.video.tvone11/play/8/745/play.pvr?sf_options=meta%3Dvotes%253D0%2526label%253DFOX%252BSPORT%252B3%252BNL%2526title%253DFOX%252BSPORT%252B3%252BNL%26winID%3D10025%26_options_sf&quot;)</favourite>
	<favourite name="FOX SPORT 4 NL" thumb="http://swiftstreamz.com/SwiftPanel/images/51587_foxspnl4.jpg|User-Agent=okhttp%2F3.10.0">PlayMedia(&quot;plugin://plugin.video.tvone11/play/8/746/play.pvr?sf_options=meta%3Dvotes%253D0%2526label%253DFOX%252BSPORT%252B4%252BNL%2526title%253DFOX%252BSPORT%252B4%252BNL%26winID%3D10025%26_options_sf&quot;)</favourite>
	<favourite name="FOX SPORT 5 NL" thumb="http://swiftstreamz.com/SwiftPanel/images/63339_foxspnl5.jpg|User-Agent=okhttp%2F3.10.0">PlayMedia(&quot;plugin://plugin.video.tvone11/play/8/747/play.pvr?sf_options=meta%3Dvotes%253D0%2526label%253DFOX%252BSPORT%252B5%252BNL%2526title%253DFOX%252BSPORT%252B5%252BNL%26winID%3D10025%26_options_sf&quot;)</favourite>
	<favourite name="TSN SPORTS 1" thumb="http://swiftstreamz.com/SwiftPanel/images/13453_tsn1.jpg|User-Agent=okhttp%2F3.10.0">PlayMedia(&quot;plugin://plugin.video.tvone11/play/8/748/play.pvr?sf_options=meta%3Dvotes%253D0%2526label%253DTSN%252BSPORTS%252B1%2526title%253DTSN%252BSPORTS%252B1%26winID%3D10025%26_options_sf&quot;)</favourite>
	<favourite name="TSN SPORTS 2" thumb="http://swiftstreamz.com/SwiftPanel/images/88758_tsn2.jpg|User-Agent=okhttp%2F3.10.0">PlayMedia(&quot;plugin://plugin.video.tvone11/play/8/749/play.pvr?sf_options=meta%3Dvotes%253D0%2526label%253DTSN%252BSPORTS%252B2%2526title%253DTSN%252BSPORTS%252B2%26winID%3D10025%26_options_sf&quot;)</favourite>
	<favourite name="TSN SPORTS 3" thumb="http://swiftstreamz.com/SwiftPanel/images/79258_tsn3.jpg|User-Agent=okhttp%2F3.10.0">PlayMedia(&quot;plugin://plugin.video.tvone11/play/8/750/play.pvr?sf_options=meta%3Dvotes%253D0%2526label%253DTSN%252BSPORTS%252B3%2526title%253DTSN%252BSPORTS%252B3%26winID%3D10025%26_options_sf&quot;)</favourite>
	<favourite name="TSN SPORTS 4" thumb="http://swiftstreamz.com/SwiftPanel/images/73162_tsn4.jpg|User-Agent=okhttp%2F3.10.0">PlayMedia(&quot;plugin://plugin.video.tvone11/play/8/751/play.pvr?sf_options=meta%3Dvotes%253D0%2526label%253DTSN%252BSPORTS%252B4%2526title%253DTSN%252BSPORTS%252B4%26winID%3D10025%26_options_sf&quot;)</favourite>
	<favourite name="TSN SPORTS 5" thumb="http://swiftstreamz.com/SwiftPanel/images/90129_tsn5.jpg|User-Agent=okhttp%2F3.10.0">PlayMedia(&quot;plugin://plugin.video.tvone11/play/8/752/play.pvr?sf_options=meta%3Dvotes%253D0%2526label%253DTSN%252BSPORTS%252B5%2526title%253DTSN%252BSPORTS%252B5%26winID%3D10025%26_options_sf&quot;)</favourite>
	<favourite name="SPORTSNET WOLRD" thumb="http://swiftstreamz.com/SwiftPanel/images/61218_sportnetworld.jpg|User-Agent=okhttp%2F3.10.0">PlayMedia(&quot;plugin://plugin.video.tvone11/play/8/753/play.pvr?sf_options=meta%3Dvotes%253D0%2526label%253DSPORTSNET%252BWOLRD%2526title%253DSPORTSNET%252BWOLRD%26winID%3D10025%26_options_sf&quot;)</favourite>
	<favourite name="SPORTSNET ONTARIO" thumb="http://swiftstreamz.com/SwiftPanel/images/96590_sportnetontario.jpg|User-Agent=okhttp%2F3.10.0">PlayMedia(&quot;plugin://plugin.video.tvone11/play/8/754/play.pvr?sf_options=meta%3Dvotes%253D0%2526label%253DSPORTSNET%252BONTARIO%2526title%253DSPORTSNET%252BONTARIO%26winID%3D10025%26_options_sf&quot;)</favourite>
	<favourite name="SPORTSNET ONE" thumb="http://swiftstreamz.com/SwiftPanel/images/40100_sportnetone.jpg|User-Agent=okhttp%2F3.10.0">PlayMedia(&quot;plugin://plugin.video.tvone11/play/8/755/play.pvr?sf_options=meta%3Dvotes%253D0%2526label%253DSPORTSNET%252BONE%2526title%253DSPORTSNET%252BONE%26winID%3D10025%26_options_sf&quot;)</favourite>
	<favourite name="SPORTSNET 360" thumb="http://swiftstreamz.com/SwiftPanel/images/95913_sportnet360.jpg|User-Agent=okhttp%2F3.10.0">PlayMedia(&quot;plugin://plugin.video.tvone11/play/8/756/play.pvr?sf_options=meta%3Dvotes%253D0%2526label%253DSPORTSNET%252B360%2526title%253DSPORTSNET%252B360%26winID%3D10025%26_options_sf&quot;)</favourite>
	<favourite name="AD SPORTS 1" thumb="http://swiftstreamz.com/SwiftPanel/images/21330_AbuDhabiSport1.jpg|User-Agent=okhttp%2F3.10.0">PlayMedia(&quot;plugin://plugin.video.tvone11/play/8/757/play.pvr?sf_options=meta%3Dvotes%253D0%2526label%253DAD%252BSPORTS%252B1%2526title%253DAD%252BSPORTS%252B1%26winID%3D10025%26_options_sf&quot;)</favourite>
	<favourite name="AD SPORTS 2" thumb="http://swiftstreamz.com/SwiftPanel/images/71616_AbuDhabiSport2.jpg|User-Agent=okhttp%2F3.10.0">PlayMedia(&quot;plugin://plugin.video.tvone11/play/8/758/play.pvr?sf_options=meta%3Dvotes%253D0%2526label%253DAD%252BSPORTS%252B2%2526title%253DAD%252BSPORTS%252B2%26winID%3D10025%26_options_sf&quot;)</favourite>
	<favourite name="AD SPORTS 3" thumb="http://swiftstreamz.com/SwiftPanel/images/9611_AbuDhabiSport3.jpg|User-Agent=okhttp%2F3.10.0">PlayMedia(&quot;plugin://plugin.video.tvone11/play/8/759/play.pvr?sf_options=meta%3Dvotes%253D0%2526label%253DAD%252BSPORTS%252B3%2526title%253DAD%252BSPORTS%252B3%26winID%3D10025%26_options_sf&quot;)</favourite>
	<favourite name="AD SPORTS 4" thumb="http://swiftstreamz.com/SwiftPanel/images/92039_AbuDhabiSport4.jpg|User-Agent=okhttp%2F3.10.0">PlayMedia(&quot;plugin://plugin.video.tvone11/play/8/760/play.pvr?sf_options=meta%3Dvotes%253D0%2526label%253DAD%252BSPORTS%252B4%2526title%253DAD%252BSPORTS%252B4%26winID%3D10025%26_options_sf&quot;)</favourite>
	<favourite name="BEIN FRANCE 1" thumb="http://swiftstreamz.com/SwiftPanel/images/36133_beinfr1.jpg|User-Agent=okhttp%2F3.10.0">PlayMedia(&quot;plugin://plugin.video.tvone11/play/8/763/play.pvr?sf_options=meta%3Dvotes%253D0%2526label%253DBEIN%252BFRANCE%252B1%2526title%253DBEIN%252BFRANCE%252B1%26winID%3D10025%26_options_sf&quot;)</favourite>
	<favourite name="BEIN FRANCE 2" thumb="http://swiftstreamz.com/SwiftPanel/images/92053_beinfr2.jpg|User-Agent=okhttp%2F3.10.0">PlayMedia(&quot;plugin://plugin.video.tvone11/play/8/764/play.pvr?sf_options=meta%3Dvotes%253D0%2526label%253DBEIN%252BFRANCE%252B2%2526title%253DBEIN%252BFRANCE%252B2%26winID%3D10025%26_options_sf&quot;)</favourite>
	<favourite name="BEIN FRANCE 3" thumb="http://swiftstreamz.com/SwiftPanel/images/75741_beinfr3.jpg|User-Agent=okhttp%2F3.10.0">PlayMedia(&quot;plugin://plugin.video.tvone11/play/8/765/play.pvr?sf_options=meta%3Dvotes%253D0%2526label%253DBEIN%252BFRANCE%252B3%2526title%253DBEIN%252BFRANCE%252B3%26winID%3D10025%26_options_sf&quot;)</favourite>
	<favourite name="NBC SN" thumb="http://swiftstreamz.com/SwiftPanel/images/26203_nbcsn.jpg|User-Agent=okhttp%2F3.10.0">PlayMedia(&quot;plugin://plugin.video.tvone11/play/8/768/play.pvr?sf_options=meta%3Dvotes%253D0%2526label%253DNBC%252BSN%2526title%253DNBC%252BSN%26winID%3D10025%26_options_sf&quot;)</favourite>
	<favourite name="NFL NETWORK" thumb="http://swiftstreamz.com/SwiftPanel/images/47964_nflnetwork.jpg|User-Agent=okhttp%2F3.10.0">PlayMedia(&quot;plugin://plugin.video.tvone11/play/8/769/play.pvr?sf_options=meta%3Dvotes%253D0%2526label%253DNFL%252BNETWORK%2526title%253DNFL%252BNETWORK%26winID%3D10025%26_options_sf&quot;)</favourite>
	<favourite name="OSN CRICKET" thumb="http://swiftstreamz.com/SwiftPanel/images/32436_osncricnew.jpg|User-Agent=okhttp%2F3.10.0">PlayMedia(&quot;plugin://plugin.video.tvone11/play/8/770/play.pvr?sf_options=meta%3Dvotes%253D0%2526label%253DOSN%252BCRICKET%2526title%253DOSN%252BCRICKET%26winID%3D10025%26_options_sf&quot;)</favourite>
	<favourite name="AlKass Sports 1" thumb="http://swiftstreamz.com/SwiftPanel/images/67285_alkass1.jpg|User-Agent=okhttp%2F3.10.0">PlayMedia(&quot;plugin://plugin.video.tvone11/play/8/771/play.pvr?sf_options=meta%3Dvotes%253D0%2526label%253DAlKass%252BSports%252B1%2526title%253DAlKass%252BSports%252B1%26winID%3D10025%26_options_sf&quot;)</favourite>
	<favourite name="AlKass Sports 2" thumb="http://swiftstreamz.com/SwiftPanel/images/90272_alkass2.jpg|User-Agent=okhttp%2F3.10.0">PlayMedia(&quot;plugin://plugin.video.tvone11/play/8/772/play.pvr?sf_options=meta%3Dvotes%253D0%2526label%253DAlKass%252BSports%252B2%2526title%253DAlKass%252BSports%252B2%26winID%3D10025%26_options_sf&quot;)</favourite>
	<favourite name="AlKass Sports 4" thumb="http://swiftstreamz.com/SwiftPanel/images/50348_alkass4.jpg|User-Agent=okhttp%2F3.10.0">PlayMedia(&quot;plugin://plugin.video.tvone11/play/8/773/play.pvr?sf_options=meta%3Dvotes%253D0%2526label%253DAlKass%252BSports%252B4%2526title%253DAlKass%252BSports%252B4%26winID%3D10025%26_options_sf&quot;)</favourite>
	<favourite name="AlKass Sports 5" thumb="http://swiftstreamz.com/SwiftPanel/images/48427_alkass5.jpg|User-Agent=okhttp%2F3.10.0">PlayMedia(&quot;plugin://plugin.video.tvone11/play/8/774/play.pvr?sf_options=meta%3Dvotes%253D0%2526label%253DAlKass%252BSports%252B5%2526title%253DAlKass%252BSports%252B5%26winID%3D10025%26_options_sf&quot;)</favourite>
	<favourite name="Sports Tv 1" thumb="http://swiftstreamz.com/SwiftPanel/images/40544_sportstv1.jpg|User-Agent=okhttp%2F3.10.0">PlayMedia(&quot;plugin://plugin.video.tvone11/play/8/775/play.pvr?sf_options=meta%3Dvotes%253D0%2526label%253DSports%252BTv%252B1%2526title%253DSports%252BTv%252B1%26winID%3D10025%26_options_sf&quot;)</favourite>
	<favourite name="Sports Tv 2" thumb="http://swiftstreamz.com/SwiftPanel/images/30666_sportstv2.jpg|User-Agent=okhttp%2F3.10.0">PlayMedia(&quot;plugin://plugin.video.tvone11/play/8/776/play.pvr?sf_options=meta%3Dvotes%253D0%2526label%253DSports%252BTv%252B2%2526title%253DSports%252BTv%252B2%26winID%3D10025%26_options_sf&quot;)</favourite>
	<favourite name="Sports Tv 3" thumb="http://swiftstreamz.com/SwiftPanel/images/37212_sportstv3.jpg|User-Agent=okhttp%2F3.10.0">PlayMedia(&quot;plugin://plugin.video.tvone11/play/8/777/play.pvr?sf_options=meta%3Dvotes%253D0%2526label%253DSports%252BTv%252B3%2526title%253DSports%252BTv%252B3%26winID%3D10025%26_options_sf&quot;)</favourite>
	<favourite name="Sports Tv 4" thumb="http://swiftstreamz.com/SwiftPanel/images/6258_sportstv4.jpg|User-Agent=okhttp%2F3.10.0">PlayMedia(&quot;plugin://plugin.video.tvone11/play/8/778/play.pvr?sf_options=meta%3Dvotes%253D0%2526label%253DSports%252BTv%252B4%2526title%253DSports%252BTv%252B4%26winID%3D10025%26_options_sf&quot;)</favourite>
	<favourite name="Sports Tv 5" thumb="http://swiftstreamz.com/SwiftPanel/images/54612_sportstv5.jpg|User-Agent=okhttp%2F3.10.0">PlayMedia(&quot;plugin://plugin.video.tvone11/play/8/779/play.pvr?sf_options=meta%3Dvotes%253D0%2526label%253DSports%252BTv%252B5%2526title%253DSports%252BTv%252B5%26winID%3D10025%26_options_sf&quot;)</favourite>
	<favourite name="BENFICA TV" thumb="http://swiftstreamz.com/SwiftPanel/images/26570_beinficatv.jpg|User-Agent=okhttp%2F3.10.0">PlayMedia(&quot;plugin://plugin.video.tvone11/play/8/780/play.pvr?sf_options=meta%3Dvotes%253D0%2526label%253DBENFICA%252BTV%2526title%253DBENFICA%252BTV%26winID%3D10025%26_options_sf&quot;)</favourite>
	<favourite name="OSN SPORTS 1" thumb="http://swiftstreamz.com/SwiftPanel/images/26447_osnsp1.jpg|User-Agent=okhttp%2F3.10.0">PlayMedia(&quot;plugin://plugin.video.tvone11/play/8/781/play.pvr?sf_options=meta%3Dvotes%253D0%2526label%253DOSN%252BSPORTS%252B1%2526title%253DOSN%252BSPORTS%252B1%26winID%3D10025%26_options_sf&quot;)</favourite>
	<favourite name="OSN SPORTS 2" thumb="http://swiftstreamz.com/SwiftPanel/images/28179_osnsp2.jpg|User-Agent=okhttp%2F3.10.0">PlayMedia(&quot;plugin://plugin.video.tvone11/play/8/782/play.pvr?sf_options=meta%3Dvotes%253D0%2526label%253DOSN%252BSPORTS%252B2%2526title%253DOSN%252BSPORTS%252B2%26winID%3D10025%26_options_sf&quot;)</favourite>
	<favourite name="SKY SP 1 ITALY" thumb="http://swiftstreamz.com/SwiftPanel/images/80667_skysp1italy.jpg|User-Agent=okhttp%2F3.10.0">PlayMedia(&quot;plugin://plugin.video.tvone11/play/8/789/play.pvr?sf_options=meta%3Dvotes%253D0%2526label%253DSKY%252BSP%252B1%252BITALY%2526title%253DSKY%252BSP%252B1%252BITALY%26winID%3D10025%26_options_sf&quot;)</favourite>
	<favourite name="SKY SP 1 DE" thumb="http://swiftstreamz.com/SwiftPanel/images/22117_skyde1.jpg|User-Agent=okhttp%2F3.10.0">PlayMedia(&quot;plugin://plugin.video.tvone11/play/8/790/play.pvr?sf_options=meta%3Dvotes%253D0%2526label%253DSKY%252BSP%252B1%252BDE%2526title%253DSKY%252BSP%252B1%252BDE%26winID%3D10025%26_options_sf&quot;)</favourite>
	<favourite name="SKY SP 2 DE" thumb="http://swiftstreamz.com/SwiftPanel/images/30048_skyde2.jpg|User-Agent=okhttp%2F3.10.0">PlayMedia(&quot;plugin://plugin.video.tvone11/play/8/791/play.pvr?sf_options=meta%3Dvotes%253D0%2526label%253DSKY%252BSP%252B2%252BDE%2526title%253DSKY%252BSP%252B2%252BDE%26winID%3D10025%26_options_sf&quot;)</favourite>
	<favourite name="SKYNET HD" thumb="http://swiftstreamz.com/SwiftPanel/images/65041_skynethd.jpg|User-Agent=okhttp%2F3.10.0">PlayMedia(&quot;plugin://plugin.video.tvone11/play/8/792/play.pvr?sf_options=meta%3Dvotes%253D0%2526label%253DSKYNET%252BHD%2526title%253DSKYNET%252BHD%26winID%3D10025%26_options_sf&quot;)</favourite>
	<favourite name="SUPER SPORTS 1" thumb="http://swiftstreamz.com/SwiftPanel/images/60070_super1.jpg|User-Agent=okhttp%2F3.10.0">PlayMedia(&quot;plugin://plugin.video.tvone11/play/8/793/play.pvr?sf_options=meta%3Dvotes%253D0%2526label%253DSUPER%252BSPORTS%252B1%2526title%253DSUPER%252BSPORTS%252B1%26winID%3D10025%26_options_sf&quot;)</favourite>
	<favourite name="SUPER SPORTS 2" thumb="http://swiftstreamz.com/SwiftPanel/images/28670_super2.jpg|User-Agent=okhttp%2F3.10.0">PlayMedia(&quot;plugin://plugin.video.tvone11/play/8/794/play.pvr?sf_options=meta%3Dvotes%253D0%2526label%253DSUPER%252BSPORTS%252B2%2526title%253DSUPER%252BSPORTS%252B2%26winID%3D10025%26_options_sf&quot;)</favourite>
	<favourite name="SUPER SPORTS 3" thumb="http://swiftstreamz.com/SwiftPanel/images/74487_super3.jpg|User-Agent=okhttp%2F3.10.0">PlayMedia(&quot;plugin://plugin.video.tvone11/play/8/795/play.pvr?sf_options=meta%3Dvotes%253D0%2526label%253DSUPER%252BSPORTS%252B3%2526title%253DSUPER%252BSPORTS%252B3%26winID%3D10025%26_options_sf&quot;)</favourite>
	<favourite name="SUPER SPORTS 4" thumb="http://swiftstreamz.com/SwiftPanel/images/463_super4.jpg|User-Agent=okhttp%2F3.10.0">PlayMedia(&quot;plugin://plugin.video.tvone11/play/8/796/play.pvr?sf_options=meta%3Dvotes%253D0%2526label%253DSUPER%252BSPORTS%252B4%2526title%253DSUPER%252BSPORTS%252B4%26winID%3D10025%26_options_sf&quot;)</favourite>
	<favourite name="EIR SPORTS 1" thumb="http://swiftstreamz.com/SwiftPanel/images/31601_eirsp1.jpg|User-Agent=okhttp%2F3.10.0">PlayMedia(&quot;plugin://plugin.video.tvone11/play/8/798/play.pvr?sf_options=meta%3Dvotes%253D0%2526label%253DEIR%252BSPORTS%252B1%2526title%253DEIR%252BSPORTS%252B1%26winID%3D10025%26_options_sf&quot;)</favourite>
	<favourite name="EIR SPORTS 2" thumb="http://swiftstreamz.com/SwiftPanel/images/70771_eirsp2.jpg|User-Agent=okhttp%2F3.10.0">PlayMedia(&quot;plugin://plugin.video.tvone11/play/8/799/play.pvr?sf_options=meta%3Dvotes%253D0%2526label%253DEIR%252BSPORTS%252B2%2526title%253DEIR%252BSPORTS%252B2%26winID%3D10025%26_options_sf&quot;)</favourite>
	<favourite name="DIGI SPORTS 1" thumb="http://swiftstreamz.com/SwiftPanel/images/24224_digi1.jpg|User-Agent=okhttp%2F3.10.0">PlayMedia(&quot;plugin://plugin.video.tvone11/play/8/800/play.pvr?sf_options=meta%3Dvotes%253D0%2526label%253DDIGI%252BSPORTS%252B1%2526title%253DDIGI%252BSPORTS%252B1%26winID%3D10025%26_options_sf&quot;)</favourite>
	<favourite name="DIGI SPORTS 2" thumb="http://swiftstreamz.com/SwiftPanel/images/80731_digi2.jpg|User-Agent=okhttp%2F3.10.0">PlayMedia(&quot;plugin://plugin.video.tvone11/play/8/801/play.pvr?sf_options=meta%3Dvotes%253D0%2526label%253DDIGI%252BSPORTS%252B2%2526title%253DDIGI%252BSPORTS%252B2%26winID%3D10025%26_options_sf&quot;)</favourite>
	<favourite name="DIGI SPORTS 3" thumb="http://swiftstreamz.com/SwiftPanel/images/20444_digi3.jpg|User-Agent=okhttp%2F3.10.0">PlayMedia(&quot;plugin://plugin.video.tvone11/play/8/802/play.pvr?sf_options=meta%3Dvotes%253D0%2526label%253DDIGI%252BSPORTS%252B3%2526title%253DDIGI%252BSPORTS%252B3%26winID%3D10025%26_options_sf&quot;)</favourite>
	<favourite name="DIGI SPORTS 4" thumb="http://swiftstreamz.com/SwiftPanel/images/35072_digi4.jpg|User-Agent=okhttp%2F3.10.0">PlayMedia(&quot;plugin://plugin.video.tvone11/play/8/803/play.pvr?sf_options=meta%3Dvotes%253D0%2526label%253DDIGI%252BSPORTS%252B4%2526title%253DDIGI%252BSPORTS%252B4%26winID%3D10025%26_options_sf&quot;)</favourite>
	<favourite name="D SPORTS" thumb="http://swiftstreamz.com/SwiftPanel/images/2095_dsports.jpg|User-Agent=okhttp%2F3.10.0">PlayMedia(&quot;plugin://plugin.video.tvone11/play/8/805/play.pvr?sf_options=meta%3Dvotes%253D0%2526label%253DD%252BSPORTS%2526title%253DD%252BSPORTS%26winID%3D10025%26_options_sf&quot;)</favourite>
	<favourite name="SFR SPORTS 1" thumb="http://swiftstreamz.com/SwiftPanel/images/44385_sfrsp1.jpg|User-Agent=okhttp%2F3.10.0">PlayMedia(&quot;plugin://plugin.video.tvone11/play/8/806/play.pvr?sf_options=meta%3Dvotes%253D0%2526label%253DSFR%252BSPORTS%252B1%2526title%253DSFR%252BSPORTS%252B1%26winID%3D10025%26_options_sf&quot;)</favourite>
	<favourite name="SFR SPORTS 2" thumb="http://swiftstreamz.com/SwiftPanel/images/77643_sfrsp2.jpg|User-Agent=okhttp%2F3.10.0">PlayMedia(&quot;plugin://plugin.video.tvone11/play/8/807/play.pvr?sf_options=meta%3Dvotes%253D0%2526label%253DSFR%252BSPORTS%252B2%2526title%253DSFR%252BSPORTS%252B2%26winID%3D10025%26_options_sf&quot;)</favourite>
	<favourite name="SFR SPORTS 3" thumb="http://swiftstreamz.com/SwiftPanel/images/99659_sfrsp3.jpg|User-Agent=okhttp%2F3.10.0">PlayMedia(&quot;plugin://plugin.video.tvone11/play/8/808/play.pvr?sf_options=meta%3Dvotes%253D0%2526label%253DSFR%252BSPORTS%252B3%2526title%253DSFR%252BSPORTS%252B3%26winID%3D10025%26_options_sf&quot;)</favourite>
	<favourite name="FREE SPORTS" thumb="http://swiftstreamz.com/SwiftPanel/images/62600_freesports.jpg|User-Agent=okhttp%2F3.10.0">PlayMedia(&quot;plugin://plugin.video.tvone11/play/8/809/play.pvr?sf_options=meta%3Dvotes%253D0%2526label%253DFREE%252BSPORTS%2526title%253DFREE%252BSPORTS%26winID%3D10025%26_options_sf&quot;)</favourite>
	<favourite name="BT ESPN" thumb="http://swiftstreamz.com/SwiftPanel/images/34033_btespn.jpg|User-Agent=okhttp%2F3.10.0">PlayMedia(&quot;plugin://plugin.video.tvone11/play/8/811/play.pvr?sf_options=meta%3Dvotes%253D0%2526label%253DBT%252BESPN%2526title%253DBT%252BESPN%26winID%3D10025%26_options_sf&quot;)</favourite>
	<favourite name="BEOUTQ 1" thumb="http://swiftstreamz.com/SwiftPanel/images/76242_beouq1.jpg|User-Agent=okhttp%2F3.10.0">PlayMedia(&quot;plugin://plugin.video.tvone11/play/8/820/play.pvr?sf_options=meta%3Dvotes%253D0%2526label%253DBEOUTQ%252B1%2526title%253DBEOUTQ%252B1%26winID%3D10025%26_options_sf&quot;)</favourite>
	<favourite name="BEOUTQ 2" thumb="http://swiftstreamz.com/SwiftPanel/images/75586_beoutq2.jpg|User-Agent=okhttp%2F3.10.0">PlayMedia(&quot;plugin://plugin.video.tvone11/play/8/821/play.pvr?sf_options=meta%3Dvotes%253D0%2526label%253DBEOUTQ%252B2%2526title%253DBEOUTQ%252B2%26winID%3D10025%26_options_sf&quot;)</favourite>
	<favourite name="BEOUTQ 3" thumb="http://swiftstreamz.com/SwiftPanel/images/70964_beoutq3.jpg|User-Agent=okhttp%2F3.10.0">PlayMedia(&quot;plugin://plugin.video.tvone11/play/8/822/play.pvr?sf_options=meta%3Dvotes%253D0%2526label%253DBEOUTQ%252B3%2526title%253DBEOUTQ%252B3%26winID%3D10025%26_options_sf&quot;)</favourite>
	<favourite name="BEOUTQ 4" thumb="http://swiftstreamz.com/SwiftPanel/images/93988_beoutq4.jpg|User-Agent=okhttp%2F3.10.0">PlayMedia(&quot;plugin://plugin.video.tvone11/play/8/823/play.pvr?sf_options=meta%3Dvotes%253D0%2526label%253DBEOUTQ%252B4%2526title%253DBEOUTQ%252B4%26winID%3D10025%26_options_sf&quot;)</favourite>
	<favourite name="BEOUTQ 5" thumb="http://swiftstreamz.com/SwiftPanel/images/5161_beoutq5.jpg|User-Agent=okhttp%2F3.10.0">PlayMedia(&quot;plugin://plugin.video.tvone11/play/8/824/play.pvr?sf_options=meta%3Dvotes%253D0%2526label%253DBEOUTQ%252B5%2526title%253DBEOUTQ%252B5%26winID%3D10025%26_options_sf&quot;)</favourite>
	<favourite name="BEOUTQ 6" thumb="http://swiftstreamz.com/SwiftPanel/images/54346_beoutq6.jpg|User-Agent=okhttp%2F3.10.0">PlayMedia(&quot;plugin://plugin.video.tvone11/play/8/825/play.pvr?sf_options=meta%3Dvotes%253D0%2526label%253DBEOUTQ%252B6%2526title%253DBEOUTQ%252B6%26winID%3D10025%26_options_sf&quot;)</favourite>
	<favourite name="BEOUTQ 7" thumb="http://swiftstreamz.com/SwiftPanel/images/44811_beoutq7.jpg|User-Agent=okhttp%2F3.10.0">PlayMedia(&quot;plugin://plugin.video.tvone11/play/8/826/play.pvr?sf_options=meta%3Dvotes%253D0%2526label%253DBEOUTQ%252B7%2526title%253DBEOUTQ%252B7%26winID%3D10025%26_options_sf&quot;)</favourite>
	<favourite name="ASTRO CRICKET" thumb="http://swiftstreamz.com/SwiftPanel/images/17738_astrocricket.jpg|User-Agent=okhttp%2F3.10.0">PlayMedia(&quot;plugin://plugin.video.tvone11/play/8/830/play.pvr?sf_options=meta%3Dvotes%253D0%2526label%253DASTRO%252BCRICKET%2526title%253DASTRO%252BCRICKET%26winID%3D10025%26_options_sf&quot;)</favourite>
	<favourite name="KSA SPORTS 1" thumb="http://swiftstreamz.com/SwiftPanel/images/76802_saudisports1.jpg|User-Agent=okhttp%2F3.10.0">PlayMedia(&quot;plugin://plugin.video.tvone11/play/8/831/play.pvr?sf_options=meta%3Dvotes%253D0%2526label%253DKSA%252BSPORTS%252B1%2526title%253DKSA%252BSPORTS%252B1%26winID%3D10025%26_options_sf&quot;)</favourite>
	<favourite name="KSA SPORTS 2" thumb="http://swiftstreamz.com/SwiftPanel/images/91180_saudisports2.jpg|User-Agent=okhttp%2F3.10.0">PlayMedia(&quot;plugin://plugin.video.tvone11/play/8/832/play.pvr?sf_options=meta%3Dvotes%253D0%2526label%253DKSA%252BSPORTS%252B2%2526title%253DKSA%252BSPORTS%252B2%26winID%3D10025%26_options_sf&quot;)</favourite>
	<favourite name="SPORTS MAX" thumb="http://swiftstreamz.com/SwiftPanel/images/24808_sportsmax.jpg|User-Agent=okhttp%2F3.10.0">PlayMedia(&quot;plugin://plugin.video.tvone11/play/8/834/play.pvr?sf_options=meta%3Dvotes%253D0%2526label%253DSPORTS%252BMAX%2526title%253DSPORTS%252BMAX%26winID%3D10025%26_options_sf&quot;)</favourite>
	<favourite name="STAR SPORTS 3" thumb="http://swiftstreamz.com/SwiftPanel/images/19326_32980_starsports3.jpg|User-Agent=okhttp%2F3.10.0">PlayMedia(&quot;plugin://plugin.video.tvone11/play/8/559/play.pvr?sf_options=meta%3Dvotes%253D0%2526label%253DSTAR%252BSPORTS%252B3%2526title%253DSTAR%252BSPORTS%252B3%26winID%3D10025%26_options_sf&quot;)</favourite>
	<favourite name="SKY SPORTS MAIN EVENT" thumb="http://swiftstreamz.com/SwiftPanel/images/93329_43621_skymainevent.jpg|User-Agent=okhttp%2F3.10.0">PlayMedia(&quot;plugin://plugin.video.tvone11/play/8/586/play.pvr?sf_options=meta%3Dvotes%253D0%2526label%253DSKY%252BSPORTS%252BMAIN%252BEVENT%2526title%253DSKY%252BSPORTS%252BMAIN%252BEVENT%26winID%3D10025%26_options_sf&quot;)</favourite>
	<favourite name="SKY SPORTS CRICKET" thumb="http://swiftstreamz.com/SwiftPanel/images/97531_skycricket.jpg|User-Agent=okhttp%2F3.10.0">PlayMedia(&quot;plugin://plugin.video.tvone11/play/8/587/play.pvr?sf_options=meta%3Dvotes%253D0%2526label%253DSKY%252BSPORTS%252BCRICKET%2526title%253DSKY%252BSPORTS%252BCRICKET%26winID%3D10025%26_options_sf&quot;)</favourite>
</favourites>