<favourites>
	<favourite name="Ζωντανά κανάλια με παιδικά" thumb="special://home/addons\resource.images.alivegr.artwork\resources\alivegr\kids_live+alivegr.png">ActivateWindow(10025,&quot;plugin://plugin.video.AliveGR/?action=kids_live&amp;sf_options=fanart%3Dspecial%3A%2F%2Fhome%2Faddons%5Cplugin.video.AliveGR%5Cfanart.jpg%26meta%3Dlabel%253D%2525CE%252596%2525CF%252589%2525CE%2525BD%2525CF%252584%2525CE%2525B1%2525CE%2525BD%2525CE%2525AC%252B%2525CE%2525BA%2525CE%2525B1%2525CE%2525BD%2525CE%2525AC%2525CE%2525BB%2525CE%2525B9%2525CE%2525B1%252B%2525CE%2525BC%2525CE%2525B5%252B%2525CF%252580%2525CE%2525B1%2525CE%2525B9%2525CE%2525B4%2525CE%2525B9%2525CE%2525BA%2525CE%2525AC%26_options_sf&quot;,return)</favourite>
	<favourite name="NICKELODEON GREECE" thumb="http://swiftstreamz.com/SwiftPanel/images/99977_nickelodeon.jpg|User-Agent=okhttp%2F3.10.0">PlayMedia(&quot;plugin://plugin.video.tvone11/play/36/1633/play.pvr?sf_options=meta%3Dvotes%253D0%2526label%253DNICKELODEON%252BGREECE%2526title%253DNICKELODEON%252BGREECE%26winID%3D10025%26_options_sf&quot;)</favourite>
	<favourite name="SMILE TV CY" thumb="http://i.imgur.com/fExrqlx.png">PlayMedia(&quot;plugin://plugin.video.live.streamspro/?url=http%3A%2F%2Fmaster.cystreams.com%3A25461%2Flive%2Fgreek%2Fmacedonia%2F119.ts&amp;mode=12&amp;iconimage=http%3A%2F%2Fi.imgur.com%2FfExrqlx.png&amp;sf_options=meta%3Dvotes%253D0%2526label%253DSMILE%252BTV%252BCY%2526title%253DSMILE%252BTV%252BCY%26winID%3D10025%26_options_sf&quot;)</favourite>
	<favourite name="KIDS TV" thumb="https://i.imgur.com/7sUmqv2.png">PlayMedia(&quot;plugin://plugin.video.live.streamspro/?url=http%3A%2F%2Fwpso.com%3A1936%2Fhls%2Fkidshd.m3u8&amp;mode=12&amp;iconimage=https%3A%2F%2Fi.imgur.com%2F7sUmqv2.png&amp;sf_options=meta%3Dvotes%253D0%2526label%253DKIDS%252BTV%2526title%253DKIDS%252BTV%26winID%3D10025%26_options_sf&quot;)</favourite>
	<favourite name="Cartoons 4U" thumb="https://i.imgur.com/AjnHVZw.png">PlayMedia(&quot;plugin://plugin.video.live.streamspro/?url=https%3A%2F%2Fedge1.dashmedia.tv%2Fonestudio%2Fcartoons_4u%2Fplaylist.m3u8%3Ffluxustv.m3u8&amp;mode=12&amp;iconimage=https%3A%2F%2Fi.imgur.com%2FAjnHVZw.png&amp;sf_options=meta%3Dvotes%253D0%2526label%253DCartoons%252B4U%2526title%253DCartoons%252B4U%26winID%3D10025%26_options_sf&quot;)</favourite>
	<favourite name="Disney Junior" thumb="https://vignette.wikia.nocookie.net/disney/images/8/83/Disney_Junior_Logo.png">PlayMedia(&quot;plugin://plugin.video.live.streamspro/?url=https%3A%2F%2Fcontent-ause4.uplynk.com%2Fchannel%2F2696c852412a4041ba3b771e0a5e3c74%2Fh.m3u8%3Fexp%3D1557726334%26ct%3Dc%26cid%3D2696c852412a4041ba3b771e0a5e3c74%26iph%3Ddfedfaaeca06c9f40140cd2a0ac49a55790c044d07d90e043edad3ab32e2f603%26rays%3Dhjigfedcba%26euid%3D5F8C9D89-CA39-4C23-9A6B-2A6A0A145CCB_013_1_001_live_04-06-99_1.1.1.15%26cdn%3Dec%26stgcfg%3Ddatg%26pp2ip%3D0%26delay%3D10800%26ddp%3D1%26expand%3DdrmOff%26v%3D3%26sig%3Da07044f5b44c510bab5cd40a76b8b5839f0711064f090d2747280ebd7798e0dc%26pbs%3D377d94b7fb794124b73c58474a01270a&amp;mode=12&amp;iconimage=https%3A%2F%2Fvignette.wikia.nocookie.net%2Fdisney%2Fimages%2F8%2F83%2FDisney_Junior_Logo.png&amp;sf_options=meta%3Dvotes%253D0%2526label%253DDisney%252BJunior%2526title%253DDisney%252BJunior%26winID%3D10025%26_options_sf&quot;)</favourite>
	<favourite name="Duck TV (MENA) (New!)" thumb="http://gostreamtv.com/wp-content/uploads/channel-logos/duck-tv-logo.png">PlayMedia(&quot;plugin://plugin.video.live.streamspro/?url=http%3A%2F%2Flivecdnh3.tvanywhere.ae%2Fhls%2Fduck%2F04.m3u8&amp;mode=12&amp;iconimage=http%3A%2F%2Fgostreamtv.com%2Fwp-content%2Fuploads%2Fchannel-logos%2Fduck-tv-logo.png&amp;sf_options=meta%3Dvotes%253D0%2526label%253DDuck%252BTV%252B%252528MENA%252529%252B%252528New%252521%252529%2526title%253DDuck%252BTV%252B%252528MENA%252529%252B%252528New%252521%252529%26winID%3D10025%26_options_sf&quot;)</favourite>
	<favourite name="Kartoon Fun Time (Opt-1)" thumb="https://i.imgur.com/ESnlHMY.png">PlayMedia(&quot;plugin://plugin.video.live.streamspro/?url=https%3A%2F%2Fedge1.dashmedia.tv%2Fonestudio%2Fkartoonfuntime%2Fplaylist.m3u8%3Ffluxustv.m3u8&amp;mode=12&amp;iconimage=https%3A%2F%2Fi.imgur.com%2FESnlHMY.png&amp;sf_options=meta%3Dvotes%253D0%2526label%253DKartoon%252BFun%252BTime%252B%252528Opt-1%252529%2526title%253DKartoon%252BFun%252BTime%252B%252528Opt-1%252529%26winID%3D10025%26_options_sf&quot;)</favourite>
	<favourite name="Kartoon Fun Time (Opt-2)" thumb="https://i.imgur.com/ESnlHMY.png">PlayMedia(&quot;plugin://plugin.video.live.streamspro/?url=https%3A%2F%2Fnimble.dashmedia.tv%2Fonestudio%2Fkartoonfuntime%2Fplaylist.m3u8%3Ffluxustv.m3u8&amp;mode=12&amp;iconimage=https%3A%2F%2Fi.imgur.com%2FESnlHMY.png&amp;sf_options=meta%3Dvotes%253D0%2526label%253DKartoon%252BFun%252BTime%252B%252528Opt-2%252529%2526title%253DKartoon%252BFun%252BTime%252B%252528Opt-2%252529%26winID%3D10025%26_options_sf&quot;)</favourite>
	<favourite name="DE - Cartoon Network" thumb="http://taptube.net/tvtap1/images/channel_imgs/250118041001cn.png|User-Agent=Dalvik%2F2.1.0%20%28Linux%3B%20U%3B%20Android%205.1.1%3B%20AFTS%20Build%2FLVY48F%29">PlayMedia(&quot;plugin://plugin.video.tvone/play/651/play.pvr?sf_options=meta%3Dvotes%253D0%2526label%253DDE%252B-%252BCartoon%252BNetwork%2526title%253DDE%252B-%252BCartoon%252BNetwork%26winID%3D10025%26_options_sf&quot;)</favourite>
	<favourite name="DE - Cinemagic" thumb="http://taptube.net/tvtap1/images/channel_imgs/250118035206cine.png|User-Agent=Dalvik%2F2.1.0%20%28Linux%3B%20U%3B%20Android%205.1.1%3B%20AFTS%20Build%2FLVY48F%29">PlayMedia(&quot;plugin://plugin.video.tvone/play/634/play.pvr?sf_options=meta%3Dvotes%253D0%2526label%253DDE%252B-%252BCinemagic%2526title%253DDE%252B-%252BCinemagic%26winID%3D10025%26_options_sf&quot;)</favourite>
	<favourite name="IT - Cartoon Network" thumb="http://taptube.net/tvtap1/images/channel_imgs/131217012619cnn.png|User-Agent=Dalvik%2F2.1.0%20%28Linux%3B%20U%3B%20Android%205.1.1%3B%20AFTS%20Build%2FLVY48F%29">PlayMedia(&quot;plugin://plugin.video.tvone/play/439/play.pvr?sf_options=meta%3Dvotes%253D0%2526label%253DIT%252B-%252BCartoon%252BNetwork%2526title%253DIT%252B-%252BCartoon%252BNetwork%26winID%3D10025%26_options_sf&quot;)</favourite>
	<favourite name="DE - Disney Channel" thumb="http://taptube.net/tvtap1/images/channel_imgs/150617081528disney.png|User-Agent=Dalvik%2F2.1.0%20%28Linux%3B%20U%3B%20Android%205.1.1%3B%20AFTS%20Build%2FLVY48F%29">PlayMedia(&quot;plugin://plugin.video.tvone/play/383/play.pvr?sf_options=meta%3Dvotes%253D0%2526label%253DDE%252B-%252BDisney%252BChannel%2526title%253DDE%252B-%252BDisney%252BChannel%26winID%3D10025%26_options_sf&quot;)</favourite>
	<favourite name="IT - Baby TV" thumb="http://taptube.net/tvtap1/images/channel_imgs/111018013256baby.jpg|User-Agent=Dalvik%2F2.1.0%20%28Linux%3B%20U%3B%20Android%205.1.1%3B%20AFTS%20Build%2FLVY48F%29">PlayMedia(&quot;plugin://plugin.video.tvone/play/813/play.pvr?sf_options=meta%3Dvotes%253D0%2526label%253DIT%252B-%252BBaby%252BTV%2526title%253DIT%252B-%252BBaby%252BTV%26winID%3D10025%26_options_sf&quot;)</favourite>
	<favourite name="IT - Boomerang" thumb="http://taptube.net/tvtap1/images/channel_imgs/111018013155boome.gif|User-Agent=Dalvik%2F2.1.0%20%28Linux%3B%20U%3B%20Android%205.1.1%3B%20AFTS%20Build%2FLVY48F%29">PlayMedia(&quot;plugin://plugin.video.tvone/play/812/play.pvr?sf_options=meta%3Dvotes%253D0%2526label%253DIT%252B-%252BBoomerang%2526title%253DIT%252B-%252BBoomerang%26winID%3D10025%26_options_sf&quot;)</favourite>
	<favourite name="IT - Dea Kids" thumb="http://taptube.net/tvtap1/images/channel_imgs/251218011114static.php|User-Agent=Dalvik%2F2.1.0%20%28Linux%3B%20U%3B%20Android%205.1.1%3B%20AFTS%20Build%2FLVY48F%29">PlayMedia(&quot;plugin://plugin.video.tvone/play/811/play.pvr?sf_options=meta%3Dvotes%253D0%2526label%253DIT%252B-%252BDea%252BKids%2526title%253DIT%252B-%252BDea%252BKids%26winID%3D10025%26_options_sf&quot;)</favourite>
	<favourite name="IT - Disney" thumb="http://taptube.net/tvtap1/images/channel_imgs/131217013105diss.jpg|User-Agent=Dalvik%2F2.1.0%20%28Linux%3B%20U%3B%20Android%205.1.1%3B%20AFTS%20Build%2FLVY48F%29">PlayMedia(&quot;plugin://plugin.video.tvone/play/441/play.pvr?sf_options=meta%3Dvotes%253D0%2526label%253DIT%252B-%252BDisney%2526title%253DIT%252B-%252BDisney%26winID%3D10025%26_options_sf&quot;)</favourite>
	<favourite name="IT - Disney Junior" thumb="http://taptube.net/tvtap1/images/channel_imgs/310818124511juni.jpg|User-Agent=Dalvik%2F2.1.0%20%28Linux%3B%20U%3B%20Android%205.1.1%3B%20AFTS%20Build%2FLVY48F%29">PlayMedia(&quot;plugin://plugin.video.tvone/play/789/play.pvr?sf_options=meta%3Dvotes%253D0%2526label%253DIT%252B-%252BDisney%252BJunior%2526title%253DIT%252B-%252BDisney%252BJunior%26winID%3D10025%26_options_sf&quot;)</favourite>
	<favourite name="IT - Disney XD" thumb="http://taptube.net/tvtap1/images/channel_imgs/310818124623xdd.png|User-Agent=Dalvik%2F2.1.0%20%28Linux%3B%20U%3B%20Android%205.1.1%3B%20AFTS%20Build%2FLVY48F%29">PlayMedia(&quot;plugin://plugin.video.tvone/play/790/play.pvr?sf_options=meta%3Dvotes%253D0%2526label%253DIT%252B-%252BDisney%252BXD%2526title%253DIT%252B-%252BDisney%252BXD%26winID%3D10025%26_options_sf&quot;)</favourite>
	<favourite name="IT - Nicklodean" thumb="http://taptube.net/tvtap1/images/channel_imgs/310818124938nicku.png|User-Agent=Dalvik%2F2.1.0%20%28Linux%3B%20U%3B%20Android%205.1.1%3B%20AFTS%20Build%2FLVY48F%29">PlayMedia(&quot;plugin://plugin.video.tvone/play/791/play.pvr?sf_options=meta%3Dvotes%253D0%2526label%253DIT%252B-%252BNicklodean%2526title%253DIT%252B-%252BNicklodean%26winID%3D10025%26_options_sf&quot;)</favourite>
	<favourite name="UK - Cartoon Network" thumb="http://taptube.net/tvtap1/images/channel_imgs/160116115659cn.png|User-Agent=Dalvik%2F2.1.0%20%28Linux%3B%20U%3B%20Android%205.1.1%3B%20AFTS%20Build%2FLVY48F%29">PlayMedia(&quot;plugin://plugin.video.tvone/play/62/play.pvr?sf_options=meta%3Dvotes%253D0%2526label%253DUK%252B-%252BCartoon%252BNetwork%2526title%253DUK%252B-%252BCartoon%252BNetwork%26winID%3D10025%26_options_sf&quot;)</favourite>
	<favourite name="UK - Cbeebies" thumb="http://taptube.net/tvtap1/images/channel_imgs/201217101342cbee.png|User-Agent=Dalvik%2F2.1.0%20%28Linux%3B%20U%3B%20Android%205.1.1%3B%20AFTS%20Build%2FLVY48F%29">PlayMedia(&quot;plugin://plugin.video.tvone/play/498/play.pvr?sf_options=meta%3Dvotes%253D0%2526label%253DUK%252B-%252BCbeebies%2526title%253DUK%252B-%252BCbeebies%26winID%3D10025%26_options_sf&quot;)</favourite>
	<favourite name="UK - Disney Junior" thumb="http://taptube.net/tvtap1/images/channel_imgs/160116014600disj.jpg|User-Agent=Dalvik%2F2.1.0%20%28Linux%3B%20U%3B%20Android%205.1.1%3B%20AFTS%20Build%2FLVY48F%29">PlayMedia(&quot;plugin://plugin.video.tvone/play/96/play.pvr?sf_options=meta%3Dvotes%253D0%2526label%253DUK%252B-%252BDisney%252BJunior%2526title%253DUK%252B-%252BDisney%252BJunior%26winID%3D10025%26_options_sf&quot;)</favourite>
	<favourite name="UK - Disney" thumb="http://taptube.net/tvtap1/images/channel_imgs/160116012005disnep.jpg|User-Agent=Dalvik%2F2.1.0%20%28Linux%3B%20U%3B%20Android%205.1.1%3B%20AFTS%20Build%2FLVY48F%29">PlayMedia(&quot;plugin://plugin.video.tvone/play/95/play.pvr?sf_options=meta%3Dvotes%253D0%2526label%253DUK%252B-%252BDisney%2526title%253DUK%252B-%252BDisney%26winID%3D10025%26_options_sf&quot;)</favourite>
	<favourite name="UK - Nick" thumb="http://taptube.net/tvtap1/images/channel_imgs/200116021059nick.png|User-Agent=Dalvik%2F2.1.0%20%28Linux%3B%20U%3B%20Android%205.1.1%3B%20AFTS%20Build%2FLVY48F%29">PlayMedia(&quot;plugin://plugin.video.tvone/play/165/play.pvr?sf_options=meta%3Dvotes%253D0%2526label%253DUK%252B-%252BNick%2526title%253DUK%252B-%252BNick%26winID%3D10025%26_options_sf&quot;)</favourite>
	<favourite name="UK - Disney XD" thumb="http://taptube.net/tvtap1/images/channel_imgs/070216061240disneyxd.png|User-Agent=Dalvik%2F2.1.0%20%28Linux%3B%20U%3B%20Android%205.1.1%3B%20AFTS%20Build%2FLVY48F%29">PlayMedia(&quot;plugin://plugin.video.tvone/play/250/play.pvr?sf_options=meta%3Dvotes%253D0%2526label%253DUK%252B-%252BDisney%252BXD%2526title%253DUK%252B-%252BDisney%252BXD%26winID%3D10025%26_options_sf&quot;)</favourite>
	<favourite name="UK - Nick jr.too" thumb="http://taptube.net/tvtap1/images/channel_imgs/250118040355jr.png|User-Agent=Dalvik%2F2.1.0%20%28Linux%3B%20U%3B%20Android%205.1.1%3B%20AFTS%20Build%2FLVY48F%29">PlayMedia(&quot;plugin://plugin.video.tvone/play/644/play.pvr?sf_options=meta%3Dvotes%253D0%2526label%253DUK%252B-%252BNick%252Bjr.too%2526title%253DUK%252B-%252BNick%252Bjr.too%26winID%3D10025%26_options_sf&quot;)</favourite>
	<favourite name="UK - Nick jr" thumb="http://taptube.net/tvtap1/images/channel_imgs/250118040447nickjr.jpg|User-Agent=Dalvik%2F2.1.0%20%28Linux%3B%20U%3B%20Android%205.1.1%3B%20AFTS%20Build%2FLVY48F%29">PlayMedia(&quot;plugin://plugin.video.tvone/play/645/play.pvr?sf_options=meta%3Dvotes%253D0%2526label%253DUK%252B-%252BNick%252Bjr%2526title%253DUK%252B-%252BNick%252Bjr%26winID%3D10025%26_options_sf&quot;)</favourite>
	<favourite name="UK - Nick Toons" thumb="http://taptube.net/tvtap1/images/channel_imgs/200116021120nicktoons.png|User-Agent=Dalvik%2F2.1.0%20%28Linux%3B%20U%3B%20Android%205.1.1%3B%20AFTS%20Build%2FLVY48F%29">PlayMedia(&quot;plugin://plugin.video.tvone/play/166/play.pvr?sf_options=meta%3Dvotes%253D0%2526label%253DUK%252B-%252BNick%252BToons%2526title%253DUK%252B-%252BNick%252BToons%26winID%3D10025%26_options_sf&quot;)</favourite>
	<favourite name="US - Boomerang" thumb="http://taptube.net/tvtap1/images/channel_imgs/250118035258boom.jpg|User-Agent=Dalvik%2F2.1.0%20%28Linux%3B%20U%3B%20Android%205.1.1%3B%20AFTS%20Build%2FLVY48F%29">PlayMedia(&quot;plugin://plugin.video.tvone/play/635/play.pvr?sf_options=meta%3Dvotes%253D0%2526label%253DUS%252B-%252BBoomerang%2526title%253DUS%252B-%252BBoomerang%26winID%3D10025%26_options_sf&quot;)</favourite>
	<favourite name="US - Disney channel" thumb="http://taptube.net/tvtap1/images/channel_imgs/201217100354diss.png|User-Agent=Dalvik%2F2.1.0%20%28Linux%3B%20U%3B%20Android%205.1.1%3B%20AFTS%20Build%2FLVY48F%29">PlayMedia(&quot;plugin://plugin.video.tvone/play/490/play.pvr?sf_options=meta%3Dvotes%253D0%2526label%253DUS%252B-%252BDisney%252Bchannel%2526title%253DUS%252B-%252BDisney%252Bchannel%26winID%3D10025%26_options_sf&quot;)</favourite>
	<favourite name="US - Disney XD" thumb="http://taptube.net/tvtap1/images/channel_imgs/210618021734xd.png|User-Agent=Dalvik%2F2.1.0%20%28Linux%3B%20U%3B%20Android%205.1.1%3B%20AFTS%20Build%2FLVY48F%29">PlayMedia(&quot;plugin://plugin.video.tvone/play/755/play.pvr?sf_options=meta%3Dvotes%253D0%2526label%253DUS%252B-%252BDisney%252BXD%2526title%253DUS%252B-%252BDisney%252BXD%26winID%3D10025%26_options_sf&quot;)</favourite>
	<favourite name="US - Nick" thumb="http://taptube.net/tvtap1/images/channel_imgs/200116021225nick.png|User-Agent=Dalvik%2F2.1.0%20%28Linux%3B%20U%3B%20Android%205.1.1%3B%20AFTS%20Build%2FLVY48F%29">PlayMedia(&quot;plugin://plugin.video.tvone/play/167/play.pvr?sf_options=meta%3Dvotes%253D0%2526label%253DUS%252B-%252BNick%2526title%253DUS%252B-%252BNick%26winID%3D10025%26_options_sf&quot;)</favourite>
	<favourite name="US - Nick toons" thumb="http://taptube.net/tvtap1/images/channel_imgs/201217100201nickk.png|User-Agent=Dalvik%2F2.1.0%20%28Linux%3B%20U%3B%20Android%205.1.1%3B%20AFTS%20Build%2FLVY48F%29">PlayMedia(&quot;plugin://plugin.video.tvone/play/489/play.pvr?sf_options=meta%3Dvotes%253D0%2526label%253DUS%252B-%252BNick%252Btoons%2526title%253DUS%252B-%252BNick%252Btoons%26winID%3D10025%26_options_sf&quot;)</favourite>
	<favourite name="DISNEY UK" thumb="http://swiftstreamz.com/SwiftPanel/images/20846_Disney.jpg|User-Agent=okhttp%2F3.10.0">PlayMedia(&quot;plugin://plugin.video.tvone11/play/15/887/play.pvr?sf_options=meta%3Dvotes%253D0%2526label%253DDISNEY%252BUK%2526title%253DDISNEY%252BUK%26winID%3D10025%26_options_sf&quot;)</favourite>
	<favourite name="Disney JR" thumb="http://swiftstreamz.com/SwiftPanel/images/56638_DisneyJR.jpg|User-Agent=okhttp%2F3.10.0">PlayMedia(&quot;plugin://plugin.video.tvone11/play/15/895/play.pvr?sf_options=meta%3Dvotes%253D0%2526label%253DDisney%252BJR%2526title%253DDisney%252BJR%26winID%3D10025%26_options_sf&quot;)</favourite>
	<favourite name="NICKELODEON UK" thumb="http://swiftstreamz.com/SwiftPanel/images/88175_Nickelodeon.jpg|User-Agent=okhttp%2F3.10.0">PlayMedia(&quot;plugin://plugin.video.tvone11/play/15/889/play.pvr?sf_options=meta%3Dvotes%253D0%2526label%253DNICKELODEON%252BUK%2526title%253DNICKELODEON%252BUK%26winID%3D10025%26_options_sf&quot;)</favourite>
	<favourite name="Cartoon Network UK" thumb="http://swiftstreamz.com/SwiftPanel/images/92813_cartoonnetwork.jpg|User-Agent=okhttp%2F3.10.0">PlayMedia(&quot;plugin://plugin.video.tvone11/play/15/890/play.pvr?sf_options=meta%3Dvotes%253D0%2526label%253DCartoon%252BNetwork%252BUK%2526title%253DCartoon%252BNetwork%252BUK%26winID%3D10025%26_options_sf&quot;)</favourite>
	<favourite name="NICK TOONS" thumb="http://swiftstreamz.com/SwiftPanel/images/61756_NickToons.jpg|User-Agent=okhttp%2F3.10.0">PlayMedia(&quot;plugin://plugin.video.tvone11/play/15/892/play.pvr?sf_options=meta%3Dvotes%253D0%2526label%253DNICK%252BTOONS%2526title%253DNICK%252BTOONS%26winID%3D10025%26_options_sf&quot;)</favourite>
	<favourite name="Disney XD UK" thumb="http://swiftstreamz.com/SwiftPanel/images/19166_DisneyXD.jpg|User-Agent=okhttp%2F3.10.0">PlayMedia(&quot;plugin://plugin.video.tvone11/play/15/893/play.pvr?sf_options=meta%3Dvotes%253D0%2526label%253DDisney%252BXD%252BUK%2526title%253DDisney%252BXD%252BUK%26winID%3D10025%26_options_sf&quot;)</favourite>
	<favourite name="Nick Jr" thumb="http://swiftstreamz.com/SwiftPanel/images/17221_NickJr.jpg|User-Agent=okhttp%2F3.10.0">PlayMedia(&quot;plugin://plugin.video.tvone11/play/15/896/play.pvr?sf_options=meta%3Dvotes%253D0%2526label%253DNick%252BJr%2526title%253DNick%252BJr%26winID%3D10025%26_options_sf&quot;)</favourite>
	<favourite name="POGO ENGLISH" thumb="http://swiftstreamz.com/SwiftPanel/images/95247_pogoenglish.jpg|User-Agent=okhttp%2F3.10.0">PlayMedia(&quot;plugin://plugin.video.tvone11/play/15/899/play.pvr?sf_options=meta%3Dvotes%253D0%2526label%253DPOGO%252BENGLISH%2526title%253DPOGO%252BENGLISH%26winID%3D10025%26_options_sf&quot;)</favourite>
	<favourite name="Nick Jr 2" thumb="http://swiftstreamz.com/SwiftPanel/images/27109_NickJr2.jpg|User-Agent=okhttp%2F3.10.0">PlayMedia(&quot;plugin://plugin.video.tvone11/play/15/898/play.pvr?sf_options=meta%3Dvotes%253D0%2526label%253DNick%252BJr%252B2%2526title%253DNick%252BJr%252B2%26winID%3D10025%26_options_sf&quot;)</favourite>
	<favourite name="Cartoon Network Hindi" thumb="http://swiftstreamz.com/SwiftPanel/images/94465_cartoonNetworkhindi.jpg|User-Agent=okhttp%2F3.10.0">PlayMedia(&quot;plugin://plugin.video.tvone11/play/15/901/play.pvr?sf_options=meta%3Dvotes%253D0%2526label%253DCartoon%252BNetwork%252BHindi%2526title%253DCartoon%252BNetwork%252BHindi%26winID%3D10025%26_options_sf&quot;)</favourite>
	<favourite name="Tiny Pop" thumb="http://swiftstreamz.com/SwiftPanel/images/38413_tinypop.jpg|User-Agent=okhttp%2F3.10.0">PlayMedia(&quot;plugin://plugin.video.tvone11/play/15/903/play.pvr?sf_options=meta%3Dvotes%253D0%2526label%253DTiny%252BPop%2526title%253DTiny%252BPop%26winID%3D10025%26_options_sf&quot;)</favourite>
	<favourite name="Hungama Tv" thumb="http://swiftstreamz.com/SwiftPanel/images/61338_hungama.jpg|User-Agent=okhttp%2F3.10.0">PlayMedia(&quot;plugin://plugin.video.tvone11/play/15/902/play.pvr?sf_options=meta%3Dvotes%253D0%2526label%253DHungama%252BTv%2526title%253DHungama%252BTv%26winID%3D10025%26_options_sf&quot;)</favourite>
	<favourite name="BABY TV UK" thumb="http://swiftstreamz.com/SwiftPanel/images/20536_babytv.jpg|User-Agent=okhttp%2F3.10.0">PlayMedia(&quot;plugin://plugin.video.tvone11/play/15/905/play.pvr?sf_options=meta%3Dvotes%253D0%2526label%253DBABY%252BTV%252BUK%2526title%253DBABY%252BTV%252BUK%26winID%3D10025%26_options_sf&quot;)</favourite>
	<favourite name="Disney Hindi" thumb="http://swiftstreamz.com/SwiftPanel/images/34080_Disneyhindinew.jpg|User-Agent=okhttp%2F3.10.0">PlayMedia(&quot;plugin://plugin.video.tvone11/play/15/906/play.pvr?sf_options=meta%3Dvotes%253D0%2526label%253DDisney%252BHindi%2526title%253DDisney%252BHindi%26winID%3D10025%26_options_sf&quot;)</favourite>
	<favourite name="Nickelodeon Hindi" thumb="http://swiftstreamz.com/SwiftPanel/images/28840_Nickelodeonhindi.jpg|User-Agent=okhttp%2F3.10.0">PlayMedia(&quot;plugin://plugin.video.tvone11/play/15/907/play.pvr?sf_options=meta%3Dvotes%253D0%2526label%253DNickelodeon%252BHindi%2526title%253DNickelodeon%252BHindi%26winID%3D10025%26_options_sf&quot;)</favourite>
	<favourite name="Nick Jr Hindi" thumb="http://swiftstreamz.com/SwiftPanel/images/94871_NickJrHindi.jpg|User-Agent=okhttp%2F3.10.0">PlayMedia(&quot;plugin://plugin.video.tvone11/play/15/908/play.pvr?sf_options=meta%3Dvotes%253D0%2526label%253DNick%252BJr%252BHindi%2526title%253DNick%252BJr%252BHindi%26winID%3D10025%26_options_sf&quot;)</favourite>
	<favourite name="Pogo Hindi" thumb="http://swiftstreamz.com/SwiftPanel/images/99272_pogohindi.jpg|User-Agent=okhttp%2F3.10.0">PlayMedia(&quot;plugin://plugin.video.tvone11/play/15/909/play.pvr?sf_options=meta%3Dvotes%253D0%2526label%253DPogo%252BHindi%2526title%253DPogo%252BHindi%26winID%3D10025%26_options_sf&quot;)</favourite>
	<favourite name="Disney XD Hindi" thumb="http://swiftstreamz.com/SwiftPanel/images/68173_disneyxdhindi.jpg|User-Agent=okhttp%2F3.10.0">PlayMedia(&quot;plugin://plugin.video.tvone11/play/15/910/play.pvr?sf_options=meta%3Dvotes%253D0%2526label%253DDisney%252BXD%252BHindi%2526title%253DDisney%252BXD%252BHindi%26winID%3D10025%26_options_sf&quot;)</favourite>
	<favourite name="Kix Tv" thumb="http://swiftstreamz.com/SwiftPanel/images/65261_kix.jpg|User-Agent=okhttp%2F3.10.0">PlayMedia(&quot;plugin://plugin.video.tvone11/play/15/911/play.pvr?sf_options=meta%3Dvotes%253D0%2526label%253DKix%252BTv%2526title%253DKix%252BTv%26winID%3D10025%26_options_sf&quot;)</favourite>
	<favourite name="Pop Tv" thumb="http://swiftstreamz.com/SwiftPanel/images/39161_pop.jpg|User-Agent=okhttp%2F3.10.0">PlayMedia(&quot;plugin://plugin.video.tvone11/play/15/913/play.pvr?sf_options=meta%3Dvotes%253D0%2526label%253DPop%252BTv%2526title%253DPop%252BTv%26winID%3D10025%26_options_sf&quot;)</favourite>
	<favourite name="SPACE TOON" thumb="http://swiftstreamz.com/SwiftPanel/images/21972_spacetoon.jpg|User-Agent=okhttp%2F3.10.0">PlayMedia(&quot;plugin://plugin.video.tvone11/play/15/915/play.pvr?sf_options=meta%3Dvotes%253D0%2526label%253DSPACE%252BTOON%2526title%253DSPACE%252BTOON%26winID%3D10025%26_options_sf&quot;)</favourite>
	<favourite name="CARTOON NETWORK ARABIC" thumb="http://swiftstreamz.com/SwiftPanel/images/95637_cartoonarabic.jpg|User-Agent=okhttp%2F3.10.0">PlayMedia(&quot;plugin://plugin.video.tvone11/play/15/918/play.pvr?sf_options=meta%3Dvotes%253D0%2526label%253DCARTOON%252BNETWORK%252BARABIC%2526title%253DCARTOON%252BNETWORK%252BARABIC%26winID%3D10025%26_options_sf&quot;)</favourite>
	<favourite name="CANAL J" thumb="http://swiftstreamz.com/SwiftPanel/images/30641_canalj.jpg|User-Agent=okhttp%2F3.10.0">PlayMedia(&quot;plugin://plugin.video.tvone11/play/15/919/play.pvr?sf_options=meta%3Dvotes%253D0%2526label%253DCANAL%252BJ%2526title%253DCANAL%252BJ%26winID%3D10025%26_options_sf&quot;)</favourite>
	<favourite name="TIJI" thumb="http://swiftstreamz.com/SwiftPanel/images/56962_tiji.jpg|User-Agent=okhttp%2F3.10.0">PlayMedia(&quot;plugin://plugin.video.tvone11/play/15/921/play.pvr?sf_options=meta%3Dvotes%253D0%2526label%253DTIJI%2526title%253DTIJI%26winID%3D10025%26_options_sf&quot;)</favourite>
	<favourite name="BOOMERANG" thumb="http://swiftstreamz.com/SwiftPanel/images/47631_boomrang.jpg|User-Agent=okhttp%2F3.10.0">PlayMedia(&quot;plugin://plugin.video.tvone11/play/15/922/play.pvr?sf_options=meta%3Dvotes%253D0%2526label%253DBOOMERANG%2526title%253DBOOMERANG%26winID%3D10025%26_options_sf&quot;)</favourite>
	<favourite name="CARTOONITO" thumb="http://swiftstreamz.com/SwiftPanel/images/77163_cartoonito.jpg|User-Agent=okhttp%2F3.10.0">PlayMedia(&quot;plugin://plugin.video.tvone11/play/15/924/play.pvr?sf_options=meta%3Dvotes%253D0%2526label%253DCARTOONITO%2526title%253DCARTOONITO%26winID%3D10025%26_options_sf&quot;)</favourite>
	<favourite name="CBBC" thumb="http://swiftstreamz.com/SwiftPanel/images/70823_cbbc.jpg|User-Agent=okhttp%2F3.10.0">PlayMedia(&quot;plugin://plugin.video.tvone11/play/15/926/play.pvr?sf_options=meta%3Dvotes%253D0%2526label%253DCBBC%2526title%253DCBBC%26winID%3D10025%26_options_sf&quot;)</favourite>
	<favourite name="PBS KIDS" thumb="http://swiftstreamz.com/SwiftPanel/images/75380_pbs.jpg|User-Agent=okhttp%2F3.10.0">PlayMedia(&quot;plugin://plugin.video.tvone11/play/15/927/play.pvr?sf_options=meta%3Dvotes%253D0%2526label%253DPBS%252BKIDS%2526title%253DPBS%252BKIDS%26winID%3D10025%26_options_sf&quot;)</favourite>
	<favourite name="SONY YAY HINDI" thumb="http://swiftstreamz.com/SwiftPanel/images/40350_sonyyay.jpg|User-Agent=okhttp%2F3.10.0">PlayMedia(&quot;plugin://plugin.video.tvone11/play/15/930/play.pvr?sf_options=meta%3Dvotes%253D0%2526label%253DSONY%252BYAY%252BHINDI%2526title%253DSONY%252BYAY%252BHINDI%26winID%3D10025%26_options_sf&quot;)</favourite>
	<favourite name="Discovery Kids" thumb="http://swiftstreamz.com/SwiftPanel/images/43198_discoverykids.jpg|User-Agent=okhttp%2F3.10.0">PlayMedia(&quot;plugin://plugin.video.tvone11/play/15/931/play.pvr?sf_options=meta%3Dvotes%253D0%2526label%253DDiscovery%252BKids%2526title%253DDiscovery%252BKids%26winID%3D10025%26_options_sf&quot;)</favourite>
	<favourite name="BARAEM TV" thumb="http://swiftstreamz.com/SwiftPanel/images/60765_baraeamtv.jpg|User-Agent=okhttp%2F3.10.0">PlayMedia(&quot;plugin://plugin.video.tvone11/play/15/935/play.pvr?sf_options=meta%3Dvotes%253D0%2526label%253DBARAEM%252BTV%2526title%253DBARAEM%252BTV%26winID%3D10025%26_options_sf&quot;)</favourite>
	<favourite name="MAJID KIDS" thumb="http://swiftstreamz.com/SwiftPanel/images/91877_majidkids.jpg|User-Agent=okhttp%2F3.10.0">PlayMedia(&quot;plugin://plugin.video.tvone11/play/15/948/play.pvr?sf_options=meta%3Dvotes%253D0%2526label%253DMAJID%252BKIDS%2526title%253DMAJID%252BKIDS%26winID%3D10025%26_options_sf&quot;)</favourite>
	<favourite name="CBEEBIES UK" thumb="http://swiftstreamz.com/SwiftPanel/images/41702_cbeebies.jpg|User-Agent=okhttp%2F3.10.0">PlayMedia(&quot;plugin://plugin.video.tvone11/play/15/950/play.pvr?sf_options=meta%3Dvotes%253D0%2526label%253DCBEEBIES%252BUK%2526title%253DCBEEBIES%252BUK%26winID%3D10025%26_options_sf&quot;)</favourite>
	<favourite name="JEEM TV" thumb="http://swiftstreamz.com/SwiftPanel/images/99535_jeemtv.jpg|User-Agent=okhttp%2F3.10.0">PlayMedia(&quot;plugin://plugin.video.tvone11/play/15/952/play.pvr?sf_options=meta%3Dvotes%253D0%2526label%253DJEEM%252BTV%2526title%253DJEEM%252BTV%26winID%3D10025%26_options_sf&quot;)</favourite>
	<favourite name="NICK TAMIL" thumb="http://swiftstreamz.com/SwiftPanel/images/74644_nicktamil.jpg|User-Agent=okhttp%2F3.10.0">PlayMedia(&quot;plugin://plugin.video.tvone11/play/15/954/play.pvr?sf_options=meta%3Dvotes%253D0%2526label%253DNICK%252BTAMIL%2526title%253DNICK%252BTAMIL%26winID%3D10025%26_options_sf&quot;)</favourite>
	<favourite name="CARTOON NETWORK TM" thumb="http://swiftstreamz.com/SwiftPanel/images/32433_cartoontamil.jpg|User-Agent=okhttp%2F3.10.0">PlayMedia(&quot;plugin://plugin.video.tvone11/play/15/957/play.pvr?sf_options=meta%3Dvotes%253D0%2526label%253DCARTOON%252BNETWORK%252BTM%2526title%253DCARTOON%252BNETWORK%252BTM%26winID%3D10025%26_options_sf&quot;)</favourite>
	<favourite name="CARTOON NETWORK TG" thumb="http://swiftstreamz.com/SwiftPanel/images/43361_cartoontelugu.jpg|User-Agent=okhttp%2F3.10.0">PlayMedia(&quot;plugin://plugin.video.tvone11/play/15/959/play.pvr?sf_options=meta%3Dvotes%253D0%2526label%253DCARTOON%252BNETWORK%252BTG%2526title%253DCARTOON%252BNETWORK%252BTG%26winID%3D10025%26_options_sf&quot;)</favourite>
	<favourite name="Discovery KIDS TM" thumb="http://swiftstreamz.com/SwiftPanel/images/84688_discoverykidstamil.jpg|User-Agent=okhttp%2F3.10.0">PlayMedia(&quot;plugin://plugin.video.tvone11/play/15/960/play.pvr?sf_options=meta%3Dvotes%253D0%2526label%253DDiscovery%252BKIDS%252BTM%2526title%253DDiscovery%252BKIDS%252BTM%26winID%3D10025%26_options_sf&quot;)</favourite>
	<favourite name="POGO TAMIL" thumb="http://swiftstreamz.com/SwiftPanel/images/78554_pogotamil.jpg|User-Agent=okhttp%2F3.10.0">PlayMedia(&quot;plugin://plugin.video.tvone11/play/15/961/play.pvr?sf_options=meta%3Dvotes%253D0%2526label%253DPOGO%252BTAMIL%2526title%253DPOGO%252BTAMIL%26winID%3D10025%26_options_sf&quot;)</favourite>
	<favourite name="CHUTTI TV" thumb="http://swiftstreamz.com/SwiftPanel/images/58104_chuttitv.jpg|User-Agent=okhttp%2F3.10.0">PlayMedia(&quot;plugin://plugin.video.tvone11/play/15/962/play.pvr?sf_options=meta%3Dvotes%253D0%2526label%253DCHUTTI%252BTV%2526title%253DCHUTTI%252BTV%26winID%3D10025%26_options_sf&quot;)</favourite>
	<favourite name="KUSHI TV TELUGU" thumb="http://swiftstreamz.com/SwiftPanel/images/76695_khushitv.jpg|User-Agent=okhttp%2F3.10.0">PlayMedia(&quot;plugin://plugin.video.tvone11/play/15/964/play.pvr?sf_options=meta%3Dvotes%253D0%2526label%253DKUSHI%252BTV%252BTELUGU%2526title%253DKUSHI%252BTV%252BTELUGU%26winID%3D10025%26_options_sf&quot;)</favourite>
	<favourite name="SONY YAY TELUGU" thumb="http://swiftstreamz.com/SwiftPanel/images/17204_sonyyaytelugu.jpg|User-Agent=okhttp%2F3.10.0">PlayMedia(&quot;plugin://plugin.video.tvone11/play/15/965/play.pvr?sf_options=meta%3Dvotes%253D0%2526label%253DSONY%252BYAY%252BTELUGU%2526title%253DSONY%252BYAY%252BTELUGU%26winID%3D10025%26_options_sf&quot;)</favourite>
	<favourite name="MICKEY TV" thumb="http://swiftstreamz.com/SwiftPanel/images/74511_mickeytv.jpg|User-Agent=okhttp%2F3.10.0">PlayMedia(&quot;plugin://plugin.video.tvone11/play/15/966/play.pvr?sf_options=meta%3Dvotes%253D0%2526label%253DMICKEY%252BTV%2526title%253DMICKEY%252BTV%26winID%3D10025%26_options_sf&quot;)</favourite>
	<favourite name="NICK HD+" thumb="http://swiftstreamz.com/SwiftPanel/images/57089_nickhdplus.jpg|User-Agent=okhttp%2F3.10.0">PlayMedia(&quot;plugin://plugin.video.tvone11/play/15/967/play.pvr?sf_options=meta%3Dvotes%253D0%2526label%253DNICK%252BHD%25252B%2526title%253DNICK%252BHD%25252B%26winID%3D10025%26_options_sf&quot;)</favourite>
	<favourite name="NICK PAKISTAN" thumb="http://swiftstreamz.com/SwiftPanel/images/54369_nickpak.jpg|User-Agent=okhttp%2F3.10.0">PlayMedia(&quot;plugin://plugin.video.tvone11/play/15/968/play.pvr?sf_options=meta%3Dvotes%253D0%2526label%253DNICK%252BPAKISTAN%2526title%253DNICK%252BPAKISTAN%26winID%3D10025%26_options_sf&quot;)</favourite>
	<favourite name="KOCHU TV" thumb="http://swiftstreamz.com/SwiftPanel/images/91842_kochutv.jpg|User-Agent=okhttp%2F3.10.0">PlayMedia(&quot;plugin://plugin.video.tvone11/play/15/969/play.pvr?sf_options=meta%3Dvotes%253D0%2526label%253DKOCHU%252BTV%2526title%253DKOCHU%252BTV%26winID%3D10025%26_options_sf&quot;)</favourite>
	<favourite name="CARTOON NETWORK PAK" thumb="http://swiftstreamz.com/SwiftPanel/images/16251_cartoonnetworkpakistani.jpg|User-Agent=okhttp%2F3.10.0">PlayMedia(&quot;plugin://plugin.video.tvone11/play/15/970/play.pvr?sf_options=meta%3Dvotes%253D0%2526label%253DCARTOON%252BNETWORK%252BPAK%2526title%253DCARTOON%252BNETWORK%252BPAK%26winID%3D10025%26_options_sf&quot;)</favourite>
	<favourite name="BEIN JUNIOR" thumb="http://swiftstreamz.com/SwiftPanel/images/61808_beinjunior.jpg|User-Agent=okhttp%2F3.10.0">PlayMedia(&quot;plugin://plugin.video.tvone11/play/15/972/play.pvr?sf_options=meta%3Dvotes%253D0%2526label%253DBEIN%252BJUNIOR%2526title%253DBEIN%252BJUNIOR%26winID%3D10025%26_options_sf&quot;)</favourite>
	<favourite name="DISNEY INT" thumb="http://swiftstreamz.com/SwiftPanel/images/86603_disneyinternational.jpg|User-Agent=okhttp%2F3.10.0">PlayMedia(&quot;plugin://plugin.video.tvone11/play/15/973/play.pvr?sf_options=meta%3Dvotes%253D0%2526label%253DDISNEY%252BINT%2526title%253DDISNEY%252BINT%26winID%3D10025%26_options_sf&quot;)</favourite>
	<favourite name="SONIC NICKELODEON" thumb="http://swiftstreamz.com/SwiftPanel/images/7442_sonicnickelodeon.jpg|User-Agent=okhttp%2F3.10.0">PlayMedia(&quot;plugin://plugin.video.tvone11/play/15/975/play.pvr?sf_options=meta%3Dvotes%253D0%2526label%253DSONIC%252BNICKELODEON%2526title%253DSONIC%252BNICKELODEON%26winID%3D10025%26_options_sf&quot;)</favourite>
	<favourite name="WOW KIDS" thumb="http://swiftstreamz.com/SwiftPanel/images/59496_wowkidz.png|User-Agent=okhttp%2F3.10.0">PlayMedia(&quot;plugin://plugin.video.tvone11/play/15/981/play.pvr?sf_options=meta%3Dvotes%253D0%2526label%253DWOW%252BKIDS%2526title%253DWOW%252BKIDS%26winID%3D10025%26_options_sf&quot;)</favourite>
	<favourite name="MARVEL HQ" thumb="http://swiftstreamz.com/SwiftPanel/images/41473_marvelhq.jpg|User-Agent=okhttp%2F3.10.0">PlayMedia(&quot;plugin://plugin.video.tvone11/play/15/1656/play.pvr?sf_options=meta%3Dvotes%253D0%2526label%253DMARVEL%252BHQ%2526title%253DMARVEL%252BHQ%26winID%3D10025%26_options_sf&quot;)</favourite>
	<favourite name="NICK TELUGU" thumb="http://swiftstreamz.com/SwiftPanel/images/24047_nicktelugu.jpg|User-Agent=okhttp%2F3.10.0">PlayMedia(&quot;plugin://plugin.video.tvone11/play/15/1657/play.pvr?sf_options=meta%3Dvotes%253D0%2526label%253DNICK%252BTELUGU%2526title%253DNICK%252BTELUGU%26winID%3D10025%26_options_sf&quot;)</favourite>
	<favourite name="CINEMACHI KIDS" thumb="http://swiftstreamz.com/SwiftPanel/images/77246_cinemachikids.jpg|User-Agent=okhttp%2F3.10.0">PlayMedia(&quot;plugin://plugin.video.tvone11/play/15/1665/play.pvr?sf_options=meta%3Dvotes%253D0%2526label%253DCINEMACHI%252BKIDS%2526title%253DCINEMACHI%252BKIDS%26winID%3D10025%26_options_sf&quot;)</favourite>
	<favourite name="SPACE TOON" thumb="http://51.15.209.90:8800/data/img/files/90396_spacetoon.jpg|User-Agent=Dalvik%2F2.1.0%20%28Linux%3B%20U%3B%20Android%205.1.1%3B%20AFTT%20Build%2FLVY48F%29">PlayMedia(&quot;plugin://plugin.video.tvone111/play/MTIyMg==w/play.pvr?sf_options=meta%3Dvotes%253D0%2526label%253DSPACE%252BTOON%2526title%253DSPACE%252BTOON%26winID%3D10025%26_options_sf&quot;)</favourite>
</favourites>