<favourites>
	<favourite name="[B][I][COLORred]RD [COLORorange]AUTHORIZE HERE Resolve[COLORred]URL[/B][/I][/COLOR]" thumb="https://troypoint.com/wp-content/uploads/2017/10/install-real-debrid-kodi.jpg">RunPlugin(&quot;plugin://script.module.resolveurl/?mode=auth_rd&quot;,return)</favourite>
	<favourite name="[B][COLORwhite]Release BB[/COLOR][/B]" thumb="special://home/addons\plugin.video.releaseBB/resources/icons/movies.png">ActivateWindow(10025,&quot;plugin://plugin.video.releaseBB/?mode=GetTitles&amp;numOfPages=2&amp;section=movies&amp;startPage=1&amp;url=http%3a%2f%2frlsbb.ru%2fcategory%2fmovies%2f4k-uhd%2f&amp;sf_options=fanart%3Dspecial%3A%2F%2Fhome%2Faddons%5Cplugin.video.releaseBB%5Cfanart.jpg%26meta%3Dvotes%253D0%2526label%253D%25255BB%25255D%25255BCOLORgold%25255D4k%252BUHD%25255B%25252FCOLOR%25255D%25255B%25252FB%25255D%2526title%253D%25255BB%25255D%25255BCOLORgold%25255D4k%252BUHD%25255B%25252FCOLOR%25255D%25255B%25252FB%25255D%26_options_sf&quot;,return)</favourite>
	<favourite name="[B][COLORwhite]Ghost Movies 4K [COLOR orange]DEBRID[/COLOR][/B]" thumb="http://www.ezzer-mac.com/frank/artghost/movies.png">ActivateWindow(10025,&quot;plugin://plugin.video.destiny/?description=No%20information%20available&amp;fanart=http%3a%2f%2fwww.ezzer-mac.com%2ffrank%2fartghost%2fmovies.jpg&amp;iconimage=http%3a%2f%2fwww.ezzer-mac.com%2ffrank%2fartghost%2fmovies.png&amp;mode=get_list&amp;name=%5bCOLORred%5dDEBRID%5b%2fCOLOR%5d%20%5bCOLORwhite%5dMovies%204k%5b%2fCOLOR%5d&amp;url=http%3a%2f%2fwww.ezzer-mac.com%2ffrank%2fghost%2fghostxmls%2fxmls1%2ffuckoff.xml&amp;sf_options=fanart%3Dhttp%3A%2F%2Fwww.ezzer-mac.com%2Ffrank%2Fartghost%2Fmovies.jpg%26meta%3Dplot%253DNo%252Binformation%252Bavailable%2526votes%253D0%2526label%253D%25255BCOLORred%25255DDEBRID%25255B%25252FCOLOR%25255D%252B%25255BCOLORwhite%25255DMovies%252B4k%25255B%25252FCOLOR%25255D%2526title%253D%25255BCOLORred%25255DDEBRID%25255B%25252FCOLOR%25255D%252B%25255BCOLORwhite%25255DMovies%252B4k%25255B%25252FCOLOR%25255D%26desc%3DNo+information+available%26_options_sf&quot;,return)</favourite>
	<favourite name="[B][COLORwhite]The Crew 1 Click 4K [COLOR orange]DEBRID[/COLOR][/B]" thumb="special://home/addons/script.thecrew.artwork/resources/media/thecrew/main_greenhat.png">ActivateWindow(10025,&quot;plugin://plugin.video.destiny/?description=No%20information%20available&amp;fanart=special%3a%2f%2fhome%2faddons%2fscript.thecrew.artwork%2fresources%2fmedia%2fthecrew%2ffanart.png&amp;iconimage=special%3a%2f%2fhome%2faddons%2fscript.thecrew.artwork%2fresources%2fmedia%2fthecrew%2fmain_greenhat.png&amp;mode=get_list&amp;name=%5bCOLOR%20orchid%5d%c2%a4%20%5b%2fCOLOR%5d%20%5bB%5d%5bCOLOR%20white%5d1Click%20Uhd%20RD%20Movies%5b%2fCOLOR%5d%5b%2fB%5d%20%5bCOLOR%20orchid%5d%20%c2%a4%5b%2fCOLOR%5d&amp;url=https%3a%2f%2fbitbucket.org%2fthrew%2fgreenhat%2fraw%2fmaster%2fgreenhat%2f4k%2f4k.xml&amp;sf_options=fanart%3Dspecial%3A%2F%2Fhome%2Faddons%2Fscript.thecrew.artwork%2Fresources%2Fmedia%2Fthecrew%2Ffanart.png%26meta%3Dplot%253DNo%252Binformation%252Bavailable%2526votes%253D0%2526label%253D%25255BCOLOR%252Borchid%25255D%2525C2%2525A4%252B%25255B%25252FCOLOR%25255D%252B%25255BB%25255D%25255BCOLOR%252Bwhite%25255D1Click%252BUhd%252BRD%252BMovies%25255B%25252FCOLOR%25255D%25255B%25252FB%25255D%252B%25255BCOLOR%252Borchid%25255D%252B%2525C2%2525A4%25255B%25252FCOLOR%25255D%2526title%253D%25255BCOLOR%252Borchid%25255D%2525C2%2525A4%252B%25255B%25252FCOLOR%25255D%252B%25255BB%25255D%25255BCOLOR%252Bwhite%25255D1Click%252BUhd%252BRD%252BMovies%25255B%25252FCOLOR%25255D%25255B%25252FB%25255D%252B%25255BCOLOR%252Borchid%25255D%252B%2525C2%2525A4%25255B%25252FCOLOR%25255D%26desc%3DNo+information+available%26_options_sf&quot;,return)</favourite>
	<favourite name="[B][COLORwhite]Mercury Debrid 4K UHD[/COLOR][/B]" thumb="https://i.imgur.com/ewZqfXr.png">ActivateWindow(10025,&quot;plugin://plugin.video.destiny/?description=No%20information%20available&amp;fanart=https%3a%2f%2fi.imgur.com%2f2aMoMQv.jpg&amp;iconimage=https%3a%2f%2fi.imgur.com%2fewZqfXr.png&amp;mode=get_list&amp;name=%5bCOLORwhite%5d%5bB%5dDebrid%20Movies%204K%20UHD%5b%2fB%5d%5b%2fCOLOR%5d&amp;url=https%3a%2f%2fraw.githubusercontent.com%2fFloyd6969%2fDJV%2fmaster%2fMav%25204K.txt&amp;sf_options=fanart%3Dhttps%3A%2F%2Fi.imgur.com%2F2aMoMQv.jpg%26meta%3Dplot%253DNo%252Binformation%252Bavailable%2526votes%253D0%2526label%253D%25255BCOLORwhite%25255D%25255BB%25255DDebrid%252BMovies%252B4K%252BUHD%25255B%25252FB%25255D%25255B%25252FCOLOR%25255D%2526title%253D%25255BCOLORwhite%25255D%25255BB%25255DDebrid%252BMovies%252B4K%252BUHD%25255B%25252FB%25255D%25255B%25252FCOLOR%25255D%26desc%3DNo+information+available%26_options_sf&quot;,return)</favourite>
	<favourite name="[B][COLORwhite]Magic Dragon[/COLOR][/B]" thumb="https://i.imgur.com/dm1Tk83.png">ActivateWindow(10025,&quot;plugin://plugin.video.themagicdragon/?fanart=https%3a%2f%2fi.imgur.com%2fU5nKN8r.jpg&amp;mode=1&amp;name=%5bB%5d%5bI%5d%5bCOLORorange%5d4K%20Movies%5b%2fB%5d%5b%2fI%5d%5b%2fCOLOR%5d&amp;url=https%3a%2f%2fraw.githubusercontent.com%2ftombebbs1%2fmagicdragon%2fmaster%2fuhd.txt&amp;sf_options=fanart%3Dhttps%3A%2F%2Fi.imgur.com%2FU5nKN8r.jpg%26meta%3Dvotes%253D0%2526label%253D%25255BB%25255D%25255BI%25255D%25255BCOLORorange%25255D4K%252BMovies%25255B%25252FB%25255D%25255B%25252FI%25255D%25255B%25252FCOLOR%25255D%2526title%253D%25255BB%25255D%25255BI%25255D%25255BCOLORorange%25255D4K%252BMovies%25255B%25252FB%25255D%25255B%25252FI%25255D%25255B%25252FCOLOR%25255D%26_options_sf&quot;,return)</favourite>
	<favourite name="[B][COLOR white]M.E.T.V Click 4K[/COLOR][/B]" thumb="http://www.ezzer-mac.com/Addon/text/1clickcat/1clickimages/4k.jpg">ActivateWindow(10025,&quot;plugin://plugin.video.destiny/?description=No%20information%20available&amp;fanart=special://home/addons%5cplugin.video.destiny%5cfanart.jpg&amp;iconimage=http%3a%2f%2fwww.ezzer-mac.com%2fAddon%2ftext%2f1clickcat%2f1clickimages%2f4k.jpg&amp;mode=get_list&amp;name=%5bB%5d%5bI%5d%5bCOLOR%20gold%5dCLICK%20ONCE%20FOR%20%5bCOLOR%20tan%5d------%3e%5b%2fCOLOR%5d%204K%5b%2fCOLOR%5d%5b%2fI%5d%5b%2fB%5d&amp;url=http%3a%2f%2fwww.ezzer-mac.com%2fAddon%2ftext%2f1clickmovies%2fez4k.xml&amp;sf_options=fanart%3Dspecial%3A%2F%2Fhome%2Faddons%5Cplugin.video.destiny%5Cfanart.jpg%26meta%3Dplot%253DNo%252Binformation%252Bavailable%2526votes%253D0%2526label%253D%25255BB%25255D%25255BI%25255D%25255BCOLOR%252Bgold%25255DCLICK%252BONCE%252BFOR%252B%25255BCOLOR%252Btan%25255D------%25253E%25255B%25252FCOLOR%25255D%252B4K%25255B%25252FCOLOR%25255D%25255B%25252FI%25255D%25255B%25252FB%25255D%2526title%253D%25255BB%25255D%25255BI%25255D%25255BCOLOR%252Bgold%25255DCLICK%252BONCE%252BFOR%252B%25255BCOLOR%252Btan%25255D------%25253E%25255B%25252FCOLOR%25255D%252B4K%25255B%25252FCOLOR%25255D%25255B%25252FI%25255D%25255B%25252FB%25255D%26desc%3DNo+information+available%26_options_sf&quot;,return)</favourite>
	<favourite name="[B][COLORwhite]White Devil [/COLOR][/B](Click Twice)" thumb="special://home/addons\plugin.image.TechNEWSology/resources/media/4k.png">ActivateWindow(10025,&quot;plugin://plugin.video.white.devil/?action=directory&amp;content=addons&amp;url=http%3a%2f%2fbrettusbuilds.com%2f.WHITE%2520DEVIL%2fbamf%2520movies%2f4k.xml&amp;sf_options=fanart%3Dspecial%3A%2F%2Fhome%2Faddons%5Cplugin.video.white.devil%5Cfanart.jpg%26meta%3Dvotes%253D0%2526label%253D%25255BCOLOR%252Bdodgerblue%25255DULTRA%252BHD%252B4K%252BMOVIES%25255B%25252FCOLOR%25255D%26_options_sf&quot;,return)</favourite>
	<favourite name="[B][COLOR white]Goto 4K Debrid[/COLOR][/B]" thumb="special://home/addons\plugin.video.destiny\icon.png">ActivateWindow(10025,&quot;plugin://plugin.video.destiny/?description=No%20information%20available&amp;fanart=special://home/addons%5cplugin.video.destiny%5cfanart.jpg&amp;iconimage=special://home/addons%5cplugin.video.destiny%5cicon.png&amp;mode=get_list&amp;name=%5bCOLORwhite%5d4K%20MOVIES%5b%2fCOLOR%5d&amp;url=http%3a%2f%2fmygoto.uk%2f1Xmls%2f1ListersXmls%2f1tam%2fMoviesXmls%2ftam4k.xml&amp;sf_options=fanart%3Dspecial%3A%2F%2Fhome%2Faddons%5Cplugin.video.destiny%5Cfanart.jpg%26meta%3Dplot%253DNo%252Binformation%252Bavailable%2526votes%253D0%2526label%253D%25255BCOLORwhite%25255D4K%252BMOVIES%25255B%25252FCOLOR%25255D%2526title%253D%25255BCOLORwhite%25255D4K%252BMOVIES%25255B%25252FCOLOR%25255D%26desc%3DNo+information+available%26_options_sf&quot;,return)</favourite>
	<favourite name="[B][COLORwhite]Eyasses[/COLOR][/B]" thumb="http://ajbuilds.uk/art/eyassesnewfilms.png">ActivateWindow(10025,&quot;plugin://plugin.video.neweyasess/?description=No%20information%20available&amp;fanart=C%3a%5cUsers%5ci5%5cAppData%5cRoaming%5cKodi%5caddons%5cplugin.video.neweyasess%5cfanart.jpg&amp;iconimage=http%3a%2f%2fajbuilds.uk%2fart%2feyassesnewfilms.png&amp;mode=get_list&amp;name=%5bCOLOR%20FFffffffff%5d%5bCOLOR%20red%5d%5bB%5d4K%5b%2fB%5d%5b%2fCOLOR%5d%5b%2fCOLOR%5d&amp;url=http%3a%2f%2fajbuilds.uk%2fneweyasess%2f4k_movies.xml&amp;sf_options=fanart%3Dspecial%3A%2F%2Fhome%2Faddons%5Cplugin.video.neweyasess%5Cfanart.jpg%26meta%3Dplot%253DNo%252Binformation%252Bavailable%2526votes%253D0%2526label%253D%25255BCOLOR%252BFFffffffff%25255D%25255BCOLOR%252Bred%25255D%25255BB%25255D4K%25255B%25252FB%25255D%25255B%25252FCOLOR%25255D%25255B%25252FCOLOR%25255D%2526title%253D%25255BCOLOR%252BFFffffffff%25255D%25255BCOLOR%252Bred%25255D%25255BB%25255D4K%25255B%25252FB%25255D%25255B%25252FCOLOR%25255D%25255B%25252FCOLOR%25255D%26desc%3DNo+information+available%26_options_sf&quot;,return)</favourite>
	<favourite name="[B][COLORwhite]Mercury Debrid New Releases FHD[/COLOR][/B]" thumb="https://i.imgur.com/ewZqfXr.png">ActivateWindow(10025,&quot;plugin://plugin.video.destiny/?description=No%20information%20available&amp;fanart=https%3a%2f%2fi.imgur.com%2f2aMoMQv.jpg&amp;iconimage=https%3a%2f%2fi.imgur.com%2fewZqfXr.png&amp;mode=get_list&amp;name=%5bCOLORwhite%5d%5bB%5dDebrid%20New%20Releases%20FHD%5b%2fB%5d%5b%2fCOLOR%5d&amp;url=https%3a%2f%2fraw.githubusercontent.com%2fFloyd6969%2fDJV%2fmaster%2fMavT%2520New%2520Releases.txt&amp;sf_options=fanart%3Dhttps%3A%2F%2Fi.imgur.com%2F2aMoMQv.jpg%26meta%3Dplot%253DNo%252Binformation%252Bavailable%2526votes%253D0%2526label%253D%25255BCOLORwhite%25255D%25255BB%25255DDebrid%252BNew%252BReleases%252BFHD%25255B%25252FB%25255D%25255B%25252FCOLOR%25255D%2526title%253D%25255BCOLORwhite%25255D%25255BB%25255DDebrid%252BNew%252BReleases%252BFHD%25255B%25252FB%25255D%25255B%25252FCOLOR%25255D%26desc%3DNo+information+available%26_options_sf&quot;,return)</favourite>
	<favourite name="[B][COLOR white]Placenta[/COLOR][/B]" thumb="https://gknwizard.eu/repo/Builds/TechNEWsology/xml/icons/4kmovies.png">ActivateWindow(10025,&quot;plugin://plugin.video.placenta/?action=directory&amp;content=addons&amp;url=https%3a%2f%2fpastebin.com%2fraw%2fyJdJzZHh&amp;sf_options=fanart%3Dspecial%3A%2F%2Fhome%2Faddons%5Cplugin.video.placenta%5Cfanart.jpg%26meta%3Dvotes%253D0%2526label%253D%25255BCOLOR%252Bwhite%25255D4k%252B%2525CE%2525A4%2525CE%2525B1%2525CE%2525B9%2525CE%2525BD%2525CE%2525AF%2525CE%2525B5%2525CF%252582%25255B%25252FCOLOR%25255D%26_options_sf&quot;,return)</favourite>
</favourites>