<favourites>
	<favourite name="[B][COLOR white]Subsmovies [COLORlime]Free[/COLOR][/B]" thumb="special://home/addons\plugin.video.subsmovies/resources/videoz.png">ActivateWindow(10025,&quot;plugin://plugin.video.subsmovies/?mode=listsubsmov&amp;page=1&amp;title=%5bCOLOR%20white%5d%ce%a4%ce%b1%ce%b9%ce%bd%ce%af%ce%b5%cf%82%5b%2fCOLOR%5d&amp;url=https%3a%2f%2fsubsmovies.club%2f&amp;sf_options=fanart%3Dspecial%3A%2F%2Fhome%2Faddons%5Cplugin.video.subsmovies%2Fresources%2Frolka.png%26meta%3Dvotes%253D0%2526label%253D%25255BCOLOR%252Bwhite%25255D%2525CE%2525A4%2525CE%2525B1%2525CE%2525B9%2525CE%2525BD%2525CE%2525AF%2525CE%2525B5%2525CF%252582%25255B%25252FCOLOR%25255D%2526title%253D%25255BCOLOR%252Bwhite%25255D%2525CE%2525A4%2525CE%2525B1%2525CE%2525B9%2525CE%2525BD%2525CE%2525AF%2525CE%2525B5%2525CF%252582%25255B%25252FCOLOR%25255D%26_options_sf&quot;,return)</favourite>
	<favourite name="[B][COLOR white]Atlas [COLORlime]Free[/COLOR][/B] (Απαραίτητη αλλαγή DNS)" thumb="http://i.imgur.com/cTv0fXe.png">ActivateWindow(10025,&quot;plugin://plugin.video.atlas/?description=%ce%9e%ce%ad%ce%bd%ce%b5%cf%82%20%cf%84%ce%b1%ce%b9%ce%bd%ce%af%ce%b5%cf%82%20%ce%bc%ce%b5%20%cf%85%cf%80%cf%8c%cf%84%ce%b9%cf%84%ce%bb%ce%bf%cf%85%cf%82.%0aMovies%20with%20greek%20subtitles.&amp;iconimage=http%3a%2f%2fi.imgur.com%2fcTv0fXe.png&amp;mode=75&amp;name=%5bB%5d%5bCOLOR%20white%5d%ce%9e%ce%ad%ce%bd%ce%b5%cf%82%20%ce%a4%ce%b1%ce%b9%ce%bd%ce%af%ce%b5%cf%82%5b%2fCOLOR%5d%5b%2fB%5d&amp;url&amp;sf_options=fanart%3Dspecial%3A%2F%2Fhome%2Faddons%5Cplugin.video.atlas%5Cresources%5Cart%5Carrt.jpg%26meta%3Dplot%253D%2525CE%25259E%2525CE%2525AD%2525CE%2525BD%2525CE%2525B5%2525CF%252582%252B%2525CF%252584%2525CE%2525B1%2525CE%2525B9%2525CE%2525BD%2525CE%2525AF%2525CE%2525B5%2525CF%252582%252B%2525CE%2525BC%2525CE%2525B5%252B%2525CF%252585%2525CF%252580%2525CF%25258C%2525CF%252584%2525CE%2525B9%2525CF%252584%2525CE%2525BB%2525CE%2525BF%2525CF%252585%2525CF%252582.%25255CnMovies%252Bwith%252Bgreek%252Bsubtitles.%2526votes%253D0%2526label%253D%25255BB%25255D%25255BCOLOR%252Bwhite%25255D%2525CE%25259E%2525CE%2525AD%2525CE%2525BD%2525CE%2525B5%2525CF%252582%252B%2525CE%2525A4%2525CE%2525B1%2525CE%2525B9%2525CE%2525BD%2525CE%2525AF%2525CE%2525B5%2525CF%252582%25255B%25252FCOLOR%25255D%25255B%25252FB%25255D%2526title%253D%25255BB%25255D%25255BCOLOR%252Bwhite%25255D%2525CE%25259E%2525CE%2525AD%2525CE%2525BD%2525CE%2525B5%2525CF%252582%252B%2525CE%2525A4%2525CE%2525B1%2525CE%2525B9%2525CE%2525BD%2525CE%2525AF%2525CE%2525B5%2525CF%252582%25255B%25252FCOLOR%25255D%25255B%25252FB%25255D%26desc%3D%CE%9E%CE%AD%CE%BD%CE%B5%CF%82+%CF%84%CE%B1%CE%B9%CE%BD%CE%AF%CE%B5%CF%82+%CE%BC%CE%B5+%CF%85%CF%80%CF%8C%CF%84%CE%B9%CF%84%CE%BB%CE%BF%CF%85%CF%82.%0AMovies+with+greek+subtitles.%26_options_sf&quot;,return)</favourite>
	<favourite name="[B][COLOR white]DejaVU [COLORlime]Free[/COLOR][/B]" thumb="https://i.imgur.com/mkqHgJi.jpg">ActivateWindow(10025,&quot;plugin://plugin.video.placenta/?action=directory&amp;content=addons&amp;url=http%3a%2f%2fgknwizard.eu%2frepo%2fBuilds%2fTechNEWsology%2fxml%2f1%2fDJV.xml&amp;sf_options=fanart%3Dspecial%3A%2F%2Fhome%2Faddons%5Cplugin.video.placenta%5Cfanart.jpg%26meta%3Dvotes%253D0%2526label%253D%25255BB%25255D%25255BCOLOR%252Bwhite%25255DDejaVU%25255B%25252FCOLOR%25255D%25255B%25252FB%25255D%26_options_sf&quot;,return)</favourite>
	<favourite name="[B][COLOR white]Asgard [COLORlime]Free[/COLOR][/B]" thumb="http://narcacist.com/images/icon.png">ActivateWindow(10025,&quot;plugin://plugin.video.destiny/?description=No%20information%20available&amp;fanart=C%3a%5cUsers%5chplap%5cAppData%5cRoaming%5cKodi%5caddons%5cplugin.video.destiny%5cfanart.jpg&amp;iconimage=C%3a%5cUsers%5chplap%5cAppData%5cRoaming%5cKodi%5caddons%5cplugin.video.destiny%5cicon.png&amp;mode=get_list&amp;name=Non%20Debrid%20Section&amp;url=https%3a%2f%2fnarcacist.com%2fAddon%2ftext%2frd%2ffree.xml&amp;sf_options=fanart%3Dspecial%3A%2F%2Fhome%2Faddons%5Cplugin.video.destiny%5Cfanart.jpg%26meta%3Dplot%253DNo%252Binformation%252Bavailable%2526votes%253D0%2526label%253DNon%252BDebrid%252BSection%2526title%253DNon%252BDebrid%252BSection%26desc%3DNo+information+available%26_options_sf&quot;,return)</favourite>
	<favourite name="[B][COLOR white]The Magic Dragon [COLOR lime]Free - [COLOR blue]Debrid[COLOR lime][/COLOR][/B]" thumb="special://home/addons\plugin.video.themagicdragon\icon.jpg">ActivateWindow(10025,&quot;plugin://plugin.video.themagicdragon/?fanart=https%3a%2f%2fgithub.com%2ftombebbs1%2fmagicdragon%2fblob%2fmaster%2ffanart.jpg%3fraw%3dtrue&amp;mode=1&amp;name=%5bB%5d%5bCOLORlime%5dNew%20Releases%5b%2fCOLOR%5d%5b%2fB%5d&amp;url=https%3a%2f%2fraw.githubusercontent.com%2ftombebbs1%2fmagicdragon%2fmaster%2fnewreleases.txt&amp;sf_options=fanart%3Dhttps%3A%2F%2Fgithub.com%2Ftombebbs1%2Fmagicdragon%2Fblob%2Fmaster%2Ffanart.jpg%3Fraw%26meta%3Dvotes%253D0%2526label%253D%25255BB%25255D%25255BCOLORlime%25255DNew%252BReleases%25255B%25252FCOLOR%25255D%25255B%25252FB%25255D%2526title%253D%25255BB%25255D%25255BCOLORlime%25255DNew%252BReleases%25255B%25252FCOLOR%25255D%25255B%25252FB%25255D%26_options_sf&quot;,return)</favourite>
	<favourite name="[B][COLOR white]Navyseal [COLORlime]Free[/COLOR][/B]" thumb="https://i.imgur.com/YqE6lKK.jpg">ActivateWindow(10025,&quot;plugin://plugin.video.placenta/?action=directory&amp;content=0&amp;url=https%3a%2f%2fsouthpawlefty2468rocky.com%2fsouthpaw%2fnavyseal%2fmovies%2fRecommended%20Movies%2fRecommended%20Movies%20main.xml&amp;sf_options=fanart%3Dspecial%3A%2F%2Fhome%2Faddons%5Cplugin.video.placenta%5Cfanart.jpg%26meta%3Dvotes%253D0%2526label%253D%25255BCOLOR%252Baqua%25255DRecommended%252BMovies%25255B%25252FCOLOR%25255D%252B%25255BCOLOR%252Bgold%25255D%252528ONE%252BCLICK%252BLINKS%252529%25255B%25252FCOLOR%25255D%26_options_sf&quot;,return)</favourite>
	<favourite name="[B][COLOR white]Navyseal [COLOR lime]Free - [COLOR blue]Debrid[COLOR lime][/COLOR][/B]" thumb="https://i.imgur.com/YqE6lKK.jpg">ActivateWindow(10025,&quot;plugin://plugin.video.placenta/?action=directory&amp;content=0&amp;url=https%3a%2f%2fsouthpawlefty2468rocky.com%2fsouthpaw%2fnavyseal%2fmovies%2fmovies%20main.xml&amp;sf_options=fanart%3Dspecial%3A%2F%2Fhome%2Faddons%5Cplugin.video.placenta%5Cfanart.jpg%26meta%3Dvotes%253D0%2526label%253D%25255BCOLOR%252Baqua%25255DMovies%25255B%25252FCOLOR%25255D%26_options_sf&quot;,return)</favourite>
	<favourite name="[B][COLOR white]Rogue One [COLORlime]Free[/COLOR][/B]" thumb="https://www.wirelesshack.org/wp-content/uploads/2020/10/How-To-Install-Rouge-One-Kodi-Addon.jpg">ActivateWindow(10025,&quot;plugin://plugin.video.placenta/?action=directory&amp;content=0&amp;url=https%3a%2f%2fstupotsaddon.com%2faddon%2fnew%2fnon.xml&amp;sf_options=fanart%3Dhttps%3A%2F%2Fstupotsaddon.com%2Faddon%2Fimage%2Ffanart.jpg%26meta%3Dvotes%253D0%2526label%253D%25255BCOLOR%25253Dgold%25255D%25255BB%25255DNon%252BDebrid%252BMovies%25255B%25252FB%25255D%25255B%25252FCOLOR%25255D%26_options_sf&quot;,return)</favourite>
	<favourite name="[B][COLOR white]Rogue One [COLOR blue]Debrid[/COLOR][/B]" thumb="https://www.wirelesshack.org/wp-content/uploads/2020/10/How-To-Install-Rouge-One-Kodi-Addon.jpg">ActivateWindow(10025,&quot;plugin://plugin.video.placenta/?action=directory&amp;content=0&amp;url=https%3a%2f%2fstupotsaddon.com%2faddon%2fnew%2fnew.xml&amp;sf_options=fanart%3Dhttps%3A%2F%2Fstupotsaddon.com%2Faddon%2Fimage%2Ffanart.jpg%26meta%3Dvotes%253D0%2526label%253D%25255BCOLOR%252Bgold%25255D%25255BB%25255DMovies%25255B%25252FB%25255D%25255B%25252FCOLOR%25255D%26_options_sf&quot;,return)</favourite>
	<favourite name="[B][COLOR white]Ghost [COLOR lime]Free - [COLOR blue]Debrid[COLOR lime][/COLOR][/B]" thumb="http://thechains24.com/Ghost-Addon/ghostxmls/xmls1/fanart/1CLICKLISTS.png">ActivateWindow(10025,&quot;plugin://plugin.video.placenta/?action=directory&amp;content=0&amp;url=http%3a%2f%2fthechains24.com%2fGhost-Addon%2fghostxmls%2f1click-movies.xml&amp;sf_options=fanart%3Dspecial%3A%2F%2Fhome%2Faddons%5Cplugin.video.placenta%5Cfanart.jpg%26meta%3Dvotes%253D0%2526label%253D%25255BCOLORwhite%25255D1CLICK%25255B%25252FCOLOR%25255D%26_options_sf&quot;,return)</favourite>
	<favourite name="[B][COLOR white]ClickSville [COLOR lime]Free[/COLOR][/B]" thumb="https://i.imgur.com/X8FYkly.png">ActivateWindow(10025,&quot;plugin://plugin.video.destiny/?description=No%20information%20available&amp;fanart=C%3a%5cUsers%5chplap%5cAppData%5cRoaming%5cKodi%5caddons%5cplugin.video.destiny%5cfanart.jpg&amp;iconimage=http%3a%2f%2fpedrokingdom.com%2fartwork%2ffreelinks.png&amp;mode=get_list&amp;name=%5bB%5d%5bCOLOR%20ffc51162%5d%e2%80%a2%20%5bCOLORmoccasin%5d%5bB%5dNON%20DEBRID%5b%2fB%5d%5b%2fCOLOR%5d%5bCOLORorange%5d%5bB%5d%20ZONE%5b%2fB%5d%5b%2fCOLOR%5d%20%20%20&amp;url=http%3a%2f%2fpedrokingdom.com%2fnewmain%2ffreedept.xml&amp;sf_options=fanart%3Dspecial%3A%2F%2Fhome%2Faddons%5Cplugin.video.destiny%5Cfanart.jpg%26meta%3Dplot%253DNo%252Binformation%252Bavailable%2526votes%253D0%2526label%253D%25255BB%25255D%25255BCOLOR%252Bffc51162%25255D%2525E2%252580%2525A2%252B%25255BCOLORmoccasin%25255D%25255BB%25255DNON%252BDEBRID%25255B%25252FB%25255D%25255B%25252FCOLOR%25255D%25255BCOLORorange%25255D%25255BB%25255D%252BZONE%25255B%25252FB%25255D%25255B%25252FCOLOR%25255D%252B%252B%252B%2526title%253D%25255BB%25255D%25255BCOLOR%252Bffc51162%25255D%2525E2%252580%2525A2%252B%25255BCOLORmoccasin%25255D%25255BB%25255DNON%252BDEBRID%25255B%25252FB%25255D%25255B%25252FCOLOR%25255D%25255BCOLORorange%25255D%25255BB%25255D%252BZONE%25255B%25252FB%25255D%25255B%25252FCOLOR%25255D%26desc%3DNo+information+available%26_options_sf&quot;,return)</favourite>
	<favourite name="[B][COLOR white]The Crew [COLOR lime]Free - [COLOR blue]Debrid[COLOR lime][/COLOR][/B]" thumb="https://i.pinimg.com/474x/ee/9b/f5/ee9bf52f30afdc70fb714a3ad61accc4.jpg">ActivateWindow(10025,&quot;plugin://plugin.video.destiny/?description=No%20information%20available&amp;fanart=https%3a%2f%2fbitbucket.org%2fthrew%2fgreenhat%2fraw%2fmaster%2fgreenhat%2fgreen.jpg&amp;iconimage=special%3a%2f%2fhome%2faddons%2fscript.thecrew.artwork%2fresources%2fmedia%2fthecrew%2fmain_greenhat.png&amp;mode=get_list&amp;name=%5bCOLOR%20dodgerblue%5d%c2%a4%20%5b%2fCOLOR%5d%20%5bB%5d%5bCOLOR%20white%5d1Click%20Movies%5b%2fCOLOR%5d%5b%2fB%5d%20%5bCOLOR%20dodgerblue%5d%20%c2%a4%5b%2fCOLOR%5d&amp;url=https%3a%2f%2fbitbucket.org%2fthrew%2fgreenhat%2fraw%2fmaster%2fgreenhat%2f1click%2fmain_1click.xml&amp;sf_options=fanart%3Dhttps%3A%2F%2Fbitbucket.org%2Fthrew%2Fgreenhat%2Fraw%2Fmaster%2Fgreenhat%2Fgreen.jpg%26meta%3Dplot%253DNo%252Binformation%252Bavailable%2526votes%253D0%2526label%253D%25255BCOLOR%252Bdodgerblue%25255D%2525C2%2525A4%252B%25255B%25252FCOLOR%25255D%252B%25255BB%25255D%25255BCOLOR%252Bwhite%25255D1Click%252BMovies%25255B%25252FCOLOR%25255D%25255B%25252FB%25255D%252B%25255BCOLOR%252Bdodgerblue%25255D%252B%2525C2%2525A4%25255B%25252FCOLOR%25255D%2526title%253D%25255BCOLOR%252Bdodgerblue%25255D%2525C2%2525A4%252B%25255B%25252FCOLOR%25255D%252B%25255BB%25255D%25255BCOLOR%252Bwhite%25255D1Click%252BMovies%25255B%25252FCOLOR%25255D%25255B%25252FB%25255D%252B%25255BCOLOR%252Bdodgerblue%25255D%252B%2525C2%2525A4%25255B%25252FCOLOR%25255D%26desc%3DNo+information+available%26_options_sf&quot;,return)</favourite>
	<favourite name="[B][COLOR white]Chains Sinister [COLORlime]Free[/COLOR][/B]" thumb="https://i.imgur.com/9kPOu2m.png">ActivateWindow(10025,&quot;plugin://plugin.video.placenta/?action=directory&amp;content=0&amp;url=http%3a%2f%2fthechains24.com%2fGhost-Addon%2fghostxmls%2fxmls1%2fpunkflix.xml&amp;sf_options=fanart%3Dhttps%3A%2F%2Fi.imgur.com%2F71LYSJ4.jpg%26meta%3Dvotes%253D0%2526label%253D%25255BCOLORmagenta%25255D%25255BCOLORlime%25255D%25255BB%25255DNon%252BDebrid%25255B%25252FB%25255D%25255B%25252FCOLOR%25255D%25255B%25252FCOLOR%25255D%26_options_sf&quot;,return)</favourite>
	<favourite name="[B][COLOR white]Twisted 1 Clicks [COLOR lime]Free[/COLOR][/B]" thumb="http://twistedbuilds.xyz/XML/Icons/Main/Movies.png">ActivateWindow(10025,&quot;plugin://plugin.video.destiny/?description=No%20information%20available&amp;fanart=http%3a%2f%2ftwistedbuilds.xyz%2fXML%2fIcons%2ffanart.jpg&amp;iconimage=http%3a%2f%2ftwistedbuilds.xyz%2fXML%2fIcons%2fMain%2fMovies.png&amp;mode=get_list&amp;name=Movies&amp;url=http%3a%2f%2ftwistedbuilds.xyz%2fXML%2f1%20Clicks%2fMovies1.xml&amp;sf_options=fanart%3Dhttp%3A%2F%2Ftwistedbuilds.xyz%2FXML%2FIcons%2Ffanart.jpg%26meta%3Dplot%253DNo%252Binformation%252Bavailable%2526votes%253D0%2526label%253DMovies%2526title%253DMovies%26desc%3DNo+information+available%26_options_sf&quot;,return)</favourite>
	<favourite name="[B][COLOR white]Goto [COLORlime]Free[/COLOR][/B]" thumb="special://home/addons\plugin.video.destiny\icon.png">ActivateWindow(10025,&quot;plugin://plugin.video.destiny/?description=No%20information%20available&amp;fanart=C%3a%5cUsers%5chplap%5cAppData%5cRoaming%5cKodi%5caddons%5cplugin.video.destiny%5cfanart.jpg&amp;iconimage=C%3a%5cUsers%5chplap%5cAppData%5cRoaming%5cKodi%5caddons%5cplugin.video.destiny%5cicon.png&amp;mode=get_list&amp;name=%5bCOLORwhite%5dNON%20RD%20FLICKS%5b%2fCOLOR%5d&amp;url=http%3a%2f%2fmygoto.uk%2f1Xmls%2f1MainMenuXmls%2f1MovieXmls%2fNonRdFlix%2f2020newreleases.xml&amp;sf_options=fanart%3Dspecial%3A%2F%2Fhome%2Faddons%5Cplugin.video.destiny%5Cfanart.jpg%26meta%3Dplot%253DNo%252Binformation%252Bavailable%2526votes%253D0%2526label%253D%25255BCOLORwhite%25255DNON%252BRD%252BFLICKS%25255B%25252FCOLOR%25255D%2526title%253D%25255BCOLORwhite%25255DNON%252BRD%252BFLICKS%25255B%25252FCOLOR%25255D%26desc%3DNo+information+available%26_options_sf&quot;,return)</favourite>
	<favourite name="[B][COLOR white]Mercury[COLORlime] Free[/COLOR][/B]" thumb="https://i.imgur.com/QxEmWD9.jpg">ActivateWindow(10025,&quot;plugin://plugin.video.placenta/?action=directory&amp;content=0&amp;url=https%3a%2f%2fraw.githubusercontent.com%2fFloyd6969%2fDJV%2fmaster%2fMavNewRelsSelect.xml&amp;sf_options=fanart%3Dhttps%3A%2F%2Fi.imgur.com%2FIGcg7tE.jpg%26meta%3Dvotes%253D0%2526label%253D%25255BCOLORlime%25255D%25255BB%25255DNew%252BMovie%252BReleases%25255B%25252FB%25255D%25255B%25252FCOLOR%25255D%26_options_sf&quot;,return)</favourite>
	<favourite name="[B][COLOR white]Marvel Universe [COLOR blue]Debrid[/COLOR][/B]" thumb="https://i.imgur.com/NwiYVca.png">ActivateWindow(10025,&quot;plugin://plugin.video.placenta/?action=directory&amp;content=addons&amp;url=http%3a%2f%2fthechains24.com%2fmarvel%2520Universe%2fmarvel%2520main%2520menu.txt&amp;sf_options=fanart%3Dspecial%3A%2F%2Fhome%2Faddons%5Cplugin.video.placenta%5Cfanart.jpg%26meta%3Dvotes%253D0%2526label%253D%25255BB%25255D%25255BCOLOR%252Bwhite%25255DMarvel%252BUniverse%25255B%25252FCOLOR%25255D%25255B%25252FB%25255D%26_options_sf&quot;,return)</favourite>
	<favourite name="[B][COLOR white]DS Universe [COLOR blue]Debrid[/COLOR][/B]" thumb="https://i.imgur.com/1TCYRh1.jpg">ActivateWindow(10025,&quot;plugin://plugin.video.placenta/?action=directory&amp;content=addons&amp;url=http%3a%2f%2fthechains24.com%2fDC%2520Universe%2fDC%2520COMICS%2520MAIN.txt&amp;sf_options=fanart%3Dspecial%3A%2F%2Fhome%2Faddons%5Cplugin.video.placenta%5Cfanart.jpg%26meta%3Dvotes%253D0%2526label%253D%25255BB%25255D%25255BCOLOR%252Bwhite%25255DDS%252BUniverse%25255B%25252FCOLOR%25255D%25255B%25252FB%25255D%26_options_sf&quot;,return)</favourite>
	<favourite name="[B][COLOR white]ONE CLICK [/COLOR][/B]" thumb="http://www.sozailab.jp/db_img/sozai/12518/fd0dc53d89c6e18c0ef31e2b60d276e1.png">PlayMedia(&quot;plugin://plugin.video.wolfpack/?mode=get_sources&amp;url=%3Cplugin%3E%0A%3Ctitle%3E%5BCOLOR+FFffffffff%5D%5BCOLOR+hotpink%5D%5BB%5DONE+CLICK+MOVIES%5B%2FB%5D%5B%2FCOLOR%5D%5B%2FCOLOR%5D%3C%2Ftitle%3E%0A%3Clink%3Ehttp%3A%2F%2Fwww.midian.appboxes.co%2FwolfyB%2Fnewmidian%2FMovies%2Fmegalist.m3u%3C%2Flink%3E%0A%3Cthumbnail%3Ehttp%3A%2F%2Fwww.sozailab.jp%2Fdb_img%2Fsozai%2F12518%2Ffd0dc53d89c6e18c0ef31e2b60d276e1.png%3C%2Fthumbnail%3E%0A%3Cfanart%3Ehttp%3A%2F%2Ffc07.deviantart.net%2Ffs71%2Fi%2F2010%2F208%2F9%2F3%2FNew_ID_yay_by_gg_Midian.jpg%3C%2Ffanart%3E%0A%3C%2Fplugin%3E%3Ccolorize%3E%3C%2Fcolorize%3E&amp;name=%5BCOLOR+FFffffffff%5D%5BCOLOR+hotpink%5D%5BB%5DONE+CLICK+MOVIES%5B%2FB%5D%5B%2FCOLOR%5D%5B%2FCOLOR%5D&amp;iconimage=http%3A%2F%2Fwww.sozailab.jp%2Fdb_img%2Fsozai%2F12518%2Ffd0dc53d89c6e18c0ef31e2b60d276e1.png&amp;fanart=http%3A%2F%2Ffc07.deviantart.net%2Ffs71%2Fi%2F2010%2F208%2F9%2F3%2FNew_ID_yay_by_gg_Midian.jpg&amp;description=No+information+available&amp;sf_options=fanart%3Dhttp%3A%2F%2Ffc07.deviantart.net%2Ffs71%2Fi%2F2010%2F208%2F9%2F3%2FNew_ID_yay_by_gg_Midian.jpg%26meta%3Dplot%253DNo%252Binformation%252Bavailable%2526votes%253D0%2526label%253D%25255BCOLOR%252BFFffffffff%25255D%25255BCOLOR%252Bhotpink%25255D%25255BB%25255DONE%252BCLICK%252BMOVIES%25255B%25252FB%25255D%25255B%25252FCOLOR%25255D%25255B%25252FCOLOR%25255D%2526title%253D%25255BCOLOR%252BFFffffffff%25255D%25255BCOLOR%252Bhotpink%25255D%25255BB%25255DONE%252BCLICK%252BMOVIES%25255B%25252FB%25255D%25255B%25252FCOLOR%25255D%25255B%25252FCOLOR%25255D%26winID%3D10025%26desc%3DNo+information+available%26_options_sf&quot;)</favourite>
	<favourite name="[B][COLOR white]Placenta[/COLOR][/B]" thumb="special://home/addons\plugin.video.placenta/icon.png">ActivateWindow(10025,&quot;plugin://plugin.video.placenta/?action=1Click&amp;sf_options=fanart%3Dspecial%3A%2F%2Fhome%2Faddons%5Cscript.placenta.artwork%5Cresources%5Cmedia%5Cdark+elogance%5Cfanart.jpg%26meta%3Dlabel%253D%2525CE%25259A%2525CE%2525BB%2525CE%2525B9%2525CE%2525BA..%252B%252528%2525CE%25259D%2525CE%2525AD%2525CE%2525BF%252529%26_options_sf&quot;,return)</favourite>
	<favourite name="[B][COLOR white]Midian[/COLOR][/B]" thumb="http://www.midian.appboxes.co/wolfyB/new%20icons/Midian/featuredlogo.png">ActivateWindow(10025,&quot;plugin://plugin.video.wolfpack/?description=No%20information%20available&amp;fanart=http%3a%2f%2ffc07.deviantart.net%2ffs71%2fi%2f2010%2f208%2f9%2f3%2fNew_ID_yay_by_gg_Midian.jpg&amp;iconimage=http%3a%2f%2fwww.midian.appboxes.co%2fwolfyB%2fnew%2520icons%2fMidian%2ffeaturedlogo.png&amp;mode=get_list&amp;name=%5bCOLOR%20FFffffffff%5d%5bCOLOR%20cyan%5d%5bB%5dMIDIAN%20FEATURED%20LIST%5b%2fB%5d%5b%2fCOLOR%5d%5b%2fCOLOR%5d&amp;url=http%3a%2f%2fwww.midian.appboxes.co%2fwolfyB%2fnewmidian%2fMovies%2foneclick%2fFeatured.xml&amp;sf_options=fanart%3Dhttp%3A%2F%2Ffc07.deviantart.net%2Ffs71%2Fi%2F2010%2F208%2F9%2F3%2FNew_ID_yay_by_gg_Midian.jpg%26meta%3Dplot%253DNo%252Binformation%252Bavailable%2526votes%253D0%2526label%253D%25255BCOLOR%252BFFffffffff%25255D%25255BCOLOR%252Bcyan%25255D%25255BB%25255DMIDIAN%252BFEATURED%252BLIST%25255B%25252FB%25255D%25255B%25252FCOLOR%25255D%25255B%25252FCOLOR%25255D%2526title%253D%25255BCOLOR%252BFFffffffff%25255D%25255BCOLOR%252Bcyan%25255D%25255BB%25255DMIDIAN%252BFEATURED%252BLIST%25255B%25252FB%25255D%25255B%25252FCOLOR%25255D%25255B%25252FCOLOR%25255D%26desc%3DNo+information+available%26_options_sf&quot;,return)</favourite>
	<favourite name="[B][COLOR white]Tempest[/COLOR][/B]" thumb="special://home/addons\script.tempest.artwork\resources\media\tempest\channels.png">ActivateWindow(10025,&quot;plugin://plugin.video.tempest/?action=clickNavigator&amp;sf_options=fanart%3Dspecial%3A%2F%2Fhome%2Faddons%5Cscript.tempest.artwork%5Cresources%5Cmedia%5Ctempest%5Cfanart.jpg%26meta%3Dlabel%253D%25255BB%25255D%25255BCOLOR%252Bgold%25255D1%252BClicks%252B%25255B%25252FCOLOR%25255D%25255B%25252FB%25255D%26_options_sf&quot;,return)</favourite>
	<favourite name="[B][COLOR white]M.E.T.V[/COLOR][/B]" thumb="http://www.ezzer-mac.com/Addon/images/new.png">ActivateWindow(10025,&quot;plugin://plugin.video.placenta/?action=directory&amp;content=0&amp;url=http%3a%2f%2fwww.ezzer-mac.com%2fAddon%2ftext%2fcat2.xml&amp;sf_options=fanart%3Dhttp%3A%2F%2Fwww.ezzer-mac.com%2FAddon%2Fimages%2Fnewaddonbg.jpg%26meta%3Dvotes%253D0%2526label%253D%25255BB%25255D%25255BI%25255D%25255BCOLOR%252Byellow%25255DCLICK%252BONCE%252BMOVIES%252BSECTION%25255B%25252FCOLOR%25255D%25255B%25252FI%25255D%25255B%25252FB%25255D%26_options_sf&quot;,return)</favourite>
	<favourite name="[B][COLOR white]White Devil[/COLOR][/B]" thumb="special://home/addons\plugin.video.white.devil\icon.png">ActivateWindow(10025,&quot;plugin://plugin.video.placenta/?action=directory&amp;content=0&amp;url=http%3a%2f%2fbrettusbuilds.com%2f.WHITE%2520DEVIL%2fNEMESIS%2fLATEST.XML&amp;sf_options=fanart%3Dspecial%3A%2F%2Fhome%2Faddons%5Cplugin.video.placenta%5Cfanart.jpg%26meta%3Dvotes%253D0%2526label%253D%25255BCOLOR%252Bdodgerblue%25255DLATEST%252BMOVIES%25255B%25252FCOLOR%25255D%26_options_sf&quot;,return)</favourite>
	<favourite name="[B][COLOR white]Odds N Ends[/COLOR][/B]" thumb="http://grindhousekodi.tk/grindhouse/odds/icon.png">ActivateWindow(10025,&quot;plugin://plugin.video.placenta/?action=directory&amp;content=0&amp;url=http%3a%2f%2fgrindhousekodi.tk%2fgrindhouse%2fodds%2foddsmovies.xml&amp;sf_options=fanart%3Dhttp%3A%2F%2Fgrindhousekodi.tk%2Fgrindhouse%2Fodds%2Ffanart.jpg%26meta%3Dvotes%253D0%2526label%253D1%252Bclick%252Bmovies%26_options_sf&quot;,return)</favourite>
	<favourite name="[B][COLOR white]Odin Real Debrid[/COLOR][/B]" thumb="http://narcacist.com/Addon/images/movie.png">ActivateWindow(10025,&quot;plugin://plugin.video.placenta/?action=directory&amp;content=0&amp;url=https%3a%2f%2fnarcacist.com%2fAddon%2ftext%2freal.xml&amp;sf_options=fanart%3Dspecial%3A%2F%2Fhome%2Faddons%5Cplugin.video.placenta%5Cfanart.jpg%26meta%3Dvotes%253D0%2526label%253D%25255BCOLOR%252Bred%25255DReal%252BDebrid%252B%252528One%252BClick%252529%25255B%25252FCOLOR%25255D%26_options_sf&quot;,return)</favourite>
	<favourite name="[B][COLOR white]Ghost Debrid[/COLOR][/B]" thumb="https://magnetic.website/menu%20icons/ghost.png">ActivateWindow(10025,&quot;plugin://plugin.video.placenta/?action=directory&amp;content=0&amp;url=http%3a%2f%2fmygoto.uk%2f1Xmls%2f1ListersXmls%2f1tam%2ftamMainXml%2ftammain.xml&amp;sf_options=fanart%3Dspecial%3A%2F%2Fhome%2Faddons%5Cplugin.video.placenta%5Cfanart.jpg%26meta%3Dvotes%253D0%2526label%253D%25255BCOLORwhite%25255DDEBRID%252B1%252BCLICKS%25255B%25252FCOLOR%25255D%26_options_sf&quot;,return)</favourite>
	<favourite name="[B][COLOR white]Athena[/COLOR][/B]" thumb="https://mercuryme.org/DS%20art/iconathena.png">ActivateWindow(10025,&quot;plugin://plugin.video.destiny/?description=No%20information%20available&amp;fanart=https%3a%2f%2fmercuryme.org%2fDS%2520art%2ffanartnymeria.jpg&amp;iconimage=https%3a%2f%2fmercuryme.org%2fDS%2520art%2ficonathena.png&amp;mode=get_list&amp;name=%5bB%5d%5bCOLOR%20gold%5dA%5bCOLOR%20white%5dthen%5bCOLOR%20gold%5dA%5b%2fCOLOR%5d%5b%2fB%5d&amp;url=http%3a%2f%2fwww.ezzer-mac.com%2fEzzerman%2fNel%2fnymeria1%2fmain.xml&amp;sf_options=fanart%3Dhttps%3A%2F%2Fmercuryme.org%2FDS%2520art%2Ffanartnymeria.jpg%26meta%3Dplot%253DNo%252Binformation%252Bavailable%2526votes%253D0%2526label%253D%25255BB%25255D%25255BCOLOR%252Bgold%25255DA%25255BCOLOR%252Bwhite%25255Dthen%25255BCOLOR%252Bgold%25255DA%25255B%25252FCOLOR%25255D%25255B%25252FB%25255D%2526title%253D%25255BB%25255D%25255BCOLOR%252Bgold%25255DA%25255BCOLOR%252Bwhite%25255Dthen%25255BCOLOR%252Bgold%25255DA%25255B%25252FCOLOR%25255D%25255B%25252FB%25255D%26desc%3DNo+information+available%26_options_sf&quot;,return)</favourite>
	<favourite name="[B][COLOR white]A Womans Touch[/COLOR][/B]" thumb="https://i.imgur.com/ujOem7l.jpg">ActivateWindow(10025,&quot;plugin://plugin.video.placenta/?action=directory&amp;content=0&amp;url=https%3a%2f%2farchive.org%2fdownload%2fmoviesindex%2fmoviesindex.xml&amp;sf_options=fanart%3Dhttps%3A%2F%2Fi.imgur.com%2FSr9HhMb.jpg%26meta%3Dvotes%253D0%2526label%253D%25255BCOLOR%252Bmagenta%25255D%25255BB%25255DM%25255B%25252FB%25255D%25255B%25252FCOLOR%25255D%25255BCOLOR%252Bwhite%25255Dovie%25255B%25252FCOLOR%25255D%25255BCOLOR%252Bmagenta%25255D%25255BB%25255Ds%25255B%25252FB%25255D%25255B%25252FCOLOR%25255D%26_options_sf&quot;,return)</favourite>
	<favourite name="[B][COLOR white]VOD Movies TvOne1112[/COLOR][/B]" thumb="special://home/addons\plugin.video.tvone1112\icon.png">ActivateWindow(10025,&quot;plugin://plugin.video.tvone1112/vod?sf_options=meta%3Dlabel%253D%25255BVOD%25255D%26_options_sf&quot;,return)</favourite>
	<favourite name="[B][COLOR white]VOD Movies Sports Classic[/COLOR][/B]" thumb="https://3.bp.blogspot.com/-IpVThipMVMU/Wd-my5Ul0oI/AAAAAAAACbo/m4b7izFN50wxYkUEr3WTs7e5J06bqVLAQCLcBGAs/s1600/flowRoot418g558.png">ActivateWindow(10025,&quot;plugin://plugin.video.sportsclassic/?fanart=https%3a%2f%2fwww.hds.to%2fimages%2fslider%2ftop_2017.jpg&amp;mode=1&amp;name=%5bB%5d%5bCOLOR%20yellowgreen%5d%e2%80%a2%5b%2fCOLOR%5d%5bCOLOR%20darkorange%5d%e2%80%a2%5b%2fCOLOR%5d%5bCOLORlightseagreen%5dVOD%20Movies%5b%2fCOLOR%5d%5bB%5d%5bCOLOR%20yellowgreen%5d%e2%80%a2%5b%2fCOLOR%5d%5bCOLOR%20darkorange%5d%e2%80%a2%5b%2fCOLOR%5d%5b%2fB%5d&amp;url=https%3a%2f%2fraw.githubusercontent.com%2fShark5588%2flist%2fmaster%2fboxeng.xml&amp;sf_options=fanart%3Dhttps%3A%2F%2Fwww.hds.to%2Fimages%2Fslider%2Ftop_2017.jpg%26meta%3Dplot%253DMovies%252BNew%252BRelease%2526votes%253D0%2526label%253D%25255BB%25255D%25255BCOLOR%252Byellowgreen%25255D%2525E2%252580%2525A2%25255B%25252FCOLOR%25255D%25255BCOLOR%252Bdarkorange%25255D%2525E2%252580%2525A2%25255B%25252FCOLOR%25255D%25255BCOLORlightseagreen%25255DVOD%252BMovies%25255B%25252FCOLOR%25255D%25255BB%25255D%25255BCOLOR%252Byellowgreen%25255D%2525E2%252580%2525A2%25255B%25252FCOLOR%25255D%25255BCOLOR%252Bdarkorange%25255D%2525E2%252580%2525A2%25255B%25252FCOLOR%25255D%25255B%25252FB%25255D%2526title%253D%25255BB%25255D%25255BCOLOR%252Byellowgreen%25255D%2525E2%252580%2525A2%25255B%25252FCOLOR%25255D%25255BCOLOR%252Bdarkorange%25255D%2525E2%252580%2525A2%25255B%25252FCOLOR%25255D%25255BCOLORlightseagreen%25255DVOD%252BMovies%25255B%25252FCOLOR%25255D%25255BB%25255D%25255BCOLOR%252Byellowgreen%25255D%2525E2%252580%2525A2%25255B%25252FCOLOR%25255D%25255BCOLOR%252Bdarkorange%25255D%2525E2%252580%2525A2%25255B%25252FCOLOR%25255D%25255B%25252FB%25255D%26desc%3DMovies+New+Release%26_options_sf&quot;,return)</favourite>
	<favourite name="[B][COLOR white]7of9[/COLOR][/B]" thumb="https://www.wirelesshack.org/wp-content/uploads/2019/05/How-To-Install-7of9-AIO-Kodi-Addon.jpg">ActivateWindow(10025,&quot;plugin://plugin.video.placenta/?action=directory&amp;content=addons&amp;url=http%3a%2f%2f7of9.m3u.xyz%2fjen%2f7of9-cached%2fmovies%2fpop-1ck.php&amp;sf_options=fanart%3Dspecial%3A%2F%2Fhome%2Faddons%5Cplugin.video.placenta%5Cfanart.jpg%26meta%3Dvotes%253D0%2526label%253D%25255BB%25255D%25255BCOLOR%252Bwhite%25255D7of9%25255B%25252FCOLOR%25255D%25255B%25252FB%25255D%26_options_sf&quot;,return)</favourite>
	<favourite name="[B][COLOR white]Classic Movies Pre 1970[/COLOR][/B]" thumb="special://home/addons\plugin.video.themagicdragon\icon.jpg">ActivateWindow(10025,&quot;plugin://plugin.video.themagicdragon/?fanart=https%3a%2f%2fgithub.com%2ftombebbs1%2fmagicdragon%2fblob%2fmaster%2ffanart.jpg%3fraw%3dtrue&amp;mode=1&amp;name=%5bB%5d%5bCOLORmagenta%5dClassic%20Movies%20Pre%201970%5b%2fCOLOR%5d%5b%2fB%5d&amp;url=https%3a%2f%2fraw.githubusercontent.com%2ftombebbs1%2fmagicdragon%2fmaster%2fgoldenoldies.txt&amp;sf_options=fanart%3Dhttps%3A%2F%2Fgithub.com%2Ftombebbs1%2Fmagicdragon%2Fblob%2Fmaster%2Ffanart.jpg%3Fraw%26meta%3Dvotes%253D0%2526label%253D%25255BB%25255D%25255BCOLORmagenta%25255DClassic%252BMovies%252BPre%252B1970%25255B%25252FCOLOR%25255D%25255B%25252FB%25255D%2526title%253D%25255BB%25255D%25255BCOLORmagenta%25255DClassic%252BMovies%252BPre%252B1970%25255B%25252FCOLOR%25255D%25255B%25252FB%25255D%26_options_sf&quot;,return)</favourite>
	<favourite name="[B][COLOR white]Titan Movies[/COLOR][/B]" thumb="https://magnetic.website/Mad%20Titan/mad%20titan%20icons/mad%20titan%20icons.png">ActivateWindow(10025,&quot;plugin://plugin.video.placenta/?action=directory&amp;content=0&amp;url=http%3a%2f%2fmagnetic.website%2fMad%2520Titan%2ftitan%2520movies.xml&amp;sf_options=fanart%3Dhttps%3A%2F%2Fmagnetic.website%2Fmenu%2520icons%2Fmovies%2520%2520fanart.jpg%26meta%3Dvotes%253D0%2526label%253D%25252A%25252A%25252ATitan%252BMovies%25252A%25252A%25252A%26_options_sf&quot;,return)</favourite>
	<favourite name="[B][I][COLOR white]CLICK ONCE EVERYTHING ELSE[/COLOR][/I][/B]" thumb="http://www.ezzer-mac.com/Addon/images/oneclick.png">ActivateWindow(10025,&quot;plugin://plugin.video.placenta/?action=directory&amp;content=0&amp;url=http%3a%2f%2fwww.ezzer-mac.com%2fAddon%2ftext%2f1clickcatorgories.xml&amp;sf_options=fanart%3Dhttp%3A%2F%2Fwww.ezzer-mac.com%2FAddon%2Fimages%2Fnewaddonbg.jpg%26meta%3Dvotes%253D0%2526label%253D%25255BB%25255D%25255BI%25255D%25255BCOLOR%252Byellow%25255DCLICK%252BONCE%252BEVERYTHING%252BELSE%25255B%25252FCOLOR%25255D%25255B%25252FI%25255D%25255B%25252FB%25255D%26_options_sf&quot;,return)</favourite>
	<favourite name="[B][I][COLORwhite]1 Click HD Real Debrid Only (TORRENTS)[/B][/I][/COLOR]" thumb="https://i.imgur.com/dm1Tk83.png">ActivateWindow(10025,&quot;plugin://plugin.video.themagicdragon/?fanart=https%3a%2f%2fi.imgur.com%2fU5nKN8r.jpg&amp;mode=1&amp;name=%5bB%5d%5bI%5d%5bCOLORwhite%5d1%20Click%20HD%20Real%20Debrid%20Only%20(TORRENTS)%5b%2fB%5d%5b%2fI%5d%5b%2fCOLOR%5d&amp;url=https%3a%2f%2fraw.githubusercontent.com%2ftombebbs1%2fmagicdragon%2fmaster%2fTorrentsHD.txt&amp;sf_options=fanart%3Dhttps%3A%2F%2Fi.imgur.com%2FU5nKN8r.jpg%26meta%3Dvotes%253D0%2526label%253D%25255BB%25255D%25255BI%25255D%25255BCOLORwhite%25255D1%252BClick%252BHD%252BReal%252BDebrid%252BOnly%252B%252528TORRENTS%252529%25255B%25252FB%25255D%25255B%25252FI%25255D%25255B%25252FCOLOR%25255D%2526title%253D%25255BB%25255D%25255BI%25255D%25255BCOLORwhite%25255D1%252BClick%252BHD%252BReal%252BDebrid%252BOnly%252B%252528TORRENTS%252529%25255B%25252FB%25255D%25255B%25252FI%25255D%25255B%25252FCOLOR%25255D%26_options_sf&quot;,return)</favourite>
	<favourite name="[COLORwhite][B]Debrid New Releases FHD[/B][/COLOR]" thumb="https://i.imgur.com/ewZqfXr.png">ActivateWindow(10025,&quot;plugin://plugin.video.placenta/?action=directory&amp;content=0&amp;url=https%3a%2f%2fraw.githubusercontent.com%2fFloyd6969%2fDJV%2fmaster%2fMavT%2520New%2520Releases.txt&amp;sf_options=fanart%3Dhttps%3A%2F%2Fi.imgur.com%2F2aMoMQv.jpg%26meta%3Dvotes%253D0%2526label%253D%25255BCOLORwhite%25255D%25255BB%25255DDebrid%252BNew%252BReleases%252BFHD%25255B%25252FB%25255D%25255B%25252FCOLOR%25255D%26_options_sf&quot;,return)</favourite>
</favourites>