<favourites>
	<favourite name="Classic Cinema" thumb="https://i.imgur.com/Tntc92g.png">PlayMedia(&quot;plugin://plugin.video.live.streamspro/?url=https%3A%2F%2Fnrpus.bozztv.com%2F36bay2%2Fgusa-classiccinema%2Findex.m3u8&amp;mode=12&amp;iconimage=https%3A%2F%2Fi.imgur.com%2FTntc92g.png&amp;sf_options=meta%3Dvotes%253D0%2526label%253DClassic%252BCinema%2526title%253DClassic%252BCinema%26winID%3D10025%26_options_sf&quot;)</favourite>
	<favourite name="Bek Sports East" thumb="https://i.imgur.com/d8PpFdD.png">PlayMedia(&quot;plugin://plugin.video.live.streamspro/?url=https%3A%2F%2Fwowzaprod188-i.akamaihd.net%2Fhls%2Flive%2F728897%2F54d0bcd5%2Fplaylist.m3u8&amp;mode=12&amp;iconimage=https%3A%2F%2Fi.imgur.com%2Fd8PpFdD.png&amp;sf_options=meta%3Dvotes%253D0%2526label%253DBek%252BSports%252BEast%2526title%253DBek%252BSports%252BEast%26winID%3D10025%26_options_sf&quot;)</favourite>
	<favourite name="Chef Champion" thumb="https://i.imgur.com/4fH4z6t.png">PlayMedia(&quot;plugin://plugin.video.live.streamspro/?url=https%3A%2F%2Fnrpus.bozztv.com%2F36bay2%2Fgusa-chefchampion%2Findex.m3u8&amp;mode=12&amp;iconimage=https%3A%2F%2Fi.imgur.com%2F4fH4z6t.png&amp;sf_options=meta%3Dvotes%253D0%2526label%253DChef%252BChampion%2526title%253DChef%252BChampion%26winID%3D10025%26_options_sf&quot;)</favourite>
	<favourite name="Hunt Channel" thumb="https://i.imgur.com/DkvWWbE.png">PlayMedia(&quot;plugin://plugin.video.live.streamspro/?url=https%3A%2F%2F1111296894.rsc.cdn77.org%2FLS-ATL-56868-1%2Findex.m3u8&amp;mode=12&amp;iconimage=https%3A%2F%2Fi.imgur.com%2FDkvWWbE.png&amp;sf_options=meta%3Dvotes%253D0%2526label%253DHunt%252BChannel%2526title%253DHunt%252BChannel%26winID%3D10025%26_options_sf&quot;)</favourite>
	<favourite name="Disney Channel" thumb="https://i.imgur.com/38mmLIy.png">PlayMedia(&quot;plugin://plugin.video.live.streamspro/?url=http%3A%2F%2Fott.artmott.com%2FDisneyChannel%2Ftracks-v1a1%2Fmono.m3u8&amp;mode=12&amp;iconimage=https%3A%2F%2Fi.imgur.com%2F38mmLIy.png&amp;sf_options=meta%3Dvotes%253D0%2526label%253DDisney%252BChannel%2526title%253DDisney%252BChannel%26winID%3D10025%26_options_sf&quot;)</favourite>
	<favourite name="America&apos;s Funniest Videos" thumb="https://i.imgur.com/FLKdEzZ.png">PlayMedia(&quot;plugin://plugin.video.live.streamspro/?url=https%3A%2F%2Fdai2.xumo.com%2Famagi_hls_data_xumo1212A-americasfunniesthomevideos%2FCDN%2F1280x720_5000000%2Findex.m3u8&amp;mode=12&amp;iconimage=https%3A%2F%2Fi.imgur.com%2FFLKdEzZ.png&amp;sf_options=meta%3Dvotes%253D0%2526label%253DAmerica%252527s%252BFunniest%252BVideos%2526title%253DAmerica%252527s%252BFunniest%252BVideos%26winID%3D10025%26_options_sf&quot;)</favourite>
	<favourite name="Fight Plus TV" thumb="https://i.imgur.com/eWCoxqy.png">PlayMedia(&quot;plugin://plugin.video.live.streamspro/?url=https%3A%2F%2Fnimble.dashstreams.net%2Fonestudio%2Ffightplustv%2Fplaylist.m3u8&amp;mode=12&amp;iconimage=https%3A%2F%2Fi.imgur.com%2FeWCoxqy.png&amp;sf_options=meta%3Dvotes%253D0%2526label%253DFight%252BPlus%252BTV%2526title%253DFight%252BPlus%252BTV%26winID%3D10025%26_options_sf&quot;)</favourite>
	<favourite name="AKC TV" thumb="https://web-cdn.blivenyc.com/generic/mee.logo-golden-trans.png">PlayMedia(&quot;plugin://plugin.video.live.streamspro/?url=https%3A%2F%2Fvideo.blivenyc.com%2Fbroadcast%2Fprod%2F2061%2F22%2Ffile-3192k.m3u8&amp;mode=12&amp;iconimage=https%3A%2F%2Fweb-cdn.blivenyc.com%2Fgeneric%2Fmee.logo-golden-trans.png&amp;sf_options=meta%3Dvotes%253D0%2526label%253DAKC%252BTV%2526title%253DAKC%252BTV%26winID%3D10025%26_options_sf&quot;)</favourite>
	<favourite name="ABC News" thumb="https://i.imgur.com/DhyuABZ.png">PlayMedia(&quot;plugin://plugin.video.live.streamspro/?url=https%3A%2F%2Fcontent.uplynk.com%2Fchannel%2F3324f2467c414329b3b0cc5cd987b6be.m3u8&amp;mode=12&amp;iconimage=https%3A%2F%2Fi.imgur.com%2FDhyuABZ.png&amp;sf_options=meta%3Dvotes%253D0%2526label%253DABC%252BNews%2526title%253DABC%252BNews%26winID%3D10025%26_options_sf&quot;)</favourite>
	<favourite name="California Music Channel" thumb="https://i.imgur.com/9TbpsS0.png">PlayMedia(&quot;plugin://plugin.video.live.streamspro/?url=https%3A%2F%2Fcmctv.ios.internapcdn.net%2Fcmctv_vitalstream_com%2Flive_1%2FCMC-TV%2Fmaster.m3u8%3Ffluxustv.m3u8&amp;mode=12&amp;iconimage=https%3A%2F%2Fi.imgur.com%2F9TbpsS0.png&amp;sf_options=meta%3Dvotes%253D0%2526label%253DCalifornia%252BMusic%252BChannel%2526title%253DCalifornia%252BMusic%252BChannel%26winID%3D10025%26_options_sf&quot;)</favourite>
	<favourite name="NBC (WTVJ) (EST)" thumb="https://i.imgur.com/zGUrIlJ.png">PlayMedia(&quot;plugin://plugin.video.live.streamspro/?url=http%3A%2F%2F161.0.157.51%2FPLTV%2F88888888%2F224%2F3221227040%2Findex.m3u8%3Ffluxustv.m3u8&amp;mode=12&amp;iconimage=https%3A%2F%2Fi.imgur.com%2FzGUrIlJ.png&amp;sf_options=meta%3Dvotes%253D0%2526label%253DNBC%252B%252528WTVJ%252529%252B%252528EST%252529%2526title%253DNBC%252B%252528WTVJ%252529%252B%252528EST%252529%26winID%3D10025%26_options_sf&quot;)</favourite>
	<favourite name="The Outdoor Cooking Channel" thumb="http://www.outdoorcookingchannel.com/wp-content/uploads/2014/06/150-logo.png">PlayMedia(&quot;plugin://plugin.video.live.streamspro/?url=http%3A%2F%2Fedge1.tikilive.com%3A1935%2Funrestricted_tikilive%2F25947%2Famlst%3ANWKlw6jwyXpz%2Fchunklist_w981409619_b1105254.m3u8%3Ffluxustv.m3u8&amp;mode=12&amp;iconimage=http%3A%2F%2Fwww.outdoorcookingchannel.com%2Fwp-content%2Fuploads%2F2014%2F06%2F150-logo.png&amp;sf_options=meta%3Dvotes%253D0%2526label%253DThe%252BOutdoor%252BCooking%252BChannel%2526title%253DThe%252BOutdoor%252BCooking%252BChannel%26winID%3D10025%26_options_sf&quot;)</favourite>
	<favourite name="Movie Kingdom" thumb="https://i.imgur.com/YgRz2Cc.png">PlayMedia(&quot;plugin://plugin.video.live.streamspro/?url=https%3A%2F%2Fa.jsrdn.com%2Fbroadcast%2Fe9b4093a41%2F%2B0000%2Fhigh%2Fc.m3u8&amp;mode=12&amp;iconimage=https%3A%2F%2Fi.imgur.com%2FYgRz2Cc.png&amp;sf_options=meta%3Dvotes%253D0%2526label%253DMovie%252BKingdom%2526title%253DMovie%252BKingdom%26winID%3D10025%26_options_sf&quot;)</favourite>
	<favourite name="Filmrise Classics" thumb="https://i.imgur.com/nLimNFX.png">PlayMedia(&quot;plugin://plugin.video.live.streamspro/?url=https%3A%2F%2Fdai2.xumo.com%2Famagi_hls_data_xumo1212A-filmriseclassictv%2FCDN%2F648x432_5000000%2Findex.m3u8&amp;mode=12&amp;iconimage=https%3A%2F%2Fi.imgur.com%2FnLimNFX.png&amp;sf_options=meta%3Dvotes%253D0%2526label%253DFilmrise%252BClassics%2526title%253DFilmrise%252BClassics%26winID%3D10025%26_options_sf&quot;)</favourite>
	<favourite name="Filmrise Crime" thumb="https://i.imgur.com/BDtkjpS.png">PlayMedia(&quot;plugin://plugin.video.live.streamspro/?url=https%3A%2F%2Fdai2.xumo.com%2Fxumocdn%2Fp%3Droku%2Famagi_hls_data_xumo1212A-filmrisecrime%2FCDN%2F640x432_2500000%2Findex.m3u8&amp;mode=12&amp;iconimage=https%3A%2F%2Fi.imgur.com%2FBDtkjpS.png&amp;sf_options=meta%3Dvotes%253D0%2526label%253DFilmrise%252BCrime%2526title%253DFilmrise%252BCrime%26winID%3D10025%26_options_sf&quot;)</favourite>
	<favourite name="Filmrise Family" thumb="https://i.imgur.com/ypQRBrH.png">PlayMedia(&quot;plugin://plugin.video.live.streamspro/?url=https%3A%2F%2Fdai2.xumo.com%2Famagi_hls_data_xumo1212A-filmrisefamily%2FCDN%2F648x432_5000000%2Findex.m3u8&amp;mode=12&amp;iconimage=https%3A%2F%2Fi.imgur.com%2FypQRBrH.png&amp;sf_options=meta%3Dvotes%253D0%2526label%253DFilmrise%252BFamily%2526title%253DFilmrise%252BFamily%26winID%3D10025%26_options_sf&quot;)</favourite>
	<favourite name="Filmrise Movies" thumb="https://i.imgur.com/cQZdGc0.png">PlayMedia(&quot;plugin://plugin.video.live.streamspro/?url=https%3A%2F%2Fdai2.xumo.com%2Fxumocdn%2Fp%3Droku%2Famagi_hls_data_xumo1212A-filmrisefreemovies%2FCDN%2F676x540_2500000%2Findex.m3u8&amp;mode=12&amp;iconimage=https%3A%2F%2Fi.imgur.com%2FcQZdGc0.png&amp;sf_options=meta%3Dvotes%253D0%2526label%253DFilmrise%252BMovies%2526title%253DFilmrise%252BMovies%26winID%3D10025%26_options_sf&quot;)</favourite>
	<favourite name="Folk TV (New!)" thumb="https://i.imgur.com/hV46zMX.png">PlayMedia(&quot;plugin://plugin.video.live.streamspro/?url=http%3A%2F%2F584b0aa350b92.streamlock.net%3A1935%2Ffolk-tv%2FmyStream.sdp%2Fplaylist.m3u8%3Ffluxustv.m3u8&amp;mode=12&amp;iconimage=https%3A%2F%2Fi.imgur.com%2FhV46zMX.png&amp;sf_options=meta%3Dvotes%253D0%2526label%253DFolk%252BTV%252B%252528New%252521%252529%2526title%253DFolk%252BTV%252B%252528New%252521%252529%26winID%3D10025%26_options_sf&quot;)</favourite>
	<favourite name="Xcorps TV" thumb="https://i.imgur.com/8JAnpoj.png">PlayMedia(&quot;plugin://plugin.video.live.streamspro/?url=http%3A%2F%2Fvcnxcorps.teleosmedia.com%2Fstream%2Fxcorps%2Fxcorps%2Fseglist_720p.m3u8&amp;mode=12&amp;iconimage=https%3A%2F%2Fi.imgur.com%2F8JAnpoj.png&amp;sf_options=meta%3Dvotes%253D0%2526label%253DXcorps%252BTV%2526title%253DXcorps%252BTV%26winID%3D10025%26_options_sf&quot;)</favourite>
	<favourite name="Travel 4U" thumb="https://i.imgur.com/GFyJviy.png">PlayMedia(&quot;plugin://plugin.video.live.streamspro/?url=https%3A%2F%2Fedge1.dashmedia.tv%2Fonestudio%2Ftravel4u%2Fplaylist.m3u8%3Ffluxustv.m3u8&amp;mode=12&amp;iconimage=https%3A%2F%2Fi.imgur.com%2FGFyJviy.png&amp;sf_options=meta%3Dvotes%253D0%2526label%253DTravel%252B4U%2526title%253DTravel%252B4U%26winID%3D10025%26_options_sf&quot;)</favourite>
	<favourite name="30A Music (New!)" thumb="https://i.imgur.com/gNWg9tl.png">PlayMedia(&quot;plugin://plugin.video.live.streamspro/?url=http%3A%2F%2F30a-tv.com%2Fmusic.m3u8%3Ffluxustv.m3u8&amp;mode=12&amp;iconimage=https%3A%2F%2Fi.imgur.com%2FgNWg9tl.png&amp;sf_options=meta%3Dvotes%253D0%2526label%253D30A%252BMusic%252B%252528New%252521%252529%2526title%253D30A%252BMusic%252B%252528New%252521%252529%26winID%3D10025%26_options_sf&quot;)</favourite>
	<favourite name="Documentaries 4U" thumb="https://i.imgur.com/QNaPXLj.png">PlayMedia(&quot;plugin://plugin.video.live.streamspro/?url=https%3A%2F%2Fnimble.dashmedia.tv%2Fonestudio%2Fdocumentaries4u%2Fplaylist.m3u8%3Ffluxustv.m3u8&amp;mode=12&amp;iconimage=https%3A%2F%2Fi.imgur.com%2FQNaPXLj.png&amp;sf_options=meta%3Dvotes%253D0%2526label%253DDocumentaries%252B4U%2526title%253DDocumentaries%252B4U%26winID%3D10025%26_options_sf&quot;)</favourite>
	<favourite name="30A TV" thumb="https://i.imgur.com/4TEMhxH.png">PlayMedia(&quot;plugin://plugin.video.live.streamspro/?url=http%3A%2F%2F30a-tv.com%2Fmy999.m3u8&amp;mode=12&amp;iconimage=https%3A%2F%2Fi.imgur.com%2F4TEMhxH.png&amp;sf_options=meta%3Dvotes%253D0%2526label%253D30A%252BTV%2526title%253D30A%252BTV%26winID%3D10025%26_options_sf&quot;)</favourite>
	<favourite name="Apple Sauce Network" thumb="https://i.imgur.com/bkikN6d.png">PlayMedia(&quot;plugin://plugin.video.live.streamspro/?url=https%3A%2F%2Fnimble.dashmedia.tv%2Fonestudio%2Fapplesaucetv%2Fplaylist.m3u8%3Ffluxustv.m3u8&amp;mode=12&amp;iconimage=https%3A%2F%2Fi.imgur.com%2FbkikN6d.png&amp;sf_options=meta%3Dvotes%253D0%2526label%253DApple%252BSauce%252BNetwork%2526title%253DApple%252BSauce%252BNetwork%26winID%3D10025%26_options_sf&quot;)</favourite>
	<favourite name="American Horrors" thumb="https://i.imgur.com/ENtRDds.png">PlayMedia(&quot;plugin://plugin.video.live.streamspro/?url=http%3A%2F%2F170.178.189.66%3A1935%2Flive%2FStream1%2Fplaylist.m3u8&amp;mode=12&amp;iconimage=https%3A%2F%2Fi.imgur.com%2FENtRDds.png&amp;sf_options=meta%3Dvotes%253D0%2526label%253DAmerican%252BHorrors%2526title%253DAmerican%252BHorrors%26winID%3D10025%26_options_sf&quot;)</favourite>
	<favourite name="Atlanta Channel" thumb="https://i.imgur.com/hSYez3V.png">PlayMedia(&quot;plugin://plugin.video.live.streamspro/?url=http%3A%2F%2Fmedia4.tripsmarter.com%3A1935%2FLiveTV%2FACVBHD%2Fchucklist.m3u8&amp;mode=12&amp;iconimage=https%3A%2F%2Fi.imgur.com%2FhSYez3V.png&amp;sf_options=meta%3Dvotes%253D0%2526label%253DAtlanta%252BChannel%2526title%253DAtlanta%252BChannel%26winID%3D10025%26_options_sf&quot;)</favourite>
	<favourite name="Beach TV - 30A" thumb="https://i.imgur.com/tHopHL9.png">PlayMedia(&quot;plugin://plugin.video.live.streamspro/?url=http%3A%2F%2Fmedia4.tripsmarter.com%3A1935%2FLiveTV%2FDTVHD%2Fplaylist.m3u8&amp;mode=12&amp;iconimage=https%3A%2F%2Fi.imgur.com%2FtHopHL9.png&amp;sf_options=meta%3Dvotes%253D0%2526label%253DBeach%252BTV%252B-%252B30A%2526title%253DBeach%252BTV%252B-%252B30A%26winID%3D10025%26_options_sf&quot;)</favourite>
	<favourite name="Bloomberg Television" thumb="https://i.imgur.com/idRFfhY.png">PlayMedia(&quot;plugin://plugin.video.live.streamspro/?url=https%3A%2F%2Fliveproduseast.global.ssl.fastly.net%2Fbtv%2Fdesktop%2Fus_live.m3u8&amp;mode=12&amp;iconimage=https%3A%2F%2Fi.imgur.com%2FidRFfhY.png&amp;sf_options=meta%3Dvotes%253D0%2526label%253DBloomberg%252BTelevision%2526title%253DBloomberg%252BTelevision%26winID%3D10025%26_options_sf&quot;)</favourite>
	<favourite name="Buzzr" thumb="https://upload.wikimedia.org/wikipedia/en/b/be/Buzzr_%28TV_Network%29_Logo.png">PlayMedia(&quot;plugin://plugin.video.live.streamspro/?url=https%3A%2F%2Fbuzzr.global.ssl.fastly.net%2Fout%2Fu%2Fbuzzr_hls_4.m3u8%3Ffluxustv.m3u8&amp;mode=12&amp;iconimage=https%3A%2F%2Fupload.wikimedia.org%2Fwikipedia%2Fen%2Fb%2Fbe%2FBuzzr_%2528TV_Network%2529_Logo.png&amp;sf_options=meta%3Dvotes%253D0%2526label%253DBuzzr%2526title%253DBuzzr%26winID%3D10025%26_options_sf&quot;)</favourite>
	<favourite name="C-SPAN" thumb="https://i.imgur.com/Wd4xnGt.png">PlayMedia(&quot;plugin://plugin.video.live.streamspro/?url=https%3A%2F%2Fskystreams-lh.akamaihd.net%2Fi%2FSkyC1_1%40500806%2Fmaster.m3u8%3Ffluxustv.m3u8&amp;mode=12&amp;iconimage=https%3A%2F%2Fi.imgur.com%2FWd4xnGt.png&amp;sf_options=meta%3Dvotes%253D0%2526label%253DC-SPAN%2526title%253DC-SPAN%26winID%3D10025%26_options_sf&quot;)</favourite>
	<favourite name="C-SPAN 2" thumb="https://i.imgur.com/ltcivXp.png">PlayMedia(&quot;plugin://plugin.video.live.streamspro/?url=https%3A%2F%2Fskystreams-lh.akamaihd.net%2Fi%2FSkyC2_1%40500807%2Fmaster.m3u8%3Ffluxustv.m3u8&amp;mode=12&amp;iconimage=https%3A%2F%2Fi.imgur.com%2FltcivXp.png&amp;sf_options=meta%3Dvotes%253D0%2526label%253DC-SPAN%252B2%2526title%253DC-SPAN%252B2%26winID%3D10025%26_options_sf&quot;)</favourite>
	<favourite name="C-SPAN 3" thumb="https://i.imgur.com/cyU21ML.png">PlayMedia(&quot;plugin://plugin.video.live.streamspro/?url=https%3A%2F%2Fskystreams-lh.akamaihd.net%2Fi%2FSkyC3_1%40500808%2Fmaster.m3u8%3Ffluxustv.m3u8&amp;mode=12&amp;iconimage=https%3A%2F%2Fi.imgur.com%2FcyU21ML.png&amp;sf_options=meta%3Dvotes%253D0%2526label%253DC-SPAN%252B3%2526title%253DC-SPAN%252B3%26winID%3D10025%26_options_sf&quot;)</favourite>
	<favourite name="CBS (WFOR) (EST)" thumb="https://i.imgur.com/pMhTxmf.png">PlayMedia(&quot;plugin://plugin.video.live.streamspro/?url=http%3A%2F%2F161.0.157.50%2FPLTV%2F88888888%2F224%2F3221227041%2F03.m3u8&amp;mode=12&amp;iconimage=https%3A%2F%2Fi.imgur.com%2FpMhTxmf.png&amp;sf_options=meta%3Dvotes%253D0%2526label%253DCBS%252B%252528WFOR%252529%252B%252528EST%252529%2526title%253DCBS%252B%252528WFOR%252529%252B%252528EST%252529%26winID%3D10025%26_options_sf&quot;)</favourite>
	<favourite name="CBS News (SD)" thumb="https://www.depauw.edu/files/resources/large_cbs-news.png">PlayMedia(&quot;plugin://plugin.video.live.streamspro/?url=http%3A%2F%2Fcbsnewshd-lh.akamaihd.net%2Fi%2FCBSNHD_7%40199302%2Fmaster.m3u8&amp;mode=12&amp;iconimage=https%3A%2F%2Fwww.depauw.edu%2Ffiles%2Fresources%2Flarge_cbs-news.png&amp;sf_options=meta%3Dvotes%253D0%2526label%253DCBS%252BNews%252B%252528SD%252529%2526title%253DCBS%252BNews%252B%252528SD%252529%26winID%3D10025%26_options_sf&quot;)</favourite>
	<favourite name="CBS News (HD)" thumb="https://www.depauw.edu/files/resources/large_cbs-news.png">PlayMedia(&quot;plugin://plugin.video.live.streamspro/?url=https%3A%2F%2Fwww.cbsnews.com%2Fcommon%2Fvideo%2Fdai_prod.m3u8&amp;mode=12&amp;iconimage=https%3A%2F%2Fwww.depauw.edu%2Ffiles%2Fresources%2Flarge_cbs-news.png&amp;sf_options=meta%3Dvotes%253D0%2526label%253DCBS%252BNews%252B%252528HD%252529%2526title%253DCBS%252BNews%252B%252528HD%252529%26winID%3D10025%26_options_sf&quot;)</favourite>
	<favourite name="CGTN America" thumb="https://upload.wikimedia.org/wikipedia/commons/thumb/d/d2/CGTN-America_Logo.png/1200px-CGTN-America_Logo.png">PlayMedia(&quot;plugin://plugin.video.live.streamspro/?url=http%3A%2F%2Fapi.new.livestream.com%2Faccounts%2F7082210%2Fevents%2F7115682%2Flive.m3u8&amp;mode=12&amp;iconimage=https%3A%2F%2Fupload.wikimedia.org%2Fwikipedia%2Fcommons%2Fthumb%2Fd%2Fd2%2FCGTN-America_Logo.png%2F1200px-CGTN-America_Logo.png&amp;sf_options=meta%3Dvotes%253D0%2526label%253DCGTN%252BAmerica%2526title%253DCGTN%252BAmerica%26winID%3D10025%26_options_sf&quot;)</favourite>
	<favourite name="Channel 7" thumb="https://i.kym-cdn.com/entries/icons/original/000/016/618/7chan___channel7_logo_by_zodia_kun-d4zfcv3.png">PlayMedia(&quot;plugin://plugin.video.live.streamspro/?url=http%3A%2F%2Fradio.7chan.org%3A8000%2FCH7&amp;mode=12&amp;iconimage=https%3A%2F%2Fi.kym-cdn.com%2Fentries%2Ficons%2Foriginal%2F000%2F016%2F618%2F7chan___channel7_logo_by_zodia_kun-d4zfcv3.png&amp;sf_options=meta%3Dvotes%253D0%2526label%253DChannel%252B7%2526title%253DChannel%252B7%26winID%3D10025%26_options_sf&quot;)</favourite>
	<favourite name="Classic Arts Showcase" thumb="http://www.classicartsshowcase.org/cas/wp-content/themes/cas/images/logo.png">PlayMedia(&quot;plugin://plugin.video.live.streamspro/?url=https%3A%2F%2Fclassicarts.global.ssl.fastly.net%2Flive%2Fcas%2Fmaster_3000k.m3u8&amp;mode=12&amp;iconimage=http%3A%2F%2Fwww.classicartsshowcase.org%2Fcas%2Fwp-content%2Fthemes%2Fcas%2Fimages%2Flogo.png&amp;sf_options=meta%3Dvotes%253D0%2526label%253DClassic%252BArts%252BShowcase%2526title%253DClassic%252BArts%252BShowcase%26winID%3D10025%26_options_sf&quot;)</favourite>
	<favourite name="Classic TV 4U" thumb="https://i.imgur.com/Qq70J9t.png">PlayMedia(&quot;plugin://plugin.video.live.streamspro/?url=https%3A%2F%2Fnimble.dashmedia.tv%2Fonestudio%2Fclassictv%2Fplaylist.m3u8&amp;mode=12&amp;iconimage=https%3A%2F%2Fi.imgur.com%2FQq70J9t.png&amp;sf_options=meta%3Dvotes%253D0%2526label%253DClassic%252BTV%252B4U%2526title%253DClassic%252BTV%252B4U%26winID%3D10025%26_options_sf&quot;)</favourite>
	<favourite name="Free Speech TV" thumb="https://upload.wikimedia.org/wikipedia/commons/4/44/Logo_of_Free_Speech_TV.png">PlayMedia(&quot;plugin://plugin.video.live.streamspro/?url=https%3A%2F%2Fedge.free-speech-tv-live.top.comcast.net%2Fout%2Fu%2Ffstv.m3u8&amp;mode=12&amp;iconimage=https%3A%2F%2Fupload.wikimedia.org%2Fwikipedia%2Fcommons%2F4%2F44%2FLogo_of_Free_Speech_TV.png&amp;sf_options=meta%3Dvotes%253D0%2526label%253DFree%252BSpeech%252BTV%2526title%253DFree%252BSpeech%252BTV%26winID%3D10025%26_options_sf&quot;)</favourite>
	<favourite name="HSN" thumb="https://upload.wikimedia.org/wikipedia/commons/b/b1/HSN.png">PlayMedia(&quot;plugin://plugin.video.live.streamspro/?url=https%3A%2F%2Fhtml5-lh.akamaihd.net%2Fi%2Fhtml5_01%40182967%2Fmaster.m3u8&amp;mode=12&amp;iconimage=https%3A%2F%2Fupload.wikimedia.org%2Fwikipedia%2Fcommons%2Fb%2Fb1%2FHSN.png&amp;sf_options=meta%3Dvotes%253D0%2526label%253DHSN%2526title%253DHSN%26winID%3D10025%26_options_sf&quot;)</favourite>
	<favourite name="Jewelry Television" thumb="https://i.imgur.com/1HJraea.png">PlayMedia(&quot;plugin://plugin.video.live.streamspro/?url=http%3A%2F%2Fwowzaprod134-i.akamaihd.net%2Fhls%2Flive%2F577814%2Fccddaf02%2Fplaylist.m3u8&amp;mode=12&amp;iconimage=https%3A%2F%2Fi.imgur.com%2F1HJraea.png&amp;sf_options=meta%3Dvotes%253D0%2526label%253DJewelry%252BTelevision%2526title%253DJewelry%252BTelevision%26winID%3D10025%26_options_sf&quot;)</favourite>
	<favourite name="CONtv" thumb="https://p14.zdassets.com/hc/settings_assets/667658/200059238/nUGjGiWPOdPJxcFva0eEpw-Contv-logoBig.png">PlayMedia(&quot;plugin://plugin.video.live.streamspro/?url=https%3A%2F%2Fcinedigm.vo.llnwd.net%2Fconssui%2Famagi_hls_data_xumo123-contv%2FCDN%2Fmaster.m3u8&amp;mode=12&amp;iconimage=https%3A%2F%2Fp14.zdassets.com%2Fhc%2Fsettings_assets%2F667658%2F200059238%2FnUGjGiWPOdPJxcFva0eEpw-Contv-logoBig.png&amp;sf_options=meta%3Dvotes%253D0%2526label%253DCONtv%2526title%253DCONtv%26winID%3D10025%26_options_sf&quot;)</favourite>
</favourites>