<favourites>
	<favourite name="[B][COLOR white]TheOath[/COLOR][/B] αναζήτηση..." thumb="special://home/addons\plugin.video.theoath\icon.png">ActivateWindow(10025,&quot;plugin://plugin.video.theoath/?action=searchNavigator&amp;sf_options=fanart%3Dspecial%3A%2F%2Fhome%2Faddons%5Cscript.theoath.artwork%5Cresources%5Cmedia%5Cexuary%5Cfanart.jpg%26meta%3Dlabel%253D%2525CE%252591%2525CE%2525BD%2525CE%2525B1%2525CE%2525B6%2525CE%2525AE%2525CF%252584%2525CE%2525B7%2525CF%252583%2525CE%2525B7%26_options_sf&quot;,return)</favourite>
	<favourite name="[B][COLOR white]FMovies[/COLOR][/B] αναζήτηση..." thumb="special://home/addons\plugin.video.fmoviesto\icon.png">ActivateWindow(10025,&quot;plugin://plugin.video.fmoviesto/?image=DefaultAddonsSearch.png&amp;mode=search&amp;movie=True&amp;moviescount=0&amp;page=1&amp;title=%5bCOLOR%20lightblue%5d%ce%91%ce%bd%ce%b1%ce%b6%ce%ae%cf%84%ce%b7%cf%83%ce%b7%5b%2fCOLOR%5d&amp;url&amp;sf_options=fanart%3Dspecial%3A%2F%2Fhome%2Faddons%5Cplugin.video.fmoviesto%5C%2Fresources%2Ffanart.jpg%26desc%3D%5BCOLOR+lightblue%5D%CE%91%CE%BD%CE%B1%CE%B6%CE%AE%CF%84%CE%B7%CF%83%CE%B7%5B%2FCOLOR%5D%26meta%3Dvotes%253D0%2526plot%253D%25255BCOLOR%252Blightblue%25255D%2525CE%252591%2525CE%2525BD%2525CE%2525B1%2525CE%2525B6%2525CE%2525AE%2525CF%252584%2525CE%2525B7%2525CF%252583%2525CE%2525B7%25255B%25252FCOLOR%25255D%2526title%253D%25255BCOLOR%252Blightblue%25255D%2525CE%252591%2525CE%2525BD%2525CE%2525B1%2525CE%2525B6%2525CE%2525AE%2525CF%252584%2525CE%2525B7%2525CF%252583%2525CE%2525B7%25255B%25252FCOLOR%25255D%2526label%253D%25255BCOLOR%252Blightblue%25255D%2525CE%252591%2525CE%2525BD%2525CE%2525B1%2525CE%2525B6%2525CE%2525AE%2525CF%252584%2525CE%2525B7%2525CF%252583%2525CE%2525B7%25255B%25252FCOLOR%25255D%26_options_sf&quot;,return)</favourite>
	<favourite name="[B][COLOR white]Seren[/COLOR][/B] αναζήτηση..." thumb="https://ps-attachments.s3.amazonaws.com/8eab1379-df35-4517-98ea-3e2f164ae974/gHtm4eHtYxHApC4Z-JRMlA.png">ActivateWindow(10025,&quot;plugin://plugin.video.seren/?action=searchMenu&amp;from_widget=false&amp;sf_options=fanart%3Dspecial%3A%2F%2Fhome%2Faddons%5Cplugin.video.seren%5Cfanart-seren-2.jpg%26desc%3D%CE%91%CE%BD%CE%B1%CE%B6%CE%B7%CF%84%CE%AE%CF%83%CF%84%CE%B5+%CF%84%CE%B1%CE%B9%CE%BD%CE%AF%CE%B5%CF%82+%CE%AE+%CF%83%CE%B5%CE%B9%CF%81%CE%AD%CF%82%26meta%3Dvotes%253D0%2526plot%253D%2525CE%252591%2525CE%2525BD%2525CE%2525B1%2525CE%2525B6%2525CE%2525B7%2525CF%252584%2525CE%2525AE%2525CF%252583%2525CF%252584%2525CE%2525B5%252B%2525CF%252584%2525CE%2525B1%2525CE%2525B9%2525CE%2525BD%2525CE%2525AF%2525CE%2525B5%2525CF%252582%252B%2525CE%2525AE%252B%2525CF%252583%2525CE%2525B5%2525CE%2525B9%2525CF%252581%2525CE%2525AD%2525CF%252582%2526label%253D%2525CE%252591%2525CE%2525BD%2525CE%2525B1%2525CE%2525B6%2525CE%2525AE%2525CF%252584%2525CE%2525B7%2525CF%252583%2525CE%2525B7...%26_options_sf&quot;,return)</favourite>
	<favourite name="[B][COLOR white]Shadow[/COLOR][/B] αναζήτηση..." thumb="https://image.freepik.com/free-vector/shadow-ninja_9778-190.jpg">ActivateWindow(10025,&quot;plugin://plugin.video.shadow/?all_w=%7b%7d&amp;data=%20&amp;dates=%20&amp;description=Tmdb&amp;eng_name=%20&amp;episode=%20&amp;fanart=http%3a%2f%2fwww.videomotion.co.il%2fwp-content%2fuploads%2fwhatwedo-Pic-small.jpg&amp;fav_status=false&amp;heb_name=%20&amp;iconimage=C%3a%5cUsers%5chplap%5cAppData%5cRoaming%5cKodi%5caddons%5cplugin.video.shadow%5cresources%5cartwork%2fsearch_m.png&amp;id=%20&amp;image_master&amp;isr=0&amp;last_id&amp;mode=14&amp;name=Search%20movie&amp;original_title=%20&amp;season=%20&amp;show_original_year=%20&amp;tmdbid=%20&amp;url=http%3a%2f%2fapi.themoviedb.org%2f3%2fsearch%2fmovie%3fapi_key%3d34142515d9d23817496eeb4ff1d223d0%26query%3d%25s%26language%3del%26append_to_response%3dorigin_country%26page%3d1&amp;video_data=%7b%22rating%22%3a%20%220%22%2c%20%22episode%22%3a%200%2c%20%22title%22%3a%20%22Search%20movie%22%2c%20%22season%22%3a%200%2c%20%22TVshowtitle%22%3a%20%22%22%2c%20%22mediatype%22%3a%20%22movie%22%2c%20%22plot%22%3a%20%22Tmdb%22%2c%20%22OriginalTitle%22%3a%20%22%20%22%2c%20%22Tag%22%3a%20%222%22%7d&amp;sf_options=fanart%3Dhttp%3A%2F%2Fwww.videomotion.co.il%2Fwp-content%2Fuploads%2Fwhatwedo-Pic-small.jpg%26meta%3Dlabel%253DSearch%252Bmovie%26_options_sf&quot;,return)</favourite>
	<favourite name="[B][COLOR white]Fen[/COLOR][/B] αναζήτηση..." thumb="special://home/addons/plugin.image.TechNEWSology/resources/media/fen.png">ActivateWindow(10025,&quot;plugin://plugin.video.fen/?foldername=Search&amp;iconImage=search.png&amp;mode=navigator.search&amp;name=32450&amp;sf_options=fanart%3Dspecial%3A%2F%2Fhome%2Faddons%5Cplugin.video.fen%5Cfanart.png%26meta%3Dlabel%253DSearch%26_options_sf&quot;,return)</favourite>
	<favourite name="[B][COLOR white]ErtFlix[/COLOR][/B] αναζήτηση..." thumb="special://home/addons\plugin.video.ert.gr\resources\media\search.jpg">PlayMedia(&quot;plugin://plugin.video.ert.gr/?action=search&amp;title=%CE%91%CE%BD%CE%B1%CE%B6%CE%AE%CF%84%CE%B7%CF%83%CE%B7&amp;sf_options=fanart%3Dspecial%3A%2F%2Fhome%2Faddons%5Cplugin.video.ert.gr%5Cfanart.jpg%26meta%3Dvotes%253D0%2526label%253D%2525CE%252591%2525CE%2525BD%2525CE%2525B1%2525CE%2525B6%2525CE%2525AE%2525CF%252584%2525CE%2525B7%2525CF%252583%2525CE%2525B7%2526title%253D%2525CE%252591%2525CE%2525BD%2525CE%2525B1%2525CE%2525B6%2525CE%2525AE%2525CF%252584%2525CE%2525B7%2525CF%252583%2525CE%2525B7%26winID%3D10025%26_options_sf&quot;)</favourite>
	<favourite name="[B][COLOR white]AliveGR[/COLOR][/B] αναζήτηση..." thumb="special://home/addons\plugin.video.aliveGR\resources\media\icon.png">ActivateWindow(10025,&quot;plugin://plugin.video.AliveGR/?action=search&amp;title=%ce%91%ce%bd%ce%b1%ce%b6%ce%ae%cf%84%ce%b7%cf%83%ce%b7&amp;sf_options=fanart%3Dspecial%3A%2F%2Fhome%2Faddons%5Cplugin.video.AliveGR%5Cresources%5Cmedia%5Cfanart.jpg%26meta%3Dvotes%253D0%2526label%253D%2525CE%252591%2525CE%2525BD%2525CE%2525B1%2525CE%2525B6%2525CE%2525AE%2525CF%252584%2525CE%2525B7%2525CF%252583%2525CE%2525B7%2526title%253D%2525CE%252591%2525CE%2525BD%2525CE%2525B1%2525CE%2525B6%2525CE%2525AE%2525CF%252584%2525CE%2525B7%2525CF%252583%2525CE%2525B7%26_options_sf&quot;,return)</favourite>
</favourites>