{
  "apikey1": {
    "url": "https://gknwizard.eu/repo/Builds/TechNEWsology/autoupdateLeia/apikey1.zip", 
    "folder": "special://home/userdata/addon_data/plugin.video.youtube/", 
    "pass": null, 
    "user": null, 
    "md5": "bcf3163da44971b5079efd9fbb041494"
  }, 
  "apikey2": {
    "url": "https://gknwizard.eu/repo/Builds/TechNEWsology/autoupdateLeia/apikey2.zip", 
    "folder": "special://home/userdata/addon_data/plugin.video.youtube/", 
    "pass": null, 
    "user": null, 
    "md5": "4cd78d0c5e4df6970fc05cc5fa2f06ad"
  }, 
  "apikey3": {
    "url": "https://gknwizard.eu/repo/Builds/TechNEWsology/autoupdateLeia/apikey3.zip", 
    "folder": "special://home/userdata/addon_data/plugin.video.youtube/", 
    "pass": null, 
    "user": null, 
    "md5": "c3c179ad7ec11049c693d726bb0244ba"
  }
}