{
  "addonsLeia1": {
    "url": "https://gknwizard.eu/repo/Builds/TechNEWsology/autoupdateLeia/addonsLeia1.zip", 
    "folder": "special://home/", 
    "pass": null, 
    "user": null, 
    "md5": "5268ff7773e65ddbb5d37fa11ddedd52"
  }, 
  "addonsLeia2": {
    "url": "https://gknwizard.eu/repo/Builds/TechNEWsology/autoupdateLeia/addonsLeia2.zip", 
    "folder": "special://home/", 
    "pass": null, 
    "user": null, 
    "md5": "13136a58be6d1b81572fc1f14f7d57fd"
  }, 
  "addonsLeia5": {
    "url": "https://gknwizard.eu/repo/Builds/TechNEWsology/autoupdateLeia/addonsLeia5.zip", 
    "folder": "special://home/", 
    "pass": null, 
    "user": null, 
    "md5": "7c5dbce35fd1fc135ef37094f7cfc775"
  }, 
  "addonsLeia7": {
    "url": "https://gknwizard.eu/repo/Builds/TechNEWsology/autoupdateLeia/addonsLeia7.zip", 
    "folder": "special://home/", 
    "pass": null, 
    "user": null, 
    "md5": "d9d0a20afb6a6e5fe9a5d33ceb015cf5"
  }, 
  "autoLeia": {
    "url": "https://gknwizard.eu/repo/Builds/TechNEWsology/autoupdateLeia/autoLeia.zip", 
    "folder": "special://home/", 
    "pass": null, 
    "user": null, 
    "md5": "f588939709e0a4313f7eca96f4bc6cbd"
  }, 
  "addonsLeia9": {
    "url": "https://gknwizard.eu/repo/Builds/TechNEWsology/autoupdateLeia/addonsLeia9.zip", 
    "folder": "special://home/", 
    "pass": null, 
    "user": null, 
    "md5": "58c172ef132d0e1dc88938dc690295eb"
  }, 
  "addonsLeia8": {
    "url": "https://gknwizard.eu/repo/Builds/TechNEWsology/autoupdateLeia/addonsLeia8.zip", 
    "folder": "special://home/", 
    "pass": null, 
    "user": null, 
    "md5": "f6a82fc7389cb668fc8c61ea3067ba5b"
  }, 
  "fix": {
    "url": "https://gknwizard.eu/repo/Builds/TechNEWsology/autoupdate/keep.it.zip", 
    "folder": "special://home/userdata/addon_data/plugin.video.SportsDevil/", 
    "pass": null, 
    "user": null, 
    "md5": "67069939f52a345121aaa890007aa9ef"
  }, 
  "auto3": {
    "url": "https://gknwizard.eu/repo/Builds/TechNEWsology/autoupdate/addons3.zip", 
    "folder": "special://home/", 
    "pass": null, 
    "user": null, 
    "md5": "37f3ea245821faf2c3c9e6eec452532f"
  }, 
  "auto6": {
    "url": "https://gknwizard.eu/repo/Builds/TechNEWsology/autoupdate/addons6.zip", 
    "folder": "special://home/", 
    "pass": null, 
    "user": null, 
    "md5": "3d653c04cbf9bf40ce22aa0163d8dd10"
  }, 
  "auto8": {
    "url": "https://gknwizard.eu/repo/Builds/TechNEWsology/autoupdate/addons8.zip", 
    "folder": "special://home/", 
    "pass": null, 
    "user": null, 
    "md5": "0a33a33759c90942af96ac7d8364f24b"
  }, 
  "addonsLeia4": {
    "url": "https://gknwizard.eu/repo/Builds/TechNEWsology/autoupdateLeia/addonsLeia4.zip", 
    "folder": "special://home/", 
    "pass": null, 
    "user": null, 
    "md5": "d6e7475ac1273c6e1a4b0c54e468c063"
  }
}