{
  "skinshortcuts": {
    "url": "https://gknwizard.eu/repo/Builds/TechNEWsology/autoupdateLeia/skinshortcuts.zip", 
    "folder": "special://home/userdata/addon_data/script.skinshortcuts/", 
    "pass": null, 
    "user": null, 
    "md5": "bd753de79e20f4597eb46c4271ac7df2"
  }, 
  "Includes_Widgets": {
    "url": "https://gknwizard.eu/repo/Builds/TechNEWsology/autoupdateLeia/Includes_Widgets.zip", 
    "folder": "special://home/addons/skin.TechNEWSology/16x9/", 
    "pass": null, 
    "user": null, 
    "md5": "adeef5d76f8f577c8b9fc96de11ceb08"
  }
}