<favourites>
	<favourite name="[B][COLOR orange]Λίστες Τηλ.Σειρών[/COLOR][/B]" thumb="https://gknwizard.eu/repo/Builds/TechNEWsology/xml/icons/play.png">ActivateWindow(10025,&quot;plugin://plugin.video.placenta/?action=directory&amp;content=addons&amp;url=https%3a%2f%2fgknwizard.eu%2frepo%2fBuilds%2fTechNEWsology%2fxml%2f1%2fSeries%2f1%2fListSeries.xml&amp;sf_options=fanart%3Dspecial%3A%2F%2Fhome%2Faddons%5Cplugin.video.placenta%5Cfanart.jpg%26meta%3Dvotes%253D0%2526label%253D%25255BCOLOR%252Bwhite%25255D%2525CE%25259B%2525CE%2525AF%2525CF%252583%2525CF%252584%2525CE%2525B5%2525CF%252582%252B%2525CE%2525A4%2525CE%2525B7%2525CE%2525BB.%2525CE%2525A3%2525CE%2525B5%2525CE%2525B9%2525CF%252581%2525CF%25258E%2525CE%2525BD%25255B%25252FCOLOR%25255D%26_options_sf&quot;,return)</favourite>
	<favourite name="[COLOR orange]Tip: [COLORwhite]Επιλέγουμε βίντεο κάτω από 1G !![/COLOR]" thumb="none">none</favourite>
	<favourite name="[COLOR white]Οι Υπότιτλοι μπαίνουν χειροκίνητα[/COLOR]" thumb="none">none</favourite>
	<favourite name="[COLOR white]πατώντας πάνω δεξιά το κουμπί [/COLOR]" thumb="none">none</favourite>
	<favourite name="[B][COLOR orange]Subs - Λήψη [/COLOR][/B] [COLOR white]μετά την έναρξη της Ταινίας.[/COLOR]" thumb="none">none</favourite>
	<favourite name=" [B][COLORwhite]•••[/COLOR][/B]  [B][COLOR orange]Δωρεά και Υποστήριξη Build[/COLOR][/B]  [B][COLORwhite]•••[/COLOR][/B]" thumb="special://home/addons\plugin.image.TechNEWSology/resources/media/pay.png">RunAddOn(script.TechNEWSology)</favourite>
</favourites>