<favourites>
	<favourite name="[B][COLORwhite]AliveGR Σειρές[/COLOR][/B]" thumb="special://home/addons\resource.images.alivegr.artwork\resources\alivegr\series+alivegr.png">ActivateWindow(10025,&quot;plugin://plugin.video.AliveGR/?action=series&amp;title=%ce%a3%ce%b5%ce%b9%cf%81%ce%ad%cf%82&amp;sf_options=fanart%3Dspecial%3A%2F%2Fhome%2Faddons%5Cplugin.video.AliveGR%5Cfanart.jpg%26meta%3Dvotes%253D0%2526label%253D%2525CE%2525A3%2525CE%2525B5%2525CE%2525B9%2525CF%252581%2525CE%2525AD%2525CF%252582%2526title%253D%2525CE%2525A3%2525CE%2525B5%2525CE%2525B9%2525CF%252581%2525CE%2525AD%2525CF%252582%26_options_sf&quot;,return)</favourite>
	<favourite name="[B][COLORwhite]Atlas Νέες Σειρές[/COLOR][/B]" thumb="https://i2.wp.com/www.greektvseries.com/wp-content/uploads/2017/03/ou.jpg?resize=1024%2C1024">ActivateWindow(10025,&quot;plugin://plugin.video.atlas/?description&amp;iconimage=https%3a%2f%2fi2.wp.com%2fwww.greektvseries.com%2fwp-content%2fuploads%2f2017%2f03%2fou.jpg%3fresize%3d1024%252C1024&amp;mode=42&amp;name=%5bB%5d%5bCOLOR%20white%5d%ce%9d%ce%ad%ce%b5%cf%82%20%ce%a3%ce%b5%ce%b9%cf%81%ce%ad%cf%82%5b%2fCOLOR%5d%5b%2fB%5d&amp;url=http%3a%2f%2fwww.greektvseries.com%2f&amp;sf_options=fanart%3Dspecial%3A%2F%2Fhome%2Faddons%5Cplugin.video.atlas%5Cresources%5Cart%5Carrt.jpg%26meta%3Dvotes%253D0%2526label%253D%25255BB%25255D%25255BCOLOR%252Bwhite%25255D%2525CE%25259D%2525CE%2525AD%2525CE%2525B5%2525CF%252582%252B%2525CE%2525A3%2525CE%2525B5%2525CE%2525B9%2525CF%252581%2525CE%2525AD%2525CF%252582%25255B%25252FCOLOR%25255D%25255B%25252FB%25255D%2526title%253D%25255BB%25255D%25255BCOLOR%252Bwhite%25255D%2525CE%25259D%2525CE%2525AD%2525CE%2525B5%2525CF%252582%252B%2525CE%2525A3%2525CE%2525B5%2525CE%2525B9%2525CF%252581%2525CE%2525AD%2525CF%252582%25255B%25252FCOLOR%25255D%25255B%25252FB%25255D%26_options_sf&quot;,return)</favourite>
	<favourite name="[B][COLORwhite]Atlas Σειρές Αλφαβητικά[/COLOR][/B]" thumb="https://i2.wp.com/www.greektvseries.com/wp-content/uploads/2017/03/ou.jpg?resize=1024%2C1024">ActivateWindow(10025,&quot;plugin://plugin.video.atlas/?description&amp;iconimage=https%3a%2f%2fi2.wp.com%2fwww.greektvseries.com%2fwp-content%2fuploads%2f2017%2f03%2fou.jpg%3fresize%3d1024%252C1024&amp;mode=35&amp;name=%5bB%5d%5bCOLOR%20white%5d%ce%a3%ce%b5%ce%b9%cf%81%ce%ad%cf%82%20%ce%91%ce%bb%cf%86%ce%b1%ce%b2%ce%b7%cf%84%ce%b9%ce%ba%ce%ac%5b%2fCOLOR%5d%5b%2fB%5d&amp;url=http%3a%2f%2fwww.greektvseries.com%2f&amp;sf_options=fanart%3Dspecial%3A%2F%2Fhome%2Faddons%5Cplugin.video.atlas%5Cresources%5Cart%5Carrt.jpg%26meta%3Dvotes%253D0%2526label%253D%25255BB%25255D%25255BCOLOR%252Bwhite%25255D%2525CE%2525A3%2525CE%2525B5%2525CE%2525B9%2525CF%252581%2525CE%2525AD%2525CF%252582%252B%2525CE%252591%2525CE%2525BB%2525CF%252586%2525CE%2525B1%2525CE%2525B2%2525CE%2525B7%2525CF%252584%2525CE%2525B9%2525CE%2525BA%2525CE%2525AC%25255B%25252FCOLOR%25255D%25255B%25252FB%25255D%2526title%253D%25255BB%25255D%25255BCOLOR%252Bwhite%25255D%2525CE%2525A3%2525CE%2525B5%2525CE%2525B9%2525CF%252581%2525CE%2525AD%2525CF%252582%252B%2525CE%252591%2525CE%2525BB%2525CF%252586%2525CE%2525B1%2525CE%2525B2%2525CE%2525B7%2525CF%252584%2525CE%2525B9%2525CE%2525BA%2525CE%2525AC%25255B%25252FCOLOR%25255D%25255B%25252FB%25255D%26_options_sf&quot;,return)</favourite>
	<favourite name="[B][COLOR white]Διάφορα[/COLOR][/B]" thumb="http://i.imgur.com/vFEDZB2.png">ActivateWindow(10025,&quot;plugin://plugin.video.atlas/?description=%ce%94%ce%b9%ce%ac%cf%86%ce%bf%cf%81%ce%b1%20%ce%b2%ce%af%ce%bd%cf%84%ce%b5%ce%bf%20%ce%b1%cf%80%cf%8c%20youtube.%0aVarious%20videos%20from%20YouTube&amp;iconimage=http%3a%2f%2fi.imgur.com%2fvFEDZB2.png&amp;mode=79&amp;name=%5bB%5d%5bCOLOR%20white%5d%ce%94%ce%b9%ce%ac%cf%86%ce%bf%cf%81%ce%b1%5b%2fCOLOR%5d%5b%2fB%5d&amp;url&amp;sf_options=fanart%3Dspecial%3A%2F%2Fhome%2Faddons%5Cplugin.video.atlas%5Cresources%5Cart%5Carrt.jpg%26meta%3Dplot%253D%2525CE%252594%2525CE%2525B9%2525CE%2525AC%2525CF%252586%2525CE%2525BF%2525CF%252581%2525CE%2525B1%252B%2525CE%2525B2%2525CE%2525AF%2525CE%2525BD%2525CF%252584%2525CE%2525B5%2525CE%2525BF%252B%2525CE%2525B1%2525CF%252580%2525CF%25258C%252Byoutube.%25255CnVarious%252Bvideos%252Bfrom%252BYouTube%2526votes%253D0%2526label%253D%25255BB%25255D%25255BCOLOR%252Bwhite%25255D%2525CE%252594%2525CE%2525B9%2525CE%2525AC%2525CF%252586%2525CE%2525BF%2525CF%252581%2525CE%2525B1%25255B%25252FCOLOR%25255D%25255B%25252FB%25255D%2526title%253D%25255BB%25255D%25255BCOLOR%252Bwhite%25255D%2525CE%252594%2525CE%2525B9%2525CE%2525AC%2525CF%252586%2525CE%2525BF%2525CF%252581%2525CE%2525B1%25255B%25252FCOLOR%25255D%25255B%25252FB%25255D%26desc%3D%CE%94%CE%B9%CE%AC%CF%86%CE%BF%CF%81%CE%B1+%CE%B2%CE%AF%CE%BD%CF%84%CE%B5%CE%BF+%CE%B1%CF%80%CF%8C+youtube.%0AVarious+videos+from+YouTube%26_options_sf&quot;,return)</favourite>
</favourites>