<favourites>
    <favourite name="[B][COLORwhite]Series Addons[/B][/COLOR]" thumb="special://home/addons\plugin.image.TechNEWSology/resources/media\tvseries.jpg" fanart="none">ActivateWindow(videos,&quot;plugin://plugin.program.super.favourites/?label=Series+Addons&amp;mode=400&amp;path=special%3A%2F%2Fhome%2Faddons%2Fplugin.program.super.favourites%2Ffolders%5CSuper+Favourites%5CSeries+Addons&amp;image=special%3A%2F%2Fhome%2Faddons%5Cscript.extendedinfo%5Cicon.png&amp;fanart=special%3A%2F%2Fhome%2Faddons%2Fscript.extendedinfo%2Fresources%2Fskins%2FDefault%2Fmedia%2Ftm-fanart.jpg&amp;content_type=&quot;,return)</favourite>
	<favourite name="[B][COLORwhite]The MovieDB[/B][/COLOR]" thumb="special://home/addons\script.extendedinfo\resources\skins\Default\media\moviedb.png" fanart="none">ActivateWindow(videos,&quot;plugin://script.extendedinfo?info=alltvshows&quot;,return)</favourite>
    <favourite name="[B][COLORwhite]Ελληνικές Σειρές[/B][/COLOR]" thumb="special://home/addons\plugin.image.TechNEWSology/resources/media\GRseries.jpg" fanart="none">ActivateWindow(videos,&quot;plugin://plugin.program.super.favourites/?label=Greek+series&amp;mode=400&amp;path=special%3A%2F%2Fhome%2Faddons%2Fplugin.program.super.favourites%2Ffolders%5CSuper+Favourites%5CGreek+series&amp;image=special%3A%2F%2Fhome%2Faddons%5Cresource.images.alivegr.artwork%5Cresources%5Calivegr%5Cseries%2Balivegr.png&amp;fanart=special%3A%2F%2Fhome%2Faddons%5Cplugin.video.AliveGR%5Cfanart.jpg&amp;content_type=&quot;,return)</favourite>
	<favourite name="[B][COLORwhite]Παλιές Σειρές[/B][/COLOR]" thumb="special://home/addons\plugin.image.TechNEWSology/resources/media\pal.jpg" fanart="none">ActivateWindow(videos,&quot;plugin://plugin.video.atlas/?url=&amp;mode=72&amp;name=%5BB%5D%5BCOLOR+white%5D%CE%A0%CE%B1%CE%BB%CE%B9%CE%AD%CF%82+%CE%A3%CE%B5%CE%B9%CF%81%CE%AD%CF%82%5B%2FCOLOR%5D%5B%2FB%5D&amp;iconimage=http%3A%2F%2Fi.imgur.com%2FJhjod4P.png&amp;description=%CE%A0%CE%B1%CE%BB%CE%B9%CE%AD%CF%82+%CF%83%CE%B5%CE%B9%CF%81%CE%AD%CF%82+%26+%CE%A0%CE%B1%CE%B9%CE%B4%CE%B9%CE%BA%CE%AC.%0AOld+series+%26+kids.&quot;,return)</favourite>
</favourites>