<favourites>
	<favourite name="[B][I][COLOR goldenrod]REAL DEBRID AUTHORIZE HERE[/B][/I][/COLOR]" thumb="https://troypoint.com/wp-content/uploads/2017/10/install-real-debrid-kodi.jpg">RunPlugin(plugin://script.module.resolveurl/?mode=auth_rd)</favourite>
	<favourite name="[COLOR white]Έληξε η Συνδρομή μας (RealDebrid) ...[/COLOR]" thumb="special://home/addons\plugin.image.TechNEWSology/resources/media\icon.png">RunScript(special://home/addons/plugin.program.super.favourites/folders/PY/ResolverOffRealDebrid.py)</favourite>
	<favourite name="[B][I][COLOR goldenrod]G.K.N.[/COLOR][/B][/I] [B][COLORwhite]Keep Real Debrid[/COLOR][/B]" thumb="special://home/addons\plugin.program.G.K.N.Wizard\resources\art\realdebrid.png">ActivateWindow(10001,&quot;plugin://plugin.program.G.K.N.Wizard/?mode=realdebrid&amp;sf_options=fanart%3Dspecial%3A%2F%2Fhome%2Faddons%5Cplugin.program.G.K.N.Wizard%5Cfanart.jpg%26meta%3Dplot%253D%25255BB%25255D%25255BCOLOR%252Bgoldenrod%25255DG.K.N.%25255B%25252FCOLOR%25255D%252B%25255BCOLOR%252Bwhite%25255DBuilds%252BWizard%25255B%25252FCOLOR%25255D%25255B%25252FB%25255D%2526votes%253D0%2526label%253D%25255BCOLOR%252Bgoldenrod%25255D%25255BB%25255D%25255BI%25255D%252528%25255BCOLOR%252Bwhite%25255DG.K.N.%25255B%25252FCOLOR%25255D%252529%25255B%25252FB%25255D%25255B%25252FCOLOR%25255D%252B%25255BCOLOR%252Bwhite%25255DKeep%252BReal%252BDebrid%25255B%25252FCOLOR%25255D%25255B%25252FI%25255D%2526title%253D%25255BCOLOR%252Bgoldenrod%25255D%25255BB%25255D%25255BI%25255D%252528%25255BCOLOR%252Bwhite%25255DG.K.N.%25255B%25252FCOLOR%25255D%252529%25255B%25252FB%25255D%25255B%25252FCOLOR%25255D%252B%25255BCOLOR%252Bwhite%25255DKeep%252BReal%252BDebrid%25255B%25252FCOLOR%25255D%25255B%25252FI%25255D%26desc%3D%5BB%5D%5BCOLOR+goldenrod%5DG.K.N.%5B%2FCOLOR%5D+%5BCOLOR+white%5DBuilds+Wizard%5B%2FCOLOR%5D%5B%2FB%5D%26_options_sf&quot;,return)</favourite>
	<favourite name="[B][COLOR goldenrod]Ρυθμίσεις[/COLOR][/B] [B][COLORwhite]ResolveURL[/COLOR][/B]" thumb="special://home/addons\script.module.resolveurl\icon.png">RunPlugin(plugin://plugin.video.placenta/?action=urlResolverRDTorrent&amp;query=1.36)</favourite>
	<favourite name="[B][COLOR goldenrod]Authorize Seren[/COLOR][/B]" thumb="special://home/addons\plugin.video.seren\ico-fox-gold-final.png">RunPlugin(plugin://plugin.video.seren/?action=authRealDebrid)</favourite>
	<favourite name="[B][COLOR goldenrod]Authorize Gaia[/COLOR][/B]" thumb="special://home/addons\plugin.video.gaia\icon.png">RunPlugin(plugin://plugin.video.gaia/?action=realdebridAuthentication)</favourite>
	<favourite name="[B][COLOR goldenrod]Authorize Jor-El[/COLOR][/B] [B][COLORwhite]RealDebrid-Mod[/COLOR][/B]" thumb="special://home/addons\script.realdebrid.mod\icon.png">ActivateWindow(10001,&quot;plugin://script.realdebrid.mod/?sf_options=fanart%3Dspecial%3A%2F%2Fhome%2Faddons%5Cscript.realdebrid.mod%5Cfanart.jpg%26meta%3Dlabel%253DRealDebrid-Mod%26desc%3DUnofficial+RealDebrid+client.+Manage+your+torrents%2C+unrestricted+links+and+view+host+statuses+all+within+Kodi.%26_options_sf&quot;,return)</favourite>
	<favourite name="[B][COLORwhite]Seren[/COLOR][/B]" thumb="special://home/addons\plugin.video.seren\ico-fox-gold-final.png">ActivateWindow(10025,&quot;plugin://plugin.video.seren/?sf_options=fanart%3Dspecial%3A%2F%2Fhome%2Faddons%5Cplugin.video.seren%5Ctemp-fanart.png%26meta%3Dlabel%253DSeren%26desc%3DSeren+-+This+Addon+is+currently+in+beta.+Please+be+aware+there+may+be+bugs+present%26_options_sf&quot;,return)</favourite>
	<favourite name="[B][COLORwhite]Gaia[/COLOR][/B]" thumb="special://home/addons\plugin.video.gaia\icon.png">ActivateWindow(10025,&quot;plugin://plugin.video.gaia/?sf_options=fanart%3Dspecial%3A%2F%2Fhome%2Faddons%5Cplugin.video.gaia%5Cfanart.jpg%26meta%3Dlabel%253DGaia%26desc%3DStream+movies%2C+shows%2C+documentaries%2C+and+short+films+from+a+variety+of+sources%2C+such+as+torrents%2C+usenet%2C+file+hosters%2C+and+video+streaming+services.%26_options_sf&quot;,return)</favourite>
	<favourite name="[B][COLORwhite]ReleaseBB[/COLOR][/B]" thumb="special://home/addons\plugin.video.releaseBB\icon.png">ActivateWindow(10025,&quot;plugin://plugin.video.releaseBB/?sf_options=fanart%3Dspecial%3A%2F%2Fhome%2Faddons%5Cplugin.video.releaseBB%5Cfanart.jpg%26meta%3Dlabel%253DRelease%25255BCOLOR%252Borange%25255D%25255BB%25255DBB%25255B%25252FB%25255D%25255B%25252FCOLOR%25255D%26desc%3DStream+a+wide+selection+of+scene+release+movies+and+Tv+shows+from+releaseBB....%0A++++++%5BCOLOR+red%5D%5BB%5D%5BI%5DYOU+will+need+a+Real-Debrid+%2F+Premiumize+%2F+Alldebrid+account+for+this+add-on%5B%2FB%5D%5B%2FI%5D%5B%2FCOLOR%5D%0A++++++%5BCOLOR+gold%5D%5BB%5D%5BI%5DYOU+can+find+FREE+links+also%21%21%21%5B%2FB%5D%5B%2FI%5D%5B%2FCOLOR%5D%0A++++++CREDITS+to+%40MrEntertainRepo+original+dev+of+the+add-on%26_options_sf&quot;,return)</favourite>
	<favourite name="[B][COLORwhite]The Magic Dragon[/COLOR][/B]" thumb="https://iwf1.com/scrapekod/icons/plugin.video.themagicdragon.jpg">ActivateWindow(10025,&quot;plugin://plugin.video.themagicdragon/?fanart=https%3a%2f%2fgithub.com%2ftombebbs1%2fmagicdragon%2fblob%2fmaster%2ffanart.jpg%3fraw%3dtrue&amp;mode=1&amp;name=%5bB%5d%5bI%5d%5bCOLORred%5dReal%20Debrid%20Movies%5b%2fB%5d%5b%2fI%5d%5b%2fCOLOR%5d&amp;url=https%3a%2f%2fraw.githubusercontent.com%2ftombebbs1%2fmagicdragon%2fmaster%2frealdebrid.txt&amp;sf_options=fanart%3Dhttps%3A%2F%2Fgithub.com%2Ftombebbs1%2Fmagicdragon%2Fblob%2Fmaster%2Ffanart.jpg%3Fraw%26meta%3Dvotes%253D0%2526label%253D%25255BB%25255D%25255BI%25255D%25255BCOLORred%25255DReal%252BDebrid%252BMovies%25255B%25252FB%25255D%25255B%25252FI%25255D%25255B%25252FCOLOR%25255D%2526title%253D%25255BB%25255D%25255BI%25255D%25255BCOLORred%25255DReal%252BDebrid%252BMovies%25255B%25252FB%25255D%25255B%25252FI%25255D%25255B%25252FCOLOR%25255D%26_options_sf&quot;,return)</favourite>
	<favourite name="[B][COLORwhite]The Magic Dragon Blu-Ray (TORRENTS)[/B][/COLOR]" thumb="https://iwf1.com/scrapekod/icons/plugin.video.themagicdragon.jpg">ActivateWindow(10025,&quot;plugin://plugin.video.themagicdragon/?fanart=https%3a%2f%2fgithub.com%2ftombebbs1%2fmagicdragon%2fblob%2fmaster%2ffanart.jpg%3fraw%3dtrue&amp;mode=1&amp;name=%5bB%5d%5bI%5d%5bCOLORwhite%5dBlu-Ray%20Movies%20RD%20Only%20(TORRENTS)%5b%2fB%5d%5b%2fI%5d%5b%2fCOLOR%5d&amp;url=https%3a%2f%2fraw.githubusercontent.com%2ftombebbs1%2fmagicdragon%2fmaster%2fTorrentsHD.txt&amp;sf_options=fanart%3Dhttps%3A%2F%2Fgithub.com%2Ftombebbs1%2Fmagicdragon%2Fblob%2Fmaster%2Ffanart.jpg%3Fraw%26meta%3Dvotes%253D0%2526label%253D%25255BB%25255D%25255BI%25255D%25255BCOLORwhite%25255DBlu-Ray%252BMovies%252BRD%252BOnly%252B%252528TORRENTS%252529%25255B%25252FB%25255D%25255B%25252FI%25255D%25255B%25252FCOLOR%25255D%2526title%253D%25255BB%25255D%25255BI%25255D%25255BCOLORwhite%25255DBlu-Ray%252BMovies%252BRD%252BOnly%252B%252528TORRENTS%252529%25255B%25252FB%25255D%25255B%25252FI%25255D%25255B%25252FCOLOR%25255D%26_options_sf&quot;,return)</favourite>
	<favourite name="[B][COLORwhite]livetvSerbia Torrent (VPN)[/COLOR][/B]" thumb="http://livetvkodiserbia.com/live/images/addon/icon/movie-icon.png">ActivateWindow(10025,&quot;plugin://plugin.video.livetvSerbia/?fanart=http%3a%2f%2flivetvkodiserbia.com%2flive%2fimages%2faddon%2fbackground%2fmovies.jpg&amp;mode=1&amp;name=Serije%20%26%20filmovi&amp;url=http%3a%2f%2flivetvkodiserbia.com%2faddonxml%2fkanali%2fserije.php%7cUser-Agent%3dMozilla%2f5.0%20(Windows%20NT%2010.0%3b%20Win64%3b%20x64%3b%20rv%3a63.0)%20LiveTVSerbia%2f20100101%20Firefox%2f63.0&amp;sf_options=fanart%3Dhttp%3A%2F%2Flivetvkodiserbia.com%2Flive%2Fimages%2Faddon%2Fbackground%2Fmovies.jpg%26meta%3Dvotes%253D0%2526label%253DSerije%252B%252526%252Bfilmovi%2526title%253DSerije%252B%252526%252Bfilmovi%26_options_sf&quot;,return)</favourite>
	<favourite name="[B][COLORgoldenrod]Pairing[/COLOR][/B]" thumb="special://home/addons\script.TechNEWSology.Pair\icon.png">RunScript(&quot;script.TechNEWSology.Pair/?sf_options=meta%3Dlabel%253DTechNEWSology%252BPairing%26desc%3DPairing+for+hosts%26_options_sf&quot;)</favourite>
</favourites>