<?xml version="1.0" encoding="UTF-8" standalone="yes"?>
<addon id="plugin.video.gratis" name="Gratis" version="1.1.3" provider-name="Jon Bovi">
	<requires>
		<import addon="xbmc.python" version="3.0.0"/>
		<import addon="script.module.requests"/>
		<import addon="script.module.resolveurl"/>
		<import addon="script.module.beautifulsoup4"/>
		<import addon="inputstream.adaptive"/>
		<import addon="plugin.video.youtube"/>
	</requires>
	<extension point="xbmc.python.pluginsource" library="default.py">
		<provides>video</provides>
	</extension>
	<extension point="xbmc.addon.metadata">
		<summary lang="en_GB">Come here for the latest.</summary>
		<description lang="en_GB">Merriam-Webster definition of GRATIS: without charge or recompense : FREE!!!</description>
		<platform>all</platform>
		<license>GPL-3.0-or-later</license>
		<website></website>
		<source></source>
		<assets>
			<icon>icon.png</icon>
			<fanart>fanart.jpg</fanart>
		</assets>
	</extension>
</addon>