<?xml version="1.0" encoding="UTF-8"?>
<addon id="plugin.program.downloaderSimple"
version="18.0.3"
name="Simple Updater Leia"
provider-name="primaeval,GKoBu,TechNEWSology">
<requires>
  <import addon="xbmc.gui" version="5.14.0"/>
  <import addon="xbmc.python" version="2.20.0"/>
  <import addon="script.module.xbmcswift2" version="2.4.0"/>
  <import addon="script.module.requests" version="2.9.1" />
</requires>
<extension point="xbmc.python.pluginsource" library="main.py">
  <provides>executable</provides>
</extension>
<extension point="xbmc.service" library="service.py" start="startup">
</extension>
<extension point="xbmc.addon.metadata">
  <summary lang="en">Downloader</summary>
  <description lang="en"></description>
  <disclaimer lang="en">.</disclaimer>
  <assets>
      <icon>icon.gif</icon>
      <fanart>fanart.jpg</fanart>
  </assets>
</extension>
</addon>

