<favourites>
	<favourite name="Geo Super" thumb="http://images.weserv.nl/?url=https://echo-l.livenettv.to/1/d0dbe9/geo_super.png|User-Agent=Dalvik%2F2.1.0+%28Linux%3B+U%3B+Android+5.1.1%3B+AFTT+Build%2FLVY48F%29">PlayMedia(&quot;plugin://plugin.video.tvone1112/play/1/play.pvr?sf_options=meta%3Dvotes%253D0%2526label%253DGeo%252BSuper%2526title%253DGeo%252BSuper%26winID%3D10025%26_options_sf&quot;)</favourite>
	<favourite name="PTV Sports" thumb="http://images.weserv.nl/?url=https://echo-l.livenettv.to/1/d0dbe9/ptv_sports.png|User-Agent=Dalvik%2F2.1.0+%28Linux%3B+U%3B+Android+5.1.1%3B+AFTT+Build%2FLVY48F%29">PlayMedia(&quot;plugin://plugin.video.tvone1112/play/3/play.pvr?sf_options=meta%3Dvotes%253D0%2526label%253DPTV%252BSports%2526title%253DPTV%252BSports%26winID%3D10025%26_options_sf&quot;)</favourite>
	<favourite name="Ten Sports" thumb="http://images.weserv.nl/?url=https://echo-l.livenettv.to/1/d0dbe9/ten_sports.png|User-Agent=Dalvik%2F2.1.0+%28Linux%3B+U%3B+Android+5.1.1%3B+AFTT+Build%2FLVY48F%29">PlayMedia(&quot;plugin://plugin.video.tvone1112/play/33/play.pvr?sf_options=meta%3Dvotes%253D0%2526label%253DTen%252BSports%2526title%253DTen%252BSports%26winID%3D10025%26_options_sf&quot;)</favourite>
	<favourite name="D Sports" thumb="http://images.weserv.nl/?url=https://echo-l.livenettv.to/1/d0dbe9/d_sports.png|User-Agent=Dalvik%2F2.1.0+%28Linux%3B+U%3B+Android+5.1.1%3B+AFTT+Build%2FLVY48F%29">PlayMedia(&quot;plugin://plugin.video.tvone1112/play/1070/play.pvr?sf_options=meta%3Dvotes%253D0%2526label%253DD%252BSports%2526title%253DD%252BSports%26winID%3D10025%26_options_sf&quot;)</favourite>
	<favourite name="DD Sports" thumb="http://images.weserv.nl/?url=https://echo-l.livenettv.to/1/d0dbe9/dd_sports.png|User-Agent=Dalvik%2F2.1.0+%28Linux%3B+U%3B+Android+5.1.1%3B+AFTT+Build%2FLVY48F%29">PlayMedia(&quot;plugin://plugin.video.tvone1112/play/423/play.pvr?sf_options=meta%3Dvotes%253D0%2526label%253DDD%252BSports%2526title%253DDD%252BSports%26winID%3D10025%26_options_sf&quot;)</favourite>
	<favourite name="Sony ESPN" thumb="http://images.weserv.nl/?url=https://echo-l.livenettv.to/1/d0dbe9/sony_espn.png|User-Agent=Dalvik%2F2.1.0+%28Linux%3B+U%3B+Android+5.1.1%3B+AFTT+Build%2FLVY48F%29">PlayMedia(&quot;plugin://plugin.video.tvone1112/play/116/play.pvr?sf_options=meta%3Dvotes%253D0%2526label%253DSony%252BESPN%2526title%253DSony%252BESPN%26winID%3D10025%26_options_sf&quot;)</favourite>
	<favourite name="Sony Six" thumb="http://images.weserv.nl/?url=https://echo-l.livenettv.to/1/d0dbe9/sony_six.png|User-Agent=Dalvik%2F2.1.0+%28Linux%3B+U%3B+Android+5.1.1%3B+AFTT+Build%2FLVY48F%29">PlayMedia(&quot;plugin://plugin.video.tvone1112/play/117/play.pvr?sf_options=meta%3Dvotes%253D0%2526label%253DSony%252BSix%2526title%253DSony%252BSix%26winID%3D10025%26_options_sf&quot;)</favourite>
	<favourite name="Sony SIX HD" thumb="http://images.weserv.nl/?url=https://echo-l.livenettv.to/1/d0dbe9/sony_six_hd.png|User-Agent=Dalvik%2F2.1.0+%28Linux%3B+U%3B+Android+5.1.1%3B+AFTT+Build%2FLVY48F%29">PlayMedia(&quot;plugin://plugin.video.tvone1112/play/978/play.pvr?sf_options=meta%3Dvotes%253D0%2526label%253DSony%252BSIX%252BHD%2526title%253DSony%252BSIX%252BHD%26winID%3D10025%26_options_sf&quot;)</favourite>
	<favourite name="Star Select HD 1" thumb="http://images.weserv.nl/?url=https://echo-l.livenettv.to/1/d0dbe9/star_sports_select1.png|User-Agent=Dalvik%2F2.1.0+%28Linux%3B+U%3B+Android+5.1.1%3B+AFTT+Build%2FLVY48F%29">PlayMedia(&quot;plugin://plugin.video.tvone1112/play/576/play.pvr?sf_options=meta%3Dvotes%253D0%2526label%253DStar%252BSelect%252BHD%252B1%2526title%253DStar%252BSelect%252BHD%252B1%26winID%3D10025%26_options_sf&quot;)</favourite>
	<favourite name="Star Select HD 2" thumb="http://images.weserv.nl/?url=https://echo-l.livenettv.to/1/d0dbe9/star_sports_select2.png|User-Agent=Dalvik%2F2.1.0+%28Linux%3B+U%3B+Android+5.1.1%3B+AFTT+Build%2FLVY48F%29">PlayMedia(&quot;plugin://plugin.video.tvone1112/play/638/play.pvr?sf_options=meta%3Dvotes%253D0%2526label%253DStar%252BSelect%252BHD%252B2%2526title%253DStar%252BSelect%252BHD%252B2%26winID%3D10025%26_options_sf&quot;)</favourite>
	<favourite name="Star Sports 1" thumb="http://images.weserv.nl/?url=https://echo-l.livenettv.to/1/d0dbe9/star_sports_1.png|User-Agent=Dalvik%2F2.1.0+%28Linux%3B+U%3B+Android+5.1.1%3B+AFTT+Build%2FLVY48F%29">PlayMedia(&quot;plugin://plugin.video.tvone1112/play/99/play.pvr?sf_options=meta%3Dvotes%253D0%2526label%253DStar%252BSports%252B1%2526title%253DStar%252BSports%252B1%26winID%3D10025%26_options_sf&quot;)</favourite>
	<favourite name="Star Sports 1 Hindi" thumb="http://images.weserv.nl/?url=https://echo-l.livenettv.to/1/d0dbe9/star_sports1_hindi.png|User-Agent=Dalvik%2F2.1.0+%28Linux%3B+U%3B+Android+5.1.1%3B+AFTT+Build%2FLVY48F%29">PlayMedia(&quot;plugin://plugin.video.tvone1112/play/101/play.pvr?sf_options=meta%3Dvotes%253D0%2526label%253DStar%252BSports%252B1%252BHindi%2526title%253DStar%252BSports%252B1%252BHindi%26winID%3D10025%26_options_sf&quot;)</favourite>
	<favourite name="Star Sports First" thumb="http://images.weserv.nl/?url=https://echo-l.livenettv.to/1/d0dbe9/star_sports_first.png|User-Agent=Dalvik%2F2.1.0+%28Linux%3B+U%3B+Android+5.1.1%3B+AFTT+Build%2FLVY48F%29">PlayMedia(&quot;plugin://plugin.video.tvone1112/play/980/play.pvr?sf_options=meta%3Dvotes%253D0%2526label%253DStar%252BSports%252BFirst%2526title%253DStar%252BSports%252BFirst%26winID%3D10025%26_options_sf&quot;)</favourite>
	<favourite name="Star Sports 2" thumb="http://images.weserv.nl/?url=https://echo-l.livenettv.to/1/d0dbe9/star_sports_2.png|User-Agent=Dalvik%2F2.1.0+%28Linux%3B+U%3B+Android+5.1.1%3B+AFTT+Build%2FLVY48F%29">PlayMedia(&quot;plugin://plugin.video.tvone1112/play/100/play.pvr?sf_options=meta%3Dvotes%253D0%2526label%253DStar%252BSports%252B2%2526title%253DStar%252BSports%252B2%26winID%3D10025%26_options_sf&quot;)</favourite>
	<favourite name="Star Sports 3" thumb="http://images.weserv.nl/?url=https://echo-l.livenettv.to/1/d0dbe9/star_sports_3.png|User-Agent=Dalvik%2F2.1.0+%28Linux%3B+U%3B+Android+5.1.1%3B+AFTT+Build%2FLVY48F%29">PlayMedia(&quot;plugin://plugin.video.tvone1112/play/102/play.pvr?sf_options=meta%3Dvotes%253D0%2526label%253DStar%252BSports%252B3%2526title%253DStar%252BSports%252B3%26winID%3D10025%26_options_sf&quot;)</favourite>
	<favourite name="TEN 1" thumb="http://images.weserv.nl/?url=https://echo-l.livenettv.to/1/d0dbe9/sony_ten1.png|User-Agent=Dalvik%2F2.1.0+%28Linux%3B+U%3B+Android+5.1.1%3B+AFTT+Build%2FLVY48F%29">PlayMedia(&quot;plugin://plugin.video.tvone1112/play/103/play.pvr?sf_options=meta%3Dvotes%253D0%2526label%253DTEN%252B1%2526title%253DTEN%252B1%26winID%3D10025%26_options_sf&quot;)</favourite>
	<favourite name="Ten 1 HD" thumb="http://images.weserv.nl/?url=https://echo-l.livenettv.to/1/d0dbe9/sony_ten1_hd.png|User-Agent=Dalvik%2F2.1.0+%28Linux%3B+U%3B+Android+5.1.1%3B+AFTT+Build%2FLVY48F%29">PlayMedia(&quot;plugin://plugin.video.tvone1112/play/782/play.pvr?sf_options=meta%3Dvotes%253D0%2526label%253DTen%252B1%252BHD%2526title%253DTen%252B1%252BHD%26winID%3D10025%26_options_sf&quot;)</favourite>
	<favourite name="TEN 2" thumb="http://images.weserv.nl/?url=https://echo-l.livenettv.to/1/d0dbe9/sony_ten2.png|User-Agent=Dalvik%2F2.1.0+%28Linux%3B+U%3B+Android+5.1.1%3B+AFTT+Build%2FLVY48F%29">PlayMedia(&quot;plugin://plugin.video.tvone1112/play/104/play.pvr?sf_options=meta%3Dvotes%253D0%2526label%253DTEN%252B2%2526title%253DTEN%252B2%26winID%3D10025%26_options_sf&quot;)</favourite>
	<favourite name="TEN 2 HD" thumb="http://images.weserv.nl/?url=https://echo-l.livenettv.to/1/d0dbe9/sony_ten2_hd.png|User-Agent=Dalvik%2F2.1.0+%28Linux%3B+U%3B+Android+5.1.1%3B+AFTT+Build%2FLVY48F%29">PlayMedia(&quot;plugin://plugin.video.tvone1112/play/976/play.pvr?sf_options=meta%3Dvotes%253D0%2526label%253DTEN%252B2%252BHD%2526title%253DTEN%252B2%252BHD%26winID%3D10025%26_options_sf&quot;)</favourite>
	<favourite name="TEN 3 HD" thumb="http://images.weserv.nl/?url=https://echo-l.livenettv.to/1/d0dbe9/sony_ten3_hd.png|User-Agent=Dalvik%2F2.1.0+%28Linux%3B+U%3B+Android+5.1.1%3B+AFTT+Build%2FLVY48F%29">PlayMedia(&quot;plugin://plugin.video.tvone1112/play/977/play.pvr?sf_options=meta%3Dvotes%253D0%2526label%253DTEN%252B3%252BHD%2526title%253DTEN%252B3%252BHD%26winID%3D10025%26_options_sf&quot;)</favourite>
	<favourite name="TEN 3" thumb="http://images.weserv.nl/?url=https://echo-l.livenettv.to/1/d0dbe9/sony_ten3.png|User-Agent=Dalvik%2F2.1.0+%28Linux%3B+U%3B+Android+5.1.1%3B+AFTT+Build%2FLVY48F%29">PlayMedia(&quot;plugin://plugin.video.tvone1112/play/105/play.pvr?sf_options=meta%3Dvotes%253D0%2526label%253DTEN%252B3%2526title%253DTEN%252B3%26winID%3D10025%26_options_sf&quot;)</favourite>
	<favourite name="Arena Sport 1" thumb="http://images.weserv.nl/?url=https://echo-l.livenettv.to/1/d0dbe9/arena_sport_1.png|User-Agent=Dalvik%2F2.1.0+%28Linux%3B+U%3B+Android+5.1.1%3B+AFTT+Build%2FLVY48F%29">PlayMedia(&quot;plugin://plugin.video.tvone1112/play/489/play.pvr?sf_options=meta%3Dvotes%253D0%2526label%253DArena%252BSport%252B1%2526title%253DArena%252BSport%252B1%26winID%3D10025%26_options_sf&quot;)</favourite>
	<favourite name="Arena Sport 2" thumb="http://images.weserv.nl/?url=https://echo-l.livenettv.to/1/d0dbe9/arena_sport_2.png|User-Agent=Dalvik%2F2.1.0+%28Linux%3B+U%3B+Android+5.1.1%3B+AFTT+Build%2FLVY48F%29">PlayMedia(&quot;plugin://plugin.video.tvone1112/play/490/play.pvr?sf_options=meta%3Dvotes%253D0%2526label%253DArena%252BSport%252B2%2526title%253DArena%252BSport%252B2%26winID%3D10025%26_options_sf&quot;)</favourite>
	<favourite name="Arena Sport 3" thumb="http://images.weserv.nl/?url=https://echo-l.livenettv.to/1/d0dbe9/arena_sport_3.png|User-Agent=Dalvik%2F2.1.0+%28Linux%3B+U%3B+Android+5.1.1%3B+AFTT+Build%2FLVY48F%29">PlayMedia(&quot;plugin://plugin.video.tvone1112/play/491/play.pvr?sf_options=meta%3Dvotes%253D0%2526label%253DArena%252BSport%252B3%2526title%253DArena%252BSport%252B3%26winID%3D10025%26_options_sf&quot;)</favourite>
	<favourite name="Astro Cricket" thumb="http://images.weserv.nl/?url=https://echo-l.livenettv.to/1/d0dbe9/astro_cricket.png|User-Agent=Dalvik%2F2.1.0+%28Linux%3B+U%3B+Android+5.1.1%3B+AFTT+Build%2FLVY48F%29">PlayMedia(&quot;plugin://plugin.video.tvone1112/play/2083/play.pvr?sf_options=meta%3Dvotes%253D0%2526label%253DAstro%252BCricket%2526title%253DAstro%252BCricket%26winID%3D10025%26_options_sf&quot;)</favourite>
	<favourite name="beIN 1 France" thumb="http://images.weserv.nl/?url=https://echo-l.livenettv.to/1/d0dbe9/bein_1_fr.png|User-Agent=Dalvik%2F2.1.0+%28Linux%3B+U%3B+Android+5.1.1%3B+AFTT+Build%2FLVY48F%29">PlayMedia(&quot;plugin://plugin.video.tvone1112/play/593/play.pvr?sf_options=meta%3Dvotes%253D0%2526label%253DbeIN%252B1%252BFrance%2526title%253DbeIN%252B1%252BFrance%26winID%3D10025%26_options_sf&quot;)</favourite>
	<favourite name="beIN 2 France" thumb="http://images.weserv.nl/?url=https://echo-l.livenettv.to/1/d0dbe9/bein_2_fr.png|User-Agent=Dalvik%2F2.1.0+%28Linux%3B+U%3B+Android+5.1.1%3B+AFTT+Build%2FLVY48F%29">PlayMedia(&quot;plugin://plugin.video.tvone1112/play/594/play.pvr?sf_options=meta%3Dvotes%253D0%2526label%253DbeIN%252B2%252BFrance%2526title%253DbeIN%252B2%252BFrance%26winID%3D10025%26_options_sf&quot;)</favourite>
	<favourite name="beIN 3 France" thumb="http://images.weserv.nl/?url=https://echo-l.livenettv.to/1/d0dbe9/bein_3_fr.png|User-Agent=Dalvik%2F2.1.0+%28Linux%3B+U%3B+Android+5.1.1%3B+AFTT+Build%2FLVY48F%29">PlayMedia(&quot;plugin://plugin.video.tvone1112/play/595/play.pvr?sf_options=meta%3Dvotes%253D0%2526label%253DbeIN%252B3%252BFrance%2526title%253DbeIN%252B3%252BFrance%26winID%3D10025%26_options_sf&quot;)</favourite>
	<favourite name="beIN Sports 1" thumb="http://images.weserv.nl/?url=https://echo-l.livenettv.to/1/d0dbe9/bein_sports_1.png|User-Agent=Dalvik%2F2.1.0+%28Linux%3B+U%3B+Android+5.1.1%3B+AFTT+Build%2FLVY48F%29">PlayMedia(&quot;plugin://plugin.video.tvone1112/play/109/play.pvr?sf_options=meta%3Dvotes%253D0%2526label%253DbeIN%252BSports%252B1%2526title%253DbeIN%252BSports%252B1%26winID%3D10025%26_options_sf&quot;)</favourite>
	<favourite name="beIN Sports 2" thumb="http://images.weserv.nl/?url=https://echo-l.livenettv.to/1/d0dbe9/bein_sports_2.png|User-Agent=Dalvik%2F2.1.0+%28Linux%3B+U%3B+Android+5.1.1%3B+AFTT+Build%2FLVY48F%29">PlayMedia(&quot;plugin://plugin.video.tvone1112/play/256/play.pvr?sf_options=meta%3Dvotes%253D0%2526label%253DbeIN%252BSports%252B2%2526title%253DbeIN%252BSports%252B2%26winID%3D10025%26_options_sf&quot;)</favourite>
	<favourite name="beIN Sports 3" thumb="http://images.weserv.nl/?url=https://echo-l.livenettv.to/1/d0dbe9/bein_sports_3.png|User-Agent=Dalvik%2F2.1.0+%28Linux%3B+U%3B+Android+5.1.1%3B+AFTT+Build%2FLVY48F%29">PlayMedia(&quot;plugin://plugin.video.tvone1112/play/338/play.pvr?sf_options=meta%3Dvotes%253D0%2526label%253DbeIN%252BSports%252B3%2526title%253DbeIN%252BSports%252B3%26winID%3D10025%26_options_sf&quot;)</favourite>
	<favourite name="beIN Sports 4" thumb="http://images.weserv.nl/?url=https://echo-l.livenettv.to/1/d0dbe9/bein_sports_4.png|User-Agent=Dalvik%2F2.1.0+%28Linux%3B+U%3B+Android+5.1.1%3B+AFTT+Build%2FLVY48F%29">PlayMedia(&quot;plugin://plugin.video.tvone1112/play/339/play.pvr?sf_options=meta%3Dvotes%253D0%2526label%253DbeIN%252BSports%252B4%2526title%253DbeIN%252BSports%252B4%26winID%3D10025%26_options_sf&quot;)</favourite>
	<favourite name="beIN Sports 5" thumb="http://images.weserv.nl/?url=https://echo-l.livenettv.to/1/d0dbe9/bein_sports_5.png|User-Agent=Dalvik%2F2.1.0+%28Linux%3B+U%3B+Android+5.1.1%3B+AFTT+Build%2FLVY48F%29">PlayMedia(&quot;plugin://plugin.video.tvone1112/play/340/play.pvr?sf_options=meta%3Dvotes%253D0%2526label%253DbeIN%252BSports%252B5%2526title%253DbeIN%252BSports%252B5%26winID%3D10025%26_options_sf&quot;)</favourite>
	<favourite name="beIN Sports 6" thumb="http://images.weserv.nl/?url=https://echo-l.livenettv.to/1/d0dbe9/bein_sports_6.png|User-Agent=Dalvik%2F2.1.0+%28Linux%3B+U%3B+Android+5.1.1%3B+AFTT+Build%2FLVY48F%29">PlayMedia(&quot;plugin://plugin.video.tvone1112/play/341/play.pvr?sf_options=meta%3Dvotes%253D0%2526label%253DbeIN%252BSports%252B6%2526title%253DbeIN%252BSports%252B6%26winID%3D10025%26_options_sf&quot;)</favourite>
	<favourite name="beIN Sports 7" thumb="http://images.weserv.nl/?url=https://echo-l.livenettv.to/1/d0dbe9/bein_sports_7.png|User-Agent=Dalvik%2F2.1.0+%28Linux%3B+U%3B+Android+5.1.1%3B+AFTT+Build%2FLVY48F%29">PlayMedia(&quot;plugin://plugin.video.tvone1112/play/342/play.pvr?sf_options=meta%3Dvotes%253D0%2526label%253DbeIN%252BSports%252B7%2526title%253DbeIN%252BSports%252B7%26winID%3D10025%26_options_sf&quot;)</favourite>
	<favourite name="beIn Sports 8" thumb="http://images.weserv.nl/?url=https://echo-l.livenettv.to/1/d0dbe9/bein_sports_8.png|User-Agent=Dalvik%2F2.1.0+%28Linux%3B+U%3B+Android+5.1.1%3B+AFTT+Build%2FLVY48F%29">PlayMedia(&quot;plugin://plugin.video.tvone1112/play/482/play.pvr?sf_options=meta%3Dvotes%253D0%2526label%253DbeIn%252BSports%252B8%2526title%253DbeIn%252BSports%252B8%26winID%3D10025%26_options_sf&quot;)</favourite>
	<favourite name="beIn Sports 9" thumb="http://images.weserv.nl/?url=https://echo-l.livenettv.to/1/d0dbe9/bein_sports_9.png|User-Agent=Dalvik%2F2.1.0+%28Linux%3B+U%3B+Android+5.1.1%3B+AFTT+Build%2FLVY48F%29">PlayMedia(&quot;plugin://plugin.video.tvone1112/play/483/play.pvr?sf_options=meta%3Dvotes%253D0%2526label%253DbeIn%252BSports%252B9%2526title%253DbeIn%252BSports%252B9%26winID%3D10025%26_options_sf&quot;)</favourite>
	<favourite name="beIN Sports News" thumb="http://images.weserv.nl/?url=https://echo-l.livenettv.to/1/d0dbe9/bein_sports_news.png|User-Agent=Dalvik%2F2.1.0+%28Linux%3B+U%3B+Android+5.1.1%3B+AFTT+Build%2FLVY48F%29">PlayMedia(&quot;plugin://plugin.video.tvone1112/play/1275/play.pvr?sf_options=meta%3Dvotes%253D0%2526label%253DbeIN%252BSports%252BNews%2526title%253DbeIN%252BSports%252BNews%26winID%3D10025%26_options_sf&quot;)</favourite>
	<favourite name="beIN Sports USA" thumb="http://images.weserv.nl/?url=https://echo-l.livenettv.to/1/d0dbe9/bein_sports_usa.png|User-Agent=Dalvik%2F2.1.0+%28Linux%3B+U%3B+Android+5.1.1%3B+AFTT+Build%2FLVY48F%29">PlayMedia(&quot;plugin://plugin.video.tvone1112/play/601/play.pvr?sf_options=meta%3Dvotes%253D0%2526label%253DbeIN%252BSports%252BUSA%2526title%253DbeIN%252BSports%252BUSA%26winID%3D10025%26_options_sf&quot;)</favourite>
	<favourite name="beIN Sports.10" thumb="http://images.weserv.nl/?url=https://echo-l.livenettv.to/1/d0dbe9/bein_sports_10.png|User-Agent=Dalvik%2F2.1.0+%28Linux%3B+U%3B+Android+5.1.1%3B+AFTT+Build%2FLVY48F%29">PlayMedia(&quot;plugin://plugin.video.tvone1112/play/581/play.pvr?sf_options=meta%3Dvotes%253D0%2526label%253DbeIN%252BSports.10%2526title%253DbeIN%252BSports.10%26winID%3D10025%26_options_sf&quot;)</favourite>
	<favourite name="beIN Sports.11" thumb="http://images.weserv.nl/?url=https://echo-l.livenettv.to/1/d0dbe9/bein_sports_11.png|User-Agent=Dalvik%2F2.1.0+%28Linux%3B+U%3B+Android+5.1.1%3B+AFTT+Build%2FLVY48F%29">PlayMedia(&quot;plugin://plugin.video.tvone1112/play/582/play.pvr?sf_options=meta%3Dvotes%253D0%2526label%253DbeIN%252BSports.11%2526title%253DbeIN%252BSports.11%26winID%3D10025%26_options_sf&quot;)</favourite>
	<favourite name="beIN Sports.12" thumb="http://images.weserv.nl/?url=https://echo-l.livenettv.to/1/d0dbe9/bein_sports_12.png|User-Agent=Dalvik%2F2.1.0+%28Linux%3B+U%3B+Android+5.1.1%3B+AFTT+Build%2FLVY48F%29">PlayMedia(&quot;plugin://plugin.video.tvone1112/play/583/play.pvr?sf_options=meta%3Dvotes%253D0%2526label%253DbeIN%252BSports.12%2526title%253DbeIN%252BSports.12%26winID%3D10025%26_options_sf&quot;)</favourite>
	<favourite name="Big Ten Network" thumb="http://images.weserv.nl/?url=https://echo-l.livenettv.to/1/d0dbe9/big_ten_network.png|User-Agent=Dalvik%2F2.1.0+%28Linux%3B+U%3B+Android+5.1.1%3B+AFTT+Build%2FLVY48F%29">PlayMedia(&quot;plugin://plugin.video.tvone1112/play/1861/play.pvr?sf_options=meta%3Dvotes%253D0%2526label%253DBig%252BTen%252BNetwork%2526title%253DBig%252BTen%252BNetwork%26winID%3D10025%26_options_sf&quot;)</favourite>
	<favourite name="BT Sport 1" thumb="http://images.weserv.nl/?url=https://echo-l.livenettv.to/1/d0dbe9/bt_sports_1.png|User-Agent=Dalvik%2F2.1.0+%28Linux%3B+U%3B+Android+5.1.1%3B+AFTT+Build%2FLVY48F%29">PlayMedia(&quot;plugin://plugin.video.tvone1112/play/111/play.pvr?sf_options=meta%3Dvotes%253D0%2526label%253DBT%252BSport%252B1%2526title%253DBT%252BSport%252B1%26winID%3D10025%26_options_sf&quot;)</favourite>
	<favourite name="Box Nation" thumb="http://images.weserv.nl/?url=https://echo-l.livenettv.to/1/d0dbe9/box_nation.png|User-Agent=Dalvik%2F2.1.0+%28Linux%3B+U%3B+Android+5.1.1%3B+AFTT+Build%2FLVY48F%29">PlayMedia(&quot;plugin://plugin.video.tvone1112/play/119/play.pvr?sf_options=meta%3Dvotes%253D0%2526label%253DBox%252BNation%2526title%253DBox%252BNation%26winID%3D10025%26_options_sf&quot;)</favourite>
	<favourite name="BT Sport 2" thumb="http://images.weserv.nl/?url=https://echo-l.livenettv.to/1/d0dbe9/bt_sports_2.png|User-Agent=Dalvik%2F2.1.0+%28Linux%3B+U%3B+Android+5.1.1%3B+AFTT+Build%2FLVY48F%29">PlayMedia(&quot;plugin://plugin.video.tvone1112/play/112/play.pvr?sf_options=meta%3Dvotes%253D0%2526label%253DBT%252BSport%252B2%2526title%253DBT%252BSport%252B2%26winID%3D10025%26_options_sf&quot;)</favourite>
	<favourite name="BT Sport 3" thumb="http://images.weserv.nl/?url=https://echo-l.livenettv.to/1/d0dbe9/bt_sport_3.png|User-Agent=Dalvik%2F2.1.0+%28Linux%3B+U%3B+Android+5.1.1%3B+AFTT+Build%2FLVY48F%29">PlayMedia(&quot;plugin://plugin.video.tvone1112/play/526/play.pvr?sf_options=meta%3Dvotes%253D0%2526label%253DBT%252BSport%252B3%2526title%253DBT%252BSport%252B3%26winID%3D10025%26_options_sf&quot;)</favourite>
	<favourite name="BT Sport ESPN" thumb="http://images.weserv.nl/?url=https://echo-l.livenettv.to/1/d0dbe9/bt_sport_espn.png|User-Agent=Dalvik%2F2.1.0+%28Linux%3B+U%3B+Android+5.1.1%3B+AFTT+Build%2FLVY48F%29">PlayMedia(&quot;plugin://plugin.video.tvone1112/play/253/play.pvr?sf_options=meta%3Dvotes%253D0%2526label%253DBT%252BSport%252BESPN%2526title%253DBT%252BSport%252BESPN%26winID%3D10025%26_options_sf&quot;)</favourite>
	<favourite name="BT Sports Box Office" thumb="http://images.weserv.nl/?url=https://echo-l.livenettv.to/1/d0dbe9/bt_sports_box_office.png|User-Agent=Dalvik%2F2.1.0+%28Linux%3B+U%3B+Android+5.1.1%3B+AFTT+Build%2FLVY48F%29">PlayMedia(&quot;plugin://plugin.video.tvone1112/play/2082/play.pvr?sf_options=meta%3Dvotes%253D0%2526label%253DBT%252BSports%252BBox%252BOffice%2526title%253DBT%252BSports%252BBox%252BOffice%26winID%3D10025%26_options_sf&quot;)</favourite>
	<favourite name="Chelsea TV" thumb="http://images.weserv.nl/?url=https://echo-l.livenettv.to/1/d0dbe9/chelsea_tv.png|User-Agent=Dalvik%2F2.1.0+%28Linux%3B+U%3B+Android+5.1.1%3B+AFTT+Build%2FLVY48F%29">PlayMedia(&quot;plugin://plugin.video.tvone1112/play/445/play.pvr?sf_options=meta%3Dvotes%253D0%2526label%253DChelsea%252BTV%2526title%253DChelsea%252BTV%26winID%3D10025%26_options_sf&quot;)</favourite>
	<favourite name="Digi Sport 1" thumb="http://images.weserv.nl/?url=https://echo-l.livenettv.to/1/d0dbe9/digi_sport_1.png|User-Agent=Dalvik%2F2.1.0+%28Linux%3B+U%3B+Android+5.1.1%3B+AFTT+Build%2FLVY48F%29">PlayMedia(&quot;plugin://plugin.video.tvone1112/play/1075/play.pvr?sf_options=meta%3Dvotes%253D0%2526label%253DDigi%252BSport%252B1%2526title%253DDigi%252BSport%252B1%26winID%3D10025%26_options_sf&quot;)</favourite>
	<favourite name="Digi Sport 2" thumb="http://images.weserv.nl/?url=https://echo-l.livenettv.to/1/d0dbe9/digi_sport_2.png|User-Agent=Dalvik%2F2.1.0+%28Linux%3B+U%3B+Android+5.1.1%3B+AFTT+Build%2FLVY48F%29">PlayMedia(&quot;plugin://plugin.video.tvone1112/play/1076/play.pvr?sf_options=meta%3Dvotes%253D0%2526label%253DDigi%252BSport%252B2%2526title%253DDigi%252BSport%252B2%26winID%3D10025%26_options_sf&quot;)</favourite>
	<favourite name="Digi Sport 3" thumb="http://images.weserv.nl/?url=https://echo-l.livenettv.to/1/d0dbe9/digi_sport_3.png|User-Agent=Dalvik%2F2.1.0+%28Linux%3B+U%3B+Android+5.1.1%3B+AFTT+Build%2FLVY48F%29">PlayMedia(&quot;plugin://plugin.video.tvone1112/play/1077/play.pvr?sf_options=meta%3Dvotes%253D0%2526label%253DDigi%252BSport%252B3%2526title%253DDigi%252BSport%252B3%26winID%3D10025%26_options_sf&quot;)</favourite>
	<favourite name="Digi Sport 4" thumb="http://images.weserv.nl/?url=https://echo-l.livenettv.to/1/d0dbe9/digi_sport_4.png|User-Agent=Dalvik%2F2.1.0+%28Linux%3B+U%3B+Android+5.1.1%3B+AFTT+Build%2FLVY48F%29">PlayMedia(&quot;plugin://plugin.video.tvone1112/play/1078/play.pvr?sf_options=meta%3Dvotes%253D0%2526label%253DDigi%252BSport%252B4%2526title%253DDigi%252BSport%252B4%26winID%3D10025%26_options_sf&quot;)</favourite>
	<favourite name="Eir Sport 1" thumb="http://images.weserv.nl/?url=https://echo-l.livenettv.to/1/d0dbe9/eir_sport_1.png|User-Agent=Dalvik%2F2.1.0+%28Linux%3B+U%3B+Android+5.1.1%3B+AFTT+Build%2FLVY48F%29">PlayMedia(&quot;plugin://plugin.video.tvone1112/play/535/play.pvr?sf_options=meta%3Dvotes%253D0%2526label%253DEir%252BSport%252B1%2526title%253DEir%252BSport%252B1%26winID%3D10025%26_options_sf&quot;)</favourite>
	<favourite name="Eleven Sports 1" thumb="http://images.weserv.nl/?url=https://echo-l.livenettv.to/1/d0dbe9/eleven_sports_1.png|User-Agent=Dalvik%2F2.1.0+%28Linux%3B+U%3B+Android+5.1.1%3B+AFTT+Build%2FLVY48F%29">PlayMedia(&quot;plugin://plugin.video.tvone1112/play/1490/play.pvr?sf_options=meta%3Dvotes%253D0%2526label%253DEleven%252BSports%252B1%2526title%253DEleven%252BSports%252B1%26winID%3D10025%26_options_sf&quot;)</favourite>
	<favourite name="Eleven Sports 2" thumb="http://images.weserv.nl/?url=https://echo-l.livenettv.to/1/d0dbe9/eleven_sports_2.png|User-Agent=Dalvik%2F2.1.0+%28Linux%3B+U%3B+Android+5.1.1%3B+AFTT+Build%2FLVY48F%29">PlayMedia(&quot;plugin://plugin.video.tvone1112/play/1491/play.pvr?sf_options=meta%3Dvotes%253D0%2526label%253DEleven%252BSports%252B2%2526title%253DEleven%252BSports%252B2%26winID%3D10025%26_options_sf&quot;)</favourite>
	<favourite name="ESPN" thumb="http://images.weserv.nl/?url=https://echo-l.livenettv.to/1/d0dbe9/espn.png|User-Agent=Dalvik%2F2.1.0+%28Linux%3B+U%3B+Android+5.1.1%3B+AFTT+Build%2FLVY48F%29">PlayMedia(&quot;plugin://plugin.video.tvone1112/play/287/play.pvr?sf_options=meta%3Dvotes%253D0%2526label%253DESPN%2526title%253DESPN%26winID%3D10025%26_options_sf&quot;)</favourite>
	<favourite name="ESPN 2" thumb="http://images.weserv.nl/?url=https://echo-l.livenettv.to/1/d0dbe9/espn2.png|User-Agent=Dalvik%2F2.1.0+%28Linux%3B+U%3B+Android+5.1.1%3B+AFTT+Build%2FLVY48F%29">PlayMedia(&quot;plugin://plugin.video.tvone1112/play/391/play.pvr?sf_options=meta%3Dvotes%253D0%2526label%253DESPN%252B2%2526title%253DESPN%252B2%26winID%3D10025%26_options_sf&quot;)</favourite>
	<favourite name="Euro Sports 1" thumb="http://images.weserv.nl/?url=https://echo-l.livenettv.to/1/d0dbe9/euro_sports_1.png|User-Agent=Dalvik%2F2.1.0+%28Linux%3B+U%3B+Android+5.1.1%3B+AFTT+Build%2FLVY48F%29">PlayMedia(&quot;plugin://plugin.video.tvone1112/play/106/play.pvr?sf_options=meta%3Dvotes%253D0%2526label%253DEuro%252BSports%252B1%2526title%253DEuro%252BSports%252B1%26winID%3D10025%26_options_sf&quot;)</favourite>
	<favourite name="Euro Sports 2" thumb="http://images.weserv.nl/?url=https://echo-l.livenettv.to/1/d0dbe9/euro_sports_2.png|User-Agent=Dalvik%2F2.1.0+%28Linux%3B+U%3B+Android+5.1.1%3B+AFTT+Build%2FLVY48F%29">PlayMedia(&quot;plugin://plugin.video.tvone1112/play/107/play.pvr?sf_options=meta%3Dvotes%253D0%2526label%253DEuro%252BSports%252B2%2526title%253DEuro%252BSports%252B2%26winID%3D10025%26_options_sf&quot;)</favourite>
	<favourite name="Fight Box" thumb="http://images.weserv.nl/?url=https://echo-l.livenettv.to/1/d0dbe9/fight_channel.png|User-Agent=Dalvik%2F2.1.0+%28Linux%3B+U%3B+Android+5.1.1%3B+AFTT+Build%2FLVY48F%29">PlayMedia(&quot;plugin://plugin.video.tvone1112/play/1074/play.pvr?sf_options=meta%3Dvotes%253D0%2526label%253DFight%252BBox%2526title%253DFight%252BBox%26winID%3D10025%26_options_sf&quot;)</favourite>
	<favourite name="Fox Sports 1" thumb="http://images.weserv.nl/?url=https://echo-l.livenettv.to/1/d0dbe9/fox_sports_1.png|User-Agent=Dalvik%2F2.1.0+%28Linux%3B+U%3B+Android+5.1.1%3B+AFTT+Build%2FLVY48F%29">PlayMedia(&quot;plugin://plugin.video.tvone1112/play/1025/play.pvr?sf_options=meta%3Dvotes%253D0%2526label%253DFox%252BSports%252B1%2526title%253DFox%252BSports%252B1%26winID%3D10025%26_options_sf&quot;)</favourite>
	<favourite name="Fox Sports 1 USA" thumb="http://images.weserv.nl/?url=https://echo-l.livenettv.to/1/d0dbe9/fs1.png|User-Agent=Dalvik%2F2.1.0+%28Linux%3B+U%3B+Android+5.1.1%3B+AFTT+Build%2FLVY48F%29">PlayMedia(&quot;plugin://plugin.video.tvone1112/play/170/play.pvr?sf_options=meta%3Dvotes%253D0%2526label%253DFox%252BSports%252B1%252BUSA%2526title%253DFox%252BSports%252B1%252BUSA%26winID%3D10025%26_options_sf&quot;)</favourite>
	<favourite name="Fox Sports 2" thumb="http://images.weserv.nl/?url=https://echo-l.livenettv.to/1/d0dbe9/fox_sports_2.png|User-Agent=Dalvik%2F2.1.0+%28Linux%3B+U%3B+Android+5.1.1%3B+AFTT+Build%2FLVY48F%29">PlayMedia(&quot;plugin://plugin.video.tvone1112/play/1026/play.pvr?sf_options=meta%3Dvotes%253D0%2526label%253DFox%252BSports%252B2%2526title%253DFox%252BSports%252B2%26winID%3D10025%26_options_sf&quot;)</favourite>
	<favourite name="Fox Sports 2 USA" thumb="http://images.weserv.nl/?url=https://echo-l.livenettv.to/1/d0dbe9/fs2.png|User-Agent=Dalvik%2F2.1.0+%28Linux%3B+U%3B+Android+5.1.1%3B+AFTT+Build%2FLVY48F%29">PlayMedia(&quot;plugin://plugin.video.tvone1112/play/406/play.pvr?sf_options=meta%3Dvotes%253D0%2526label%253DFox%252BSports%252B2%252BUSA%2526title%253DFox%252BSports%252B2%252BUSA%26winID%3D10025%26_options_sf&quot;)</favourite>
	<favourite name="Fox Sports 3" thumb="http://images.weserv.nl/?url=https://echo-l.livenettv.to/1/d0dbe9/fox_sports_3.png|User-Agent=Dalvik%2F2.1.0+%28Linux%3B+U%3B+Android+5.1.1%3B+AFTT+Build%2FLVY48F%29">PlayMedia(&quot;plugin://plugin.video.tvone1112/play/488/play.pvr?sf_options=meta%3Dvotes%253D0%2526label%253DFox%252BSports%252B3%2526title%253DFox%252BSports%252B3%26winID%3D10025%26_options_sf&quot;)</favourite>
	<favourite name="Fox Sports 4" thumb="http://images.weserv.nl/?url=https://echo-l.livenettv.to/1/d0dbe9/fox_sports_4.png|User-Agent=Dalvik%2F2.1.0+%28Linux%3B+U%3B+Android+5.1.1%3B+AFTT+Build%2FLVY48F%29">PlayMedia(&quot;plugin://plugin.video.tvone1112/play/571/play.pvr?sf_options=meta%3Dvotes%253D0%2526label%253DFox%252BSports%252B4%2526title%253DFox%252BSports%252B4%26winID%3D10025%26_options_sf&quot;)</favourite>
	<favourite name="Fox Sports 5" thumb="http://images.weserv.nl/?url=https://echo-l.livenettv.to/1/d0dbe9/fox_sports_5.png|User-Agent=Dalvik%2F2.1.0+%28Linux%3B+U%3B+Android+5.1.1%3B+AFTT+Build%2FLVY48F%29">PlayMedia(&quot;plugin://plugin.video.tvone1112/play/572/play.pvr?sf_options=meta%3Dvotes%253D0%2526label%253DFox%252BSports%252B5%2526title%253DFox%252BSports%252B5%26winID%3D10025%26_options_sf&quot;)</favourite>
	<favourite name="Free Sports" thumb="http://images.weserv.nl/?url=https://echo-l.livenettv.to/1/d0dbe9/free_sports.png|User-Agent=Dalvik%2F2.1.0+%28Linux%3B+U%3B+Android+5.1.1%3B+AFTT+Build%2FLVY48F%29">PlayMedia(&quot;plugin://plugin.video.tvone1112/play/1246/play.pvr?sf_options=meta%3Dvotes%253D0%2526label%253DFree%252BSports%2526title%253DFree%252BSports%26winID%3D10025%26_options_sf&quot;)</favourite>
	<favourite name="Golf Channel" thumb="http://images.weserv.nl/?url=https://echo-l.livenettv.to/1/d0dbe9/golf_channel.png|User-Agent=Dalvik%2F2.1.0+%28Linux%3B+U%3B+Android+5.1.1%3B+AFTT+Build%2FLVY48F%29">PlayMedia(&quot;plugin://plugin.video.tvone1112/play/447/play.pvr?sf_options=meta%3Dvotes%253D0%2526label%253DGolf%252BChannel%2526title%253DGolf%252BChannel%26winID%3D10025%26_options_sf&quot;)</favourite>
	<favourite name="LFC TV" thumb="http://images.weserv.nl/?url=https://echo-l.livenettv.to/1/d0dbe9/lfc_tv.png|User-Agent=Dalvik%2F2.1.0+%28Linux%3B+U%3B+Android+5.1.1%3B+AFTT+Build%2FLVY48F%29">PlayMedia(&quot;plugin://plugin.video.tvone1112/play/120/play.pvr?sf_options=meta%3Dvotes%253D0%2526label%253DLFC%252BTV%2526title%253DLFC%252BTV%26winID%3D10025%26_options_sf&quot;)</favourite>
	<favourite name="MLB Network" thumb="http://images.weserv.nl/?url=https://echo-l.livenettv.to/1/d0dbe9/mlb_network.png|User-Agent=Dalvik%2F2.1.0+%28Linux%3B+U%3B+Android+5.1.1%3B+AFTT+Build%2FLVY48F%29">PlayMedia(&quot;plugin://plugin.video.tvone1112/play/1080/play.pvr?sf_options=meta%3Dvotes%253D0%2526label%253DMLB%252BNetwork%2526title%253DMLB%252BNetwork%26winID%3D10025%26_options_sf&quot;)</favourite>
	<favourite name="MUTV" thumb="http://images.weserv.nl/?url=https://echo-l.livenettv.to/1/d0dbe9/mutv.png|User-Agent=Dalvik%2F2.1.0+%28Linux%3B+U%3B+Android+5.1.1%3B+AFTT+Build%2FLVY48F%29">PlayMedia(&quot;plugin://plugin.video.tvone1112/play/411/play.pvr?sf_options=meta%3Dvotes%253D0%2526label%253DMUTV%2526title%253DMUTV%26winID%3D10025%26_options_sf&quot;)</favourite>
	<favourite name="NBA TV" thumb="http://images.weserv.nl/?url=https://echo-l.livenettv.to/1/d0dbe9/nba_tv.png|User-Agent=Dalvik%2F2.1.0+%28Linux%3B+U%3B+Android+5.1.1%3B+AFTT+Build%2FLVY48F%29">PlayMedia(&quot;plugin://plugin.video.tvone1112/play/393/play.pvr?sf_options=meta%3Dvotes%253D0%2526label%253DNBA%252BTV%2526title%253DNBA%252BTV%26winID%3D10025%26_options_sf&quot;)</favourite>
	<favourite name="NBCSN" thumb="http://images.weserv.nl/?url=https://echo-l.livenettv.to/1/d0dbe9/nbcsn.png|User-Agent=Dalvik%2F2.1.0+%28Linux%3B+U%3B+Android+5.1.1%3B+AFTT+Build%2FLVY48F%29">PlayMedia(&quot;plugin://plugin.video.tvone1112/play/390/play.pvr?sf_options=meta%3Dvotes%253D0%2526label%253DNBCSN%2526title%253DNBCSN%26winID%3D10025%26_options_sf&quot;)</favourite>
	<favourite name="NFL Network" thumb="http://images.weserv.nl/?url=https://echo-l.livenettv.to/1/d0dbe9/nfl_network.png|User-Agent=Dalvik%2F2.1.0+%28Linux%3B+U%3B+Android+5.1.1%3B+AFTT+Build%2FLVY48F%29">PlayMedia(&quot;plugin://plugin.video.tvone1112/play/400/play.pvr?sf_options=meta%3Dvotes%253D0%2526label%253DNFL%252BNetwork%2526title%253DNFL%252BNetwork%26winID%3D10025%26_options_sf&quot;)</favourite>
	<favourite name="Premier Sports" thumb="http://images.weserv.nl/?url=https://echo-l.livenettv.to/1/d0dbe9/premier_sports.png|User-Agent=Dalvik%2F2.1.0+%28Linux%3B+U%3B+Android+5.1.1%3B+AFTT+Build%2FLVY48F%29">PlayMedia(&quot;plugin://plugin.video.tvone1112/play/414/play.pvr?sf_options=meta%3Dvotes%253D0%2526label%253DPremier%252BSports%2526title%253DPremier%252BSports%26winID%3D10025%26_options_sf&quot;)</favourite>
	<favourite name="Real Madrid TV" thumb="http://images.weserv.nl/?url=https://echo-l.livenettv.to/1/d0dbe9/real_madrid.png|User-Agent=Dalvik%2F2.1.0+%28Linux%3B+U%3B+Android+5.1.1%3B+AFTT+Build%2FLVY48F%29">PlayMedia(&quot;plugin://plugin.video.tvone1112/play/114/play.pvr?sf_options=meta%3Dvotes%253D0%2526label%253DReal%252BMadrid%252BTV%2526title%253DReal%252BMadrid%252BTV%26winID%3D10025%26_options_sf&quot;)</favourite>
	<favourite name="Setanta Sports" thumb="http://images.weserv.nl/?url=https://echo-l.livenettv.to/1/d0dbe9/setanta_sports.png|User-Agent=Dalvik%2F2.1.0+%28Linux%3B+U%3B+Android+5.1.1%3B+AFTT+Build%2FLVY48F%29">PlayMedia(&quot;plugin://plugin.video.tvone1112/play/540/play.pvr?sf_options=meta%3Dvotes%253D0%2526label%253DSetanta%252BSports%2526title%253DSetanta%252BSports%26winID%3D10025%26_options_sf&quot;)</favourite>
	<favourite name="SFR Sport 1" thumb="http://images.weserv.nl/?url=https://echo-l.livenettv.to/1/d0dbe9/sfr_sport_1.png|User-Agent=Dalvik%2F2.1.0+%28Linux%3B+U%3B+Android+5.1.1%3B+AFTT+Build%2FLVY48F%29">PlayMedia(&quot;plugin://plugin.video.tvone1112/play/1071/play.pvr?sf_options=meta%3Dvotes%253D0%2526label%253DSFR%252BSport%252B1%2526title%253DSFR%252BSport%252B1%26winID%3D10025%26_options_sf&quot;)</favourite>
	<favourite name="SFR Sport 2" thumb="http://images.weserv.nl/?url=https://echo-l.livenettv.to/1/d0dbe9/sfr_sport_2.png|User-Agent=Dalvik%2F2.1.0+%28Linux%3B+U%3B+Android+5.1.1%3B+AFTT+Build%2FLVY48F%29">PlayMedia(&quot;plugin://plugin.video.tvone1112/play/1072/play.pvr?sf_options=meta%3Dvotes%253D0%2526label%253DSFR%252BSport%252B2%2526title%253DSFR%252BSport%252B2%26winID%3D10025%26_options_sf&quot;)</favourite>
	<favourite name="SFR Sport 3" thumb="http://images.weserv.nl/?url=https://echo-l.livenettv.to/1/d0dbe9/sfr_sport_3.png|User-Agent=Dalvik%2F2.1.0+%28Linux%3B+U%3B+Android+5.1.1%3B+AFTT+Build%2FLVY48F%29">PlayMedia(&quot;plugin://plugin.video.tvone1112/play/1073/play.pvr?sf_options=meta%3Dvotes%253D0%2526label%253DSFR%252BSport%252B3%2526title%253DSFR%252BSport%252B3%26winID%3D10025%26_options_sf&quot;)</favourite>
	<favourite name="Sky Bundesliga 1" thumb="http://images.weserv.nl/?url=https://echo-l.livenettv.to/1/d0dbe9/sky_bundesliga_1.png|User-Agent=Dalvik%2F2.1.0+%28Linux%3B+U%3B+Android+5.1.1%3B+AFTT+Build%2FLVY48F%29">PlayMedia(&quot;plugin://plugin.video.tvone1112/play/1321/play.pvr?sf_options=meta%3Dvotes%253D0%2526label%253DSky%252BBundesliga%252B1%2526title%253DSky%252BBundesliga%252B1%26winID%3D10025%26_options_sf&quot;)</favourite>
	<favourite name="Sky Bundesliga 2" thumb="http://images.weserv.nl/?url=https://echo-l.livenettv.to/1/d0dbe9/sky_bundesliga_2.png|User-Agent=Dalvik%2F2.1.0+%28Linux%3B+U%3B+Android+5.1.1%3B+AFTT+Build%2FLVY48F%29">PlayMedia(&quot;plugin://plugin.video.tvone1112/play/1322/play.pvr?sf_options=meta%3Dvotes%253D0%2526label%253DSky%252BBundesliga%252B2%2526title%253DSky%252BBundesliga%252B2%26winID%3D10025%26_options_sf&quot;)</favourite>
	<favourite name="Sky Sport 1 Germany" thumb="http://images.weserv.nl/?url=https://echo-l.livenettv.to/1/d0dbe9/sky_sport_1_germany.png|User-Agent=Dalvik%2F2.1.0+%28Linux%3B+U%3B+Android+5.1.1%3B+AFTT+Build%2FLVY48F%29">PlayMedia(&quot;plugin://plugin.video.tvone1112/play/1317/play.pvr?sf_options=meta%3Dvotes%253D0%2526label%253DSky%252BSport%252B1%252BGermany%2526title%253DSky%252BSport%252B1%252BGermany%26winID%3D10025%26_options_sf&quot;)</favourite>
	<favourite name="Sky Sport 2 Germany" thumb="http://images.weserv.nl/?url=https://echo-l.livenettv.to/1/d0dbe9/sky_sport_2_germany.png|User-Agent=Dalvik%2F2.1.0+%28Linux%3B+U%3B+Android+5.1.1%3B+AFTT+Build%2FLVY48F%29">PlayMedia(&quot;plugin://plugin.video.tvone1112/play/1318/play.pvr?sf_options=meta%3Dvotes%253D0%2526label%253DSky%252BSport%252B2%252BGermany%2526title%253DSky%252BSport%252B2%252BGermany%26winID%3D10025%26_options_sf&quot;)</favourite>
	<favourite name="Sky Sport ITalia 1" thumb="http://images.weserv.nl/?url=https://echo-l.livenettv.to/1/d0dbe9/sky_sport_italia_1.png|User-Agent=Dalvik%2F2.1.0+%28Linux%3B+U%3B+Android+5.1.1%3B+AFTT+Build%2FLVY48F%29">PlayMedia(&quot;plugin://plugin.video.tvone1112/play/387/play.pvr?sf_options=meta%3Dvotes%253D0%2526label%253DSky%252BSport%252BITalia%252B1%2526title%253DSky%252BSport%252BITalia%252B1%26winID%3D10025%26_options_sf&quot;)</favourite>
	<favourite name="Sky Sports Action" thumb="http://images.weserv.nl/?url=https://echo-l.livenettv.to/1/d0dbe9/sky_sp_action.png|User-Agent=Dalvik%2F2.1.0+%28Linux%3B+U%3B+Android+5.1.1%3B+AFTT+Build%2FLVY48F%29">PlayMedia(&quot;plugin://plugin.video.tvone1112/play/95/play.pvr?sf_options=meta%3Dvotes%253D0%2526label%253DSky%252BSports%252BAction%2526title%253DSky%252BSports%252BAction%26winID%3D10025%26_options_sf&quot;)</favourite>
	<favourite name="Sky Sports Arena" thumb="http://images.weserv.nl/?url=https://echo-l.livenettv.to/1/d0dbe9/sky_sp_arena.png|User-Agent=Dalvik%2F2.1.0+%28Linux%3B+U%3B+Android+5.1.1%3B+AFTT+Build%2FLVY48F%29">PlayMedia(&quot;plugin://plugin.video.tvone1112/play/983/play.pvr?sf_options=meta%3Dvotes%253D0%2526label%253DSky%252BSports%252BArena%2526title%253DSky%252BSports%252BArena%26winID%3D10025%26_options_sf&quot;)</favourite>
	<favourite name="Sky Sports Box Office" thumb="http://images.weserv.nl/?url=https://echo-l.livenettv.to/1/d0dbe9/sky_sp_boxoffice.png|User-Agent=Dalvik%2F2.1.0+%28Linux%3B+U%3B+Android+5.1.1%3B+AFTT+Build%2FLVY48F%29">PlayMedia(&quot;plugin://plugin.video.tvone1112/play/995/play.pvr?sf_options=meta%3Dvotes%253D0%2526label%253DSky%252BSports%252BBox%252BOffice%2526title%253DSky%252BSports%252BBox%252BOffice%26winID%3D10025%26_options_sf&quot;)</favourite>
	<favourite name="Sky Sports Cricket" thumb="http://images.weserv.nl/?url=https://echo-l.livenettv.to/1/d0dbe9/sky_sp_cricket.png|User-Agent=Dalvik%2F2.1.0+%28Linux%3B+U%3B+Android+5.1.1%3B+AFTT+Build%2FLVY48F%29">PlayMedia(&quot;plugin://plugin.video.tvone1112/play/94/play.pvr?sf_options=meta%3Dvotes%253D0%2526label%253DSky%252BSports%252BCricket%2526title%253DSky%252BSports%252BCricket%26winID%3D10025%26_options_sf&quot;)</favourite>
	<favourite name="Sky Sports F1" thumb="http://images.weserv.nl/?url=https://echo-l.livenettv.to/1/d0dbe9/sky_sp_f1.png|User-Agent=Dalvik%2F2.1.0+%28Linux%3B+U%3B+Android+5.1.1%3B+AFTT+Build%2FLVY48F%29">PlayMedia(&quot;plugin://plugin.video.tvone1112/play/251/play.pvr?sf_options=meta%3Dvotes%253D0%2526label%253DSky%252BSports%252BF1%2526title%253DSky%252BSports%252BF1%26winID%3D10025%26_options_sf&quot;)</favourite>
	<favourite name="Sky Sports Football" thumb="http://images.weserv.nl/?url=https://echo-l.livenettv.to/1/d0dbe9/sky_sp_football.png|User-Agent=Dalvik%2F2.1.0+%28Linux%3B+U%3B+Android+5.1.1%3B+AFTT+Build%2FLVY48F%29">PlayMedia(&quot;plugin://plugin.video.tvone1112/play/982/play.pvr?sf_options=meta%3Dvotes%253D0%2526label%253DSky%252BSports%252BFootball%2526title%253DSky%252BSports%252BFootball%26winID%3D10025%26_options_sf&quot;)</favourite>
	<favourite name="Sky Sports Golf" thumb="http://images.weserv.nl/?url=https://echo-l.livenettv.to/1/d0dbe9/sky_sp_golf.png|User-Agent=Dalvik%2F2.1.0+%28Linux%3B+U%3B+Android+5.1.1%3B+AFTT+Build%2FLVY48F%29">PlayMedia(&quot;plugin://plugin.video.tvone1112/play/98/play.pvr?sf_options=meta%3Dvotes%253D0%2526label%253DSky%252BSports%252BGolf%2526title%253DSky%252BSports%252BGolf%26winID%3D10025%26_options_sf&quot;)</favourite>
	<favourite name="Sky Sports Main Event" thumb="http://images.weserv.nl/?url=https://echo-l.livenettv.to/1/d0dbe9/sky_sp_main.png|User-Agent=Dalvik%2F2.1.0+%28Linux%3B+U%3B+Android+5.1.1%3B+AFTT+Build%2FLVY48F%29">PlayMedia(&quot;plugin://plugin.video.tvone1112/play/93/play.pvr?sf_options=meta%3Dvotes%253D0%2526label%253DSky%252BSports%252BMain%252BEvent%2526title%253DSky%252BSports%252BMain%252BEvent%26winID%3D10025%26_options_sf&quot;)</favourite>
	<favourite name="Sky Sports Mix" thumb="http://images.weserv.nl/?url=https://echo-l.livenettv.to/1/d0dbe9/sky_sp_mix.png|User-Agent=Dalvik%2F2.1.0+%28Linux%3B+U%3B+Android+5.1.1%3B+AFTT+Build%2FLVY48F%29">PlayMedia(&quot;plugin://plugin.video.tvone1112/play/580/play.pvr?sf_options=meta%3Dvotes%253D0%2526label%253DSky%252BSports%252BMix%2526title%253DSky%252BSports%252BMix%26winID%3D10025%26_options_sf&quot;)</favourite>
	<favourite name="Sky Sports News" thumb="http://images.weserv.nl/?url=https://echo-l.livenettv.to/1/d0dbe9/sky_sp_news.png|User-Agent=Dalvik%2F2.1.0+%28Linux%3B+U%3B+Android+5.1.1%3B+AFTT+Build%2FLVY48F%29">PlayMedia(&quot;plugin://plugin.video.tvone1112/play/811/play.pvr?sf_options=meta%3Dvotes%253D0%2526label%253DSky%252BSports%252BNews%2526title%253DSky%252BSports%252BNews%26winID%3D10025%26_options_sf&quot;)</favourite>
	<favourite name="Sky Sports Premier League" thumb="http://images.weserv.nl/?url=https://echo-l.livenettv.to/1/d0dbe9/sky_sp_premier.png|User-Agent=Dalvik%2F2.1.0+%28Linux%3B+U%3B+Android+5.1.1%3B+AFTT+Build%2FLVY48F%29">PlayMedia(&quot;plugin://plugin.video.tvone1112/play/96/play.pvr?sf_options=meta%3Dvotes%253D0%2526label%253DSky%252BSports%252BPremier%252BLeague%2526title%253DSky%252BSports%252BPremier%252BLeague%26winID%3D10025%26_options_sf&quot;)</favourite>
	<favourite name="SkyNet Sports" thumb="http://images.weserv.nl/?url=https://echo-l.livenettv.to/1/d0dbe9/skynet_sports.png|User-Agent=Dalvik%2F2.1.0+%28Linux%3B+U%3B+Android+5.1.1%3B+AFTT+Build%2FLVY48F%29">PlayMedia(&quot;plugin://plugin.video.tvone1112/play/1069/play.pvr?sf_options=meta%3Dvotes%253D0%2526label%253DSkyNet%252BSports%2526title%253DSkyNet%252BSports%26winID%3D10025%26_options_sf&quot;)</favourite>
	<favourite name="Sport Klub 1" thumb="http://images.weserv.nl/?url=https://echo-l.livenettv.to/1/d0dbe9/sk_1.png|User-Agent=Dalvik%2F2.1.0+%28Linux%3B+U%3B+Android+5.1.1%3B+AFTT+Build%2FLVY48F%29">PlayMedia(&quot;plugin://plugin.video.tvone1112/play/534/play.pvr?sf_options=meta%3Dvotes%253D0%2526label%253DSport%252BKlub%252B1%2526title%253DSport%252BKlub%252B1%26winID%3D10025%26_options_sf&quot;)</favourite>
	<favourite name="Sport Klub 2" thumb="http://images.weserv.nl/?url=https://echo-l.livenettv.to/1/d0dbe9/sk_2.png|User-Agent=Dalvik%2F2.1.0+%28Linux%3B+U%3B+Android+5.1.1%3B+AFTT+Build%2FLVY48F%29">PlayMedia(&quot;plugin://plugin.video.tvone1112/play/561/play.pvr?sf_options=meta%3Dvotes%253D0%2526label%253DSport%252BKlub%252B2%2526title%253DSport%252BKlub%252B2%26winID%3D10025%26_options_sf&quot;)</favourite>
	<favourite name="Sport Klub 3" thumb="http://images.weserv.nl/?url=https://echo-l.livenettv.to/1/d0dbe9/sk_3.png|User-Agent=Dalvik%2F2.1.0+%28Linux%3B+U%3B+Android+5.1.1%3B+AFTT+Build%2FLVY48F%29">PlayMedia(&quot;plugin://plugin.video.tvone1112/play/539/play.pvr?sf_options=meta%3Dvotes%253D0%2526label%253DSport%252BKlub%252B3%2526title%253DSport%252BKlub%252B3%26winID%3D10025%26_options_sf&quot;)</favourite>
	<favourite name="Sport TV 1" thumb="http://images.weserv.nl/?url=https://echo-l.livenettv.to/1/d0dbe9/sport_tv_1.png|User-Agent=Dalvik%2F2.1.0+%28Linux%3B+U%3B+Android+5.1.1%3B+AFTT+Build%2FLVY48F%29">PlayMedia(&quot;plugin://plugin.video.tvone1112/play/677/play.pvr?sf_options=meta%3Dvotes%253D0%2526label%253DSport%252BTV%252B1%2526title%253DSport%252BTV%252B1%26winID%3D10025%26_options_sf&quot;)</favourite>
	<favourite name="Sport TV 2" thumb="http://images.weserv.nl/?url=https://echo-l.livenettv.to/1/d0dbe9/sport_tv_2.png|User-Agent=Dalvik%2F2.1.0+%28Linux%3B+U%3B+Android+5.1.1%3B+AFTT+Build%2FLVY48F%29">PlayMedia(&quot;plugin://plugin.video.tvone1112/play/697/play.pvr?sf_options=meta%3Dvotes%253D0%2526label%253DSport%252BTV%252B2%2526title%253DSport%252BTV%252B2%26winID%3D10025%26_options_sf&quot;)</favourite>
	<favourite name="Sport TV 3" thumb="http://images.weserv.nl/?url=https://echo-l.livenettv.to/1/d0dbe9/sport_tv_3.png|User-Agent=Dalvik%2F2.1.0+%28Linux%3B+U%3B+Android+5.1.1%3B+AFTT+Build%2FLVY48F%29">PlayMedia(&quot;plugin://plugin.video.tvone1112/play/698/play.pvr?sf_options=meta%3Dvotes%253D0%2526label%253DSport%252BTV%252B3%2526title%253DSport%252BTV%252B3%26winID%3D10025%26_options_sf&quot;)</favourite>
	<favourite name="Sport TV 4" thumb="http://images.weserv.nl/?url=https://echo-l.livenettv.to/1/d0dbe9/sport_tv_4.png|User-Agent=Dalvik%2F2.1.0+%28Linux%3B+U%3B+Android+5.1.1%3B+AFTT+Build%2FLVY48F%29">PlayMedia(&quot;plugin://plugin.video.tvone1112/play/699/play.pvr?sf_options=meta%3Dvotes%253D0%2526label%253DSport%252BTV%252B4%2526title%253DSport%252BTV%252B4%26winID%3D10025%26_options_sf&quot;)</favourite>
	<favourite name="Sport TV 5" thumb="http://images.weserv.nl/?url=https://echo-l.livenettv.to/1/d0dbe9/sport_tv_5.png|User-Agent=Dalvik%2F2.1.0+%28Linux%3B+U%3B+Android+5.1.1%3B+AFTT+Build%2FLVY48F%29">PlayMedia(&quot;plugin://plugin.video.tvone1112/play/700/play.pvr?sf_options=meta%3Dvotes%253D0%2526label%253DSport%252BTV%252B5%2526title%253DSport%252BTV%252B5%26winID%3D10025%26_options_sf&quot;)</favourite>
	<favourite name="Sports Net 360" thumb="http://images.weserv.nl/?url=https://echo-l.livenettv.to/1/d0dbe9/sports_net_360.png|User-Agent=Dalvik%2F2.1.0+%28Linux%3B+U%3B+Android+5.1.1%3B+AFTT+Build%2FLVY48F%29">PlayMedia(&quot;plugin://plugin.video.tvone1112/play/1327/play.pvr?sf_options=meta%3Dvotes%253D0%2526label%253DSports%252BNet%252B360%2526title%253DSports%252BNet%252B360%26winID%3D10025%26_options_sf&quot;)</favourite>
	<favourite name="Sports Net East" thumb="http://images.weserv.nl/?url=https://echo-l.livenettv.to/1/d0dbe9/sports_net_east.png|User-Agent=Dalvik%2F2.1.0+%28Linux%3B+U%3B+Android+5.1.1%3B+AFTT+Build%2FLVY48F%29">PlayMedia(&quot;plugin://plugin.video.tvone1112/play/2124/play.pvr?sf_options=meta%3Dvotes%253D0%2526label%253DSports%252BNet%252BEast%2526title%253DSports%252BNet%252BEast%26winID%3D10025%26_options_sf&quot;)</favourite>
	<favourite name="Sports Net One" thumb="http://images.weserv.nl/?url=https://echo-l.livenettv.to/1/d0dbe9/sports_net_one.png|User-Agent=Dalvik%2F2.1.0+%28Linux%3B+U%3B+Android+5.1.1%3B+AFTT+Build%2FLVY48F%29">PlayMedia(&quot;plugin://plugin.video.tvone1112/play/1325/play.pvr?sf_options=meta%3Dvotes%253D0%2526label%253DSports%252BNet%252BOne%2526title%253DSports%252BNet%252BOne%26winID%3D10025%26_options_sf&quot;)</favourite>
	<favourite name="Sports Net Ontario" thumb="http://images.weserv.nl/?url=https://echo-l.livenettv.to/1/d0dbe9/sports_net_ontario.png|User-Agent=Dalvik%2F2.1.0+%28Linux%3B+U%3B+Android+5.1.1%3B+AFTT+Build%2FLVY48F%29">PlayMedia(&quot;plugin://plugin.video.tvone1112/play/1326/play.pvr?sf_options=meta%3Dvotes%253D0%2526label%253DSports%252BNet%252BOntario%2526title%253DSports%252BNet%252BOntario%26winID%3D10025%26_options_sf&quot;)</favourite>
	<favourite name="Sports Net Pacific" thumb="http://images.weserv.nl/?url=https://echo-l.livenettv.to/1/d0dbe9/sports_net_pacific.png|User-Agent=Dalvik%2F2.1.0+%28Linux%3B+U%3B+Android+5.1.1%3B+AFTT+Build%2FLVY48F%29">PlayMedia(&quot;plugin://plugin.video.tvone1112/play/2123/play.pvr?sf_options=meta%3Dvotes%253D0%2526label%253DSports%252BNet%252BPacific%2526title%253DSports%252BNet%252BPacific%26winID%3D10025%26_options_sf&quot;)</favourite>
	<favourite name="Sports Net West" thumb="http://images.weserv.nl/?url=https://echo-l.livenettv.to/1/d0dbe9/sports_net_west.png|User-Agent=Dalvik%2F2.1.0+%28Linux%3B+U%3B+Android+5.1.1%3B+AFTT+Build%2FLVY48F%29">PlayMedia(&quot;plugin://plugin.video.tvone1112/play/2125/play.pvr?sf_options=meta%3Dvotes%253D0%2526label%253DSports%252BNet%252BWest%2526title%253DSports%252BNet%252BWest%26winID%3D10025%26_options_sf&quot;)</favourite>
	<favourite name="Sports Net World" thumb="http://images.weserv.nl/?url=https://echo-l.livenettv.to/1/d0dbe9/sports_net_world.png|User-Agent=Dalvik%2F2.1.0+%28Linux%3B+U%3B+Android+5.1.1%3B+AFTT+Build%2FLVY48F%29">PlayMedia(&quot;plugin://plugin.video.tvone1112/play/1324/play.pvr?sf_options=meta%3Dvotes%253D0%2526label%253DSports%252BNet%252BWorld%2526title%253DSports%252BNet%252BWorld%26winID%3D10025%26_options_sf&quot;)</favourite>
	<favourite name="Super Sports 1" thumb="http://images.weserv.nl/?url=https://echo-l.livenettv.to/1/d0dbe9/super_sports_blue_1.png|User-Agent=Dalvik%2F2.1.0+%28Linux%3B+U%3B+Android+5.1.1%3B+AFTT+Build%2FLVY48F%29">PlayMedia(&quot;plugin://plugin.video.tvone1112/play/165/play.pvr?sf_options=meta%3Dvotes%253D0%2526label%253DSuper%252BSports%252B1%2526title%253DSuper%252BSports%252B1%26winID%3D10025%26_options_sf&quot;)</favourite>
	<favourite name="Super Sports 2" thumb="http://images.weserv.nl/?url=https://echo-l.livenettv.to/1/d0dbe9/super_sports_blue_2.png|User-Agent=Dalvik%2F2.1.0+%28Linux%3B+U%3B+Android+5.1.1%3B+AFTT+Build%2FLVY48F%29">PlayMedia(&quot;plugin://plugin.video.tvone1112/play/166/play.pvr?sf_options=meta%3Dvotes%253D0%2526label%253DSuper%252BSports%252B2%2526title%253DSuper%252BSports%252B2%26winID%3D10025%26_options_sf&quot;)</favourite>
	<favourite name="Super Sports 3" thumb="http://images.weserv.nl/?url=https://echo-l.livenettv.to/1/d0dbe9/super_sports_blue_3.png|User-Agent=Dalvik%2F2.1.0+%28Linux%3B+U%3B+Android+5.1.1%3B+AFTT+Build%2FLVY48F%29">PlayMedia(&quot;plugin://plugin.video.tvone1112/play/167/play.pvr?sf_options=meta%3Dvotes%253D0%2526label%253DSuper%252BSports%252B3%2526title%253DSuper%252BSports%252B3%26winID%3D10025%26_options_sf&quot;)</favourite>
	<favourite name="Super Sports 4" thumb="http://images.weserv.nl/?url=https://echo-l.livenettv.to/1/d0dbe9/super_sports_blue_4.png|User-Agent=Dalvik%2F2.1.0+%28Linux%3B+U%3B+Android+5.1.1%3B+AFTT+Build%2FLVY48F%29">PlayMedia(&quot;plugin://plugin.video.tvone1112/play/168/play.pvr?sf_options=meta%3Dvotes%253D0%2526label%253DSuper%252BSports%252B4%2526title%253DSuper%252BSports%252B4%26winID%3D10025%26_options_sf&quot;)</favourite>
	<favourite name="Super Tennis" thumb="http://images.weserv.nl/?url=https://echo-l.livenettv.to/1/d0dbe9/super_tennis.png|User-Agent=Dalvik%2F2.1.0+%28Linux%3B+U%3B+Android+5.1.1%3B+AFTT+Build%2FLVY48F%29">PlayMedia(&quot;plugin://plugin.video.tvone1112/play/113/play.pvr?sf_options=meta%3Dvotes%253D0%2526label%253DSuper%252BTennis%2526title%253DSuper%252BTennis%26winID%3D10025%26_options_sf&quot;)</favourite>
	<favourite name="Tennis Channel" thumb="http://images.weserv.nl/?url=https://echo-l.livenettv.to/1/d0dbe9/tennis_channel.png|User-Agent=Dalvik%2F2.1.0+%28Linux%3B+U%3B+Android+5.1.1%3B+AFTT+Build%2FLVY48F%29">PlayMedia(&quot;plugin://plugin.video.tvone1112/play/1079/play.pvr?sf_options=meta%3Dvotes%253D0%2526label%253DTennis%252BChannel%2526title%253DTennis%252BChannel%26winID%3D10025%26_options_sf&quot;)</favourite>
	<favourite name="TSN 1" thumb="http://images.weserv.nl/?url=https://echo-l.livenettv.to/1/d0dbe9/tsn_1.png|User-Agent=Dalvik%2F2.1.0+%28Linux%3B+U%3B+Android+5.1.1%3B+AFTT+Build%2FLVY48F%29">PlayMedia(&quot;plugin://plugin.video.tvone1112/play/286/play.pvr?sf_options=meta%3Dvotes%253D0%2526label%253DTSN%252B1%2526title%253DTSN%252B1%26winID%3D10025%26_options_sf&quot;)</favourite>
	<favourite name="TSN 2" thumb="http://images.weserv.nl/?url=https://echo-l.livenettv.to/1/d0dbe9/tsn_2.png|User-Agent=Dalvik%2F2.1.0+%28Linux%3B+U%3B+Android+5.1.1%3B+AFTT+Build%2FLVY48F%29">PlayMedia(&quot;plugin://plugin.video.tvone1112/play/380/play.pvr?sf_options=meta%3Dvotes%253D0%2526label%253DTSN%252B2%2526title%253DTSN%252B2%26winID%3D10025%26_options_sf&quot;)</favourite>
	<favourite name="TSN 3" thumb="http://images.weserv.nl/?url=https://echo-l.livenettv.to/1/d0dbe9/tsn_3.png|User-Agent=Dalvik%2F2.1.0+%28Linux%3B+U%3B+Android+5.1.1%3B+AFTT+Build%2FLVY48F%29">PlayMedia(&quot;plugin://plugin.video.tvone1112/play/523/play.pvr?sf_options=meta%3Dvotes%253D0%2526label%253DTSN%252B3%2526title%253DTSN%252B3%26winID%3D10025%26_options_sf&quot;)</favourite>
	<favourite name="TSN 4" thumb="http://images.weserv.nl/?url=https://echo-l.livenettv.to/1/d0dbe9/tsn_4.png|User-Agent=Dalvik%2F2.1.0+%28Linux%3B+U%3B+Android+5.1.1%3B+AFTT+Build%2FLVY48F%29">PlayMedia(&quot;plugin://plugin.video.tvone1112/play/524/play.pvr?sf_options=meta%3Dvotes%253D0%2526label%253DTSN%252B4%2526title%253DTSN%252B4%26winID%3D10025%26_options_sf&quot;)</favourite>
	<favourite name="TSN 5" thumb="http://images.weserv.nl/?url=https://echo-l.livenettv.to/1/d0dbe9/tsn_5.png|User-Agent=Dalvik%2F2.1.0+%28Linux%3B+U%3B+Android+5.1.1%3B+AFTT+Build%2FLVY48F%29">PlayMedia(&quot;plugin://plugin.video.tvone1112/play/525/play.pvr?sf_options=meta%3Dvotes%253D0%2526label%253DTSN%252B5%2526title%253DTSN%252B5%26winID%3D10025%26_options_sf&quot;)</favourite>
	<favourite name="Viasat Football" thumb="http://images.weserv.nl/?url=https://echo-l.livenettv.to/1/d0dbe9/viasat_football.png|User-Agent=Dalvik%2F2.1.0+%28Linux%3B+U%3B+Android+5.1.1%3B+AFTT+Build%2FLVY48F%29">PlayMedia(&quot;plugin://plugin.video.tvone1112/play/543/play.pvr?sf_options=meta%3Dvotes%253D0%2526label%253DViasat%252BFootball%2526title%253DViasat%252BFootball%26winID%3D10025%26_options_sf&quot;)</favourite>
	<favourite name="Viasat Hockey" thumb="http://images.weserv.nl/?url=https://echo-l.livenettv.to/1/d0dbe9/viasat_hockey.png|User-Agent=Dalvik%2F2.1.0+%28Linux%3B+U%3B+Android+5.1.1%3B+AFTT+Build%2FLVY48F%29">PlayMedia(&quot;plugin://plugin.video.tvone1112/play/541/play.pvr?sf_options=meta%3Dvotes%253D0%2526label%253DViasat%252BHockey%2526title%253DViasat%252BHockey%26winID%3D10025%26_options_sf&quot;)</favourite>
	<favourite name="Viasat Sport" thumb="http://images.weserv.nl/?url=https://echo-l.livenettv.to/1/d0dbe9/viasat_sport.png|User-Agent=Dalvik%2F2.1.0+%28Linux%3B+U%3B+Android+5.1.1%3B+AFTT+Build%2FLVY48F%29">PlayMedia(&quot;plugin://plugin.video.tvone1112/play/542/play.pvr?sf_options=meta%3Dvotes%253D0%2526label%253DViasat%252BSport%2526title%253DViasat%252BSport%26winID%3D10025%26_options_sf&quot;)</favourite>
	<favourite name="Viasat Sport Baltic" thumb="http://images.weserv.nl/?url=https://echo-l.livenettv.to/1/d0dbe9/viasat_sport_baltic.png|User-Agent=Dalvik%2F2.1.0+%28Linux%3B+U%3B+Android+5.1.1%3B+AFTT+Build%2FLVY48F%29">PlayMedia(&quot;plugin://plugin.video.tvone1112/play/716/play.pvr?sf_options=meta%3Dvotes%253D0%2526label%253DViasat%252BSport%252BBaltic%2526title%253DViasat%252BSport%252BBaltic%26winID%3D10025%26_options_sf&quot;)</favourite>
	<favourite name="Willow Cricket" thumb="http://images.weserv.nl/?url=https://echo-l.livenettv.to/1/d0dbe9/willow_cricket.png|User-Agent=Dalvik%2F2.1.0+%28Linux%3B+U%3B+Android+5.1.1%3B+AFTT+Build%2FLVY48F%29">PlayMedia(&quot;plugin://plugin.video.tvone1112/play/118/play.pvr?sf_options=meta%3Dvotes%253D0%2526label%253DWillow%252BCricket%2526title%253DWillow%252BCricket%26winID%3D10025%26_options_sf&quot;)</favourite>
	<favourite name="WWE Network" thumb="http://images.weserv.nl/?url=https://echo-l.livenettv.to/1/d0dbe9/wwe.png|User-Agent=Dalvik%2F2.1.0+%28Linux%3B+U%3B+Android+5.1.1%3B+AFTT+Build%2FLVY48F%29">PlayMedia(&quot;plugin://plugin.video.tvone1112/play/108/play.pvr?sf_options=meta%3Dvotes%253D0%2526label%253DWWE%252BNetwork%2526title%253DWWE%252BNetwork%26winID%3D10025%26_options_sf&quot;)</favourite>
	<favourite name="Ziggo Sport Select" thumb="http://images.weserv.nl/?url=https://echo-l.livenettv.to/1/d0dbe9/ziggo_sp_select.png|User-Agent=Dalvik%2F2.1.0+%28Linux%3B+U%3B+Android+5.1.1%3B+AFTT+Build%2FLVY48F%29">PlayMedia(&quot;plugin://plugin.video.tvone1112/play/675/play.pvr?sf_options=meta%3Dvotes%253D0%2526label%253DZiggo%252BSport%252BSelect%2526title%253DZiggo%252BSport%252BSelect%26winID%3D10025%26_options_sf&quot;)</favourite>
	<favourite name="Racing UK" thumb="http://images.weserv.nl/?url=https://echo-l.livenettv.to/1/d0dbe9/racing_uk.png|User-Agent=Dalvik%2F2.1.0+%28Linux%3B+U%3B+Android+5.1.1%3B+AFTT+Build%2FLVY48F%29">PlayMedia(&quot;plugin://plugin.video.tvone1112/play/292/play.pvr?sf_options=meta%3Dvotes%253D0%2526label%253DRacing%252BUK%2526title%253DRacing%252BUK%26winID%3D10025%26_options_sf&quot;)</favourite>
	<favourite name="Sky Sports Racing" thumb="http://images.weserv.nl/?url=https://echo-l.livenettv.to/1/d0dbe9/sky_sports_racing.png|User-Agent=Dalvik%2F2.1.0+%28Linux%3B+U%3B+Android+5.1.1%3B+AFTT+Build%2FLVY48F%29">PlayMedia(&quot;plugin://plugin.video.tvone1112/play/291/play.pvr?sf_options=meta%3Dvotes%253D0%2526label%253DSky%252BSports%252BRacing%2526title%253DSky%252BSports%252BRacing%26winID%3D10025%26_options_sf&quot;)</favourite>
	<favourite name="Abu Dhabi Sports 1" thumb="http://images.weserv.nl/?url=https://echo-l.livenettv.to/1/d0dbe9/abudhabi_sports_1.png|User-Agent=Dalvik%2F2.1.0+%28Linux%3B+U%3B+Android+5.1.1%3B+AFTT+Build%2FLVY48F%29">PlayMedia(&quot;plugin://plugin.video.tvone1112/play/214/play.pvr?sf_options=meta%3Dvotes%253D0%2526label%253DAbu%252BDhabi%252BSports%252B1%2526title%253DAbu%252BDhabi%252BSports%252B1%26winID%3D10025%26_options_sf&quot;)</favourite>
	<favourite name="Abu Dhabi Sports 2" thumb="http://images.weserv.nl/?url=https://echo-l.livenettv.to/1/d0dbe9/abudhabi_sports_2.png|User-Agent=Dalvik%2F2.1.0+%28Linux%3B+U%3B+Android+5.1.1%3B+AFTT+Build%2FLVY48F%29">PlayMedia(&quot;plugin://plugin.video.tvone1112/play/585/play.pvr?sf_options=meta%3Dvotes%253D0%2526label%253DAbu%252BDhabi%252BSports%252B2%2526title%253DAbu%252BDhabi%252BSports%252B2%26winID%3D10025%26_options_sf&quot;)</favourite>
	<favourite name="Al Kass SP 1" thumb="http://images.weserv.nl/?url=https://echo-l.livenettv.to/1/d0dbe9/alkass_sp_1.png|User-Agent=Dalvik%2F2.1.0+%28Linux%3B+U%3B+Android+5.1.1%3B+AFTT+Build%2FLVY48F%29">PlayMedia(&quot;plugin://plugin.video.tvone1112/play/596/play.pvr?sf_options=meta%3Dvotes%253D0%2526label%253DAl%252BKass%252BSP%252B1%2526title%253DAl%252BKass%252BSP%252B1%26winID%3D10025%26_options_sf&quot;)</favourite>
	<favourite name="Al Kass SP 2" thumb="http://images.weserv.nl/?url=https://echo-l.livenettv.to/1/d0dbe9/alkass_sp_2.png|User-Agent=Dalvik%2F2.1.0+%28Linux%3B+U%3B+Android+5.1.1%3B+AFTT+Build%2FLVY48F%29">PlayMedia(&quot;plugin://plugin.video.tvone1112/play/597/play.pvr?sf_options=meta%3Dvotes%253D0%2526label%253DAl%252BKass%252BSP%252B2%2526title%253DAl%252BKass%252BSP%252B2%26winID%3D10025%26_options_sf&quot;)</favourite>
	<favourite name="Al Kass SP 3" thumb="http://images.weserv.nl/?url=https://echo-l.livenettv.to/1/d0dbe9/alkass_sp_3.png|User-Agent=Dalvik%2F2.1.0+%28Linux%3B+U%3B+Android+5.1.1%3B+AFTT+Build%2FLVY48F%29">PlayMedia(&quot;plugin://plugin.video.tvone1112/play/598/play.pvr?sf_options=meta%3Dvotes%253D0%2526label%253DAl%252BKass%252BSP%252B3%2526title%253DAl%252BKass%252BSP%252B3%26winID%3D10025%26_options_sf&quot;)</favourite>
	<favourite name="Al Kass SP 4" thumb="http://images.weserv.nl/?url=https://echo-l.livenettv.to/1/d0dbe9/alkass_sp_4.png|User-Agent=Dalvik%2F2.1.0+%28Linux%3B+U%3B+Android+5.1.1%3B+AFTT+Build%2FLVY48F%29">PlayMedia(&quot;plugin://plugin.video.tvone1112/play/599/play.pvr?sf_options=meta%3Dvotes%253D0%2526label%253DAl%252BKass%252BSP%252B4%2526title%253DAl%252BKass%252BSP%252B4%26winID%3D10025%26_options_sf&quot;)</favourite>
	<favourite name="Al Kass SP 5" thumb="http://images.weserv.nl/?url=https://echo-l.livenettv.to/1/d0dbe9/alkass_sp_5.png|User-Agent=Dalvik%2F2.1.0+%28Linux%3B+U%3B+Android+5.1.1%3B+AFTT+Build%2FLVY48F%29">PlayMedia(&quot;plugin://plugin.video.tvone1112/play/600/play.pvr?sf_options=meta%3Dvotes%253D0%2526label%253DAl%252BKass%252BSP%252B5%2526title%253DAl%252BKass%252BSP%252B5%26winID%3D10025%26_options_sf&quot;)</favourite>
	<favourite name="Arriadia Maroc" thumb="http://images.weserv.nl/?url=https://echo-l.livenettv.to/1/d0dbe9/arabic/arriadia_maroco.png|User-Agent=Dalvik%2F2.1.0+%28Linux%3B+U%3B+Android+5.1.1%3B+AFTT+Build%2FLVY48F%29">PlayMedia(&quot;plugin://plugin.video.tvone1112/play/904/play.pvr?sf_options=meta%3Dvotes%253D0%2526label%253DArriadia%252BMaroc%2526title%253DArriadia%252BMaroc%26winID%3D10025%26_options_sf&quot;)</favourite>
	<favourite name="Dubai Sports" thumb="http://images.weserv.nl/?url=https://echo-l.livenettv.to/1/d0dbe9/dubai_sports.png|User-Agent=Dalvik%2F2.1.0+%28Linux%3B+U%3B+Android+5.1.1%3B+AFTT+Build%2FLVY48F%29">PlayMedia(&quot;plugin://plugin.video.tvone1112/play/212/play.pvr?sf_options=meta%3Dvotes%253D0%2526label%253DDubai%252BSports%2526title%253DDubai%252BSports%26winID%3D10025%26_options_sf&quot;)</favourite>
	<favourite name="Nile Sport" thumb="http://images.weserv.nl/?url=https://echo-l.livenettv.to/1/d0dbe9/nile_sport.png|User-Agent=Dalvik%2F2.1.0+%28Linux%3B+U%3B+Android+5.1.1%3B+AFTT+Build%2FLVY48F%29">PlayMedia(&quot;plugin://plugin.video.tvone1112/play/1659/play.pvr?sf_options=meta%3Dvotes%253D0%2526label%253DNile%252BSport%2526title%253DNile%252BSport%26winID%3D10025%26_options_sf&quot;)</favourite>
	<favourite name="MBC Pro Sports 1" thumb="http://images.weserv.nl/?url=https://echo-l.livenettv.to/1/d0dbe9/mbc_pro_sport_1.png|User-Agent=Dalvik%2F2.1.0+%28Linux%3B+U%3B+Android+5.1.1%3B+AFTT+Build%2FLVY48F%29">PlayMedia(&quot;plugin://plugin.video.tvone1112/play/527/play.pvr?sf_options=meta%3Dvotes%253D0%2526label%253DMBC%252BPro%252BSports%252B1%2526title%253DMBC%252BPro%252BSports%252B1%26winID%3D10025%26_options_sf&quot;)</favourite>
	<favourite name="MBC Pro Sports 2" thumb="http://images.weserv.nl/?url=https://echo-l.livenettv.to/1/d0dbe9/mbc_pro_sport_2.png|User-Agent=Dalvik%2F2.1.0+%28Linux%3B+U%3B+Android+5.1.1%3B+AFTT+Build%2FLVY48F%29">PlayMedia(&quot;plugin://plugin.video.tvone1112/play/530/play.pvr?sf_options=meta%3Dvotes%253D0%2526label%253DMBC%252BPro%252BSports%252B2%2526title%253DMBC%252BPro%252BSports%252B2%26winID%3D10025%26_options_sf&quot;)</favourite>
	<favourite name="MBC Pro Sports 3" thumb="http://images.weserv.nl/?url=https://echo-l.livenettv.to/1/d0dbe9/mbc_pro_sport_3.png|User-Agent=Dalvik%2F2.1.0+%28Linux%3B+U%3B+Android+5.1.1%3B+AFTT+Build%2FLVY48F%29">PlayMedia(&quot;plugin://plugin.video.tvone1112/play/531/play.pvr?sf_options=meta%3Dvotes%253D0%2526label%253DMBC%252BPro%252BSports%252B3%2526title%253DMBC%252BPro%252BSports%252B3%26winID%3D10025%26_options_sf&quot;)</favourite>
	<favourite name="ON Sport" thumb="http://images.weserv.nl/?url=https://echo-l.livenettv.to/1/d0dbe9/arabic/on_sport.png|User-Agent=Dalvik%2F2.1.0+%28Linux%3B+U%3B+Android+5.1.1%3B+AFTT+Build%2FLVY48F%29">PlayMedia(&quot;plugin://plugin.video.tvone1112/play/933/play.pvr?sf_options=meta%3Dvotes%253D0%2526label%253DON%252BSport%2526title%253DON%252BSport%26winID%3D10025%26_options_sf&quot;)</favourite>
	<favourite name="OSN Cricket" thumb="http://images.weserv.nl/?url=https://echo-l.livenettv.to/1/d0dbe9/osn_cricket.png|User-Agent=Dalvik%2F2.1.0+%28Linux%3B+U%3B+Android+5.1.1%3B+AFTT+Build%2FLVY48F%29">PlayMedia(&quot;plugin://plugin.video.tvone1112/play/668/play.pvr?sf_options=meta%3Dvotes%253D0%2526label%253DOSN%252BCricket%2526title%253DOSN%252BCricket%26winID%3D10025%26_options_sf&quot;)</favourite>
	<favourite name="OSN Sports 4" thumb="http://images.weserv.nl/?url=https://echo-l.livenettv.to/1/d0dbe9/osn_sports_4.png|User-Agent=Dalvik%2F2.1.0+%28Linux%3B+U%3B+Android+5.1.1%3B+AFTT+Build%2FLVY48F%29">PlayMedia(&quot;plugin://plugin.video.tvone1112/play/661/play.pvr?sf_options=meta%3Dvotes%253D0%2526label%253DOSN%252BSports%252B4%2526title%253DOSN%252BSports%252B4%26winID%3D10025%26_options_sf&quot;)</favourite>
	<favourite name="Irib Varzesh" thumb="http://images.weserv.nl/?url=https://echo-l.livenettv.to/1/d0dbe9/irib_varzesh.png|User-Agent=Dalvik%2F2.1.0+%28Linux%3B+U%3B+Android+5.1.1%3B+AFTT+Build%2FLVY48F%29">PlayMedia(&quot;plugin://plugin.video.tvone1112/play/1197/play.pvr?sf_options=meta%3Dvotes%253D0%2526label%253DIrib%252BVarzesh%2526title%253DIrib%252BVarzesh%26winID%3D10025%26_options_sf&quot;)</favourite>
	<favourite name="beIN 1 Turkey" thumb="http://images.weserv.nl/?url=https://echo-l.livenettv.to/1/d0dbe9/bein_1_tr.png|User-Agent=Dalvik%2F2.1.0+%28Linux%3B+U%3B+Android+5.1.1%3B+AFTT+Build%2FLVY48F%29">PlayMedia(&quot;plugin://plugin.video.tvone1112/play/1047/play.pvr?sf_options=meta%3Dvotes%253D0%2526label%253DbeIN%252B1%252BTurkey%2526title%253DbeIN%252B1%252BTurkey%26winID%3D10025%26_options_sf&quot;)</favourite>
	<favourite name="beIN 2 Turkey" thumb="http://images.weserv.nl/?url=https://echo-l.livenettv.to/1/d0dbe9/bein_2_tr.png|User-Agent=Dalvik%2F2.1.0+%28Linux%3B+U%3B+Android+5.1.1%3B+AFTT+Build%2FLVY48F%29">PlayMedia(&quot;plugin://plugin.video.tvone1112/play/1048/play.pvr?sf_options=meta%3Dvotes%253D0%2526label%253DbeIN%252B2%252BTurkey%2526title%253DbeIN%252B2%252BTurkey%26winID%3D10025%26_options_sf&quot;)</favourite>
	<favourite name="beIN 3 Turkey" thumb="http://images.weserv.nl/?url=https://echo-l.livenettv.to/1/d0dbe9/bein_3_tr.png|User-Agent=Dalvik%2F2.1.0+%28Linux%3B+U%3B+Android+5.1.1%3B+AFTT+Build%2FLVY48F%29">PlayMedia(&quot;plugin://plugin.video.tvone1112/play/1049/play.pvr?sf_options=meta%3Dvotes%253D0%2526label%253DbeIN%252B3%252BTurkey%2526title%253DbeIN%252B3%252BTurkey%26winID%3D10025%26_options_sf&quot;)</favourite>
	<favourite name="beIN 4 Turkey" thumb="http://images.weserv.nl/?url=https://echo-l.livenettv.to/1/d0dbe9/bein_4_tr.png|User-Agent=Dalvik%2F2.1.0+%28Linux%3B+U%3B+Android+5.1.1%3B+AFTT+Build%2FLVY48F%29">PlayMedia(&quot;plugin://plugin.video.tvone1112/play/1050/play.pvr?sf_options=meta%3Dvotes%253D0%2526label%253DbeIN%252B4%252BTurkey%2526title%253DbeIN%252B4%252BTurkey%26winID%3D10025%26_options_sf&quot;)</favourite>
	<favourite name="S Sport" thumb="http://images.weserv.nl/?url=https://echo-l.livenettv.to/1/d0dbe9/s_sport.png|User-Agent=Dalvik%2F2.1.0+%28Linux%3B+U%3B+Android+5.1.1%3B+AFTT+Build%2FLVY48F%29">PlayMedia(&quot;plugin://plugin.video.tvone1112/play/1360/play.pvr?sf_options=meta%3Dvotes%253D0%2526label%253DS%252BSport%2526title%253DS%252BSport%26winID%3D10025%26_options_sf&quot;)</favourite>
	<favourite name="Smart Spor 1" thumb="http://images.weserv.nl/?url=https://echo-l.livenettv.to/1/d0dbe9/smart_spor_1.png|User-Agent=Dalvik%2F2.1.0+%28Linux%3B+U%3B+Android+5.1.1%3B+AFTT+Build%2FLVY48F%29">PlayMedia(&quot;plugin://plugin.video.tvone1112/play/1051/play.pvr?sf_options=meta%3Dvotes%253D0%2526label%253DSmart%252BSpor%252B1%2526title%253DSmart%252BSpor%252B1%26winID%3D10025%26_options_sf&quot;)</favourite>
	<favourite name="Tivibu Spor 1" thumb="http://images.weserv.nl/?url=https://echo-l.livenettv.to/1/d0dbe9/tivibu_spor_1.png|User-Agent=Dalvik%2F2.1.0+%28Linux%3B+U%3B+Android+5.1.1%3B+AFTT+Build%2FLVY48F%29">PlayMedia(&quot;plugin://plugin.video.tvone1112/play/1043/play.pvr?sf_options=meta%3Dvotes%253D0%2526label%253DTivibu%252BSpor%252B1%2526title%253DTivibu%252BSpor%252B1%26winID%3D10025%26_options_sf&quot;)</favourite>
	<favourite name="Tivibu Spor 2" thumb="http://images.weserv.nl/?url=https://echo-l.livenettv.to/1/d0dbe9/tivibu_spor_2.png|User-Agent=Dalvik%2F2.1.0+%28Linux%3B+U%3B+Android+5.1.1%3B+AFTT+Build%2FLVY48F%29">PlayMedia(&quot;plugin://plugin.video.tvone1112/play/1044/play.pvr?sf_options=meta%3Dvotes%253D0%2526label%253DTivibu%252BSpor%252B2%2526title%253DTivibu%252BSpor%252B2%26winID%3D10025%26_options_sf&quot;)</favourite>
	<favourite name="Tivibu Spor 3" thumb="http://images.weserv.nl/?url=https://echo-l.livenettv.to/1/d0dbe9/tivibu_spor_3.png|User-Agent=Dalvik%2F2.1.0+%28Linux%3B+U%3B+Android+5.1.1%3B+AFTT+Build%2FLVY48F%29">PlayMedia(&quot;plugin://plugin.video.tvone1112/play/1045/play.pvr?sf_options=meta%3Dvotes%253D0%2526label%253DTivibu%252BSpor%252B3%2526title%253DTivibu%252BSpor%252B3%26winID%3D10025%26_options_sf&quot;)</favourite>
	<favourite name="Tivibu Spor 4" thumb="http://images.weserv.nl/?url=https://echo-l.livenettv.to/1/d0dbe9/tivibu_spor_4.png|User-Agent=Dalvik%2F2.1.0+%28Linux%3B+U%3B+Android+5.1.1%3B+AFTT+Build%2FLVY48F%29">PlayMedia(&quot;plugin://plugin.video.tvone1112/play/1046/play.pvr?sf_options=meta%3Dvotes%253D0%2526label%253DTivibu%252BSpor%252B4%2526title%253DTivibu%252BSpor%252B4%26winID%3D10025%26_options_sf&quot;)</favourite>
</favourites>