<favourites>
	<favourite name="[B][COLORgoldenrod]Αναζήτηση[/COLOR][/B] [B][COLORwhite]Xrysoi[/COLOR][/B]" thumb="http://www.freeiconspng.com/uploads/search-icon-png-22.png">ActivateWindow(10025,&quot;plugin://plugin.video.atlas/?description=%5bB%5d%5bCOLOR%20green%5d%ce%91%ce%bd%ce%b1%ce%b6%ce%ae%cf%84%ce%b7%cf%83%ce%b7%5b%2fCOLOR%5d%5b%2fB%5d&amp;iconimage=http%3a%2f%2fwww.freeiconspng.com%2fuploads%2fsearch-icon-png-22.png&amp;mode=319&amp;name=%5bB%5d%5bCOLOR%20red%5d%ce%91%ce%bd%ce%b1%ce%b6%ce%ae%cf%84%ce%b7%cf%83%ce%b7%20Xrysoi%5b%2fCOLOR%5d%5b%2fB%5d&amp;url=https%3a%2f%2foipeirates.tv%2f&amp;sf_options=fanart%3Dspecial%3A%2F%2Fhome%2Faddons%5Cplugin.video.atlas%5Cresources%5Cart%5Carrt.jpg%26meta%3Dplot%253D%25255BB%25255D%25255BCOLOR%252Bgreen%25255D%2525CE%252591%2525CE%2525BD%2525CE%2525B1%2525CE%2525B6%2525CE%2525AE%2525CF%252584%2525CE%2525B7%2525CF%252583%2525CE%2525B7%25255B%25252FCOLOR%25255D%25255B%25252FB%25255D%2526votes%253D0%2526label%253D%25255BB%25255D%25255BCOLOR%252Bred%25255D%2525CE%252591%2525CE%2525BD%2525CE%2525B1%2525CE%2525B6%2525CE%2525AE%2525CF%252584%2525CE%2525B7%2525CF%252583%2525CE%2525B7%252BXrysoi%25255B%25252FCOLOR%25255D%25255B%25252FB%25255D%2526title%253D%25255BB%25255D%25255BCOLOR%252Bred%25255D%2525CE%252591%2525CE%2525BD%2525CE%2525B1%2525CE%2525B6%2525CE%2525AE%2525CF%252584%2525CE%2525B7%2525CF%252583%2525CE%2525B7%252BXrysoi%25255B%25252FCOLOR%25255D%25255B%25252FB%25255D%26desc%3D%5BB%5D%5BCOLOR+green%5D%CE%91%CE%BD%CE%B1%CE%B6%CE%AE%CF%84%CE%B7%CF%83%CE%B7%5B%2FCOLOR%5D%5B%2FB%5D%26_options_sf&quot;,return)</favourite>
	<favourite name="[B][COLORwhite]Atlas Ελληνικές Xrysoi[/COLOR][/B]" thumb="https://xrysoi.club/wp-content/uploads/2015/03/logo-GM.png">ActivateWindow(10025,&quot;plugin://plugin.video.atlas/?description=%ce%95%ce%bb%ce%bb%ce%b7%ce%bd%ce%b9%ce%ba%ce%ad%cf%82%20%cf%84%ce%b1%ce%b9%ce%bd%ce%af%ce%b5%cf%82.%0aGreek%20movies.&amp;iconimage=https%3a%2f%2fxrysoi.club%2fwp-content%2fuploads%2f2015%2f03%2flogo-GM.png&amp;mode=313&amp;name=%5bB%5d%5bCOLOR%20white%5d%ce%95%ce%bb%ce%bb%ce%b7%ce%bd%ce%b9%ce%ba%ce%ad%cf%82%5b%2fCOLOR%5d%5bCOLOR%20green%5d%20Xrusoi%5b%2fCOLOR%5d%5b%2fB%5d&amp;url=https%3a%2f%2fxrysoi.club%2fcategory%2f%ce%b5%ce%bb%ce%bb-%cf%84%ce%b1%ce%b9%ce%bd%ce%af%ce%b5%cf%82%2f&amp;sf_options=fanart%3Dspecial%3A%2F%2Fhome%2Faddons%5Cplugin.video.atlas%5Cresources%5Cart%5Carrt.jpg%26meta%3Dplot%253D%2525CE%252595%2525CE%2525BB%2525CE%2525BB%2525CE%2525B7%2525CE%2525BD%2525CE%2525B9%2525CE%2525BA%2525CE%2525AD%2525CF%252582%252B%2525CF%252584%2525CE%2525B1%2525CE%2525B9%2525CE%2525BD%2525CE%2525AF%2525CE%2525B5%2525CF%252582.%25255CnGreek%252Bmovies.%2526votes%253D0%2526label%253D%25255BB%25255D%25255BCOLOR%252Bwhite%25255D%2525CE%252595%2525CE%2525BB%2525CE%2525BB%2525CE%2525B7%2525CE%2525BD%2525CE%2525B9%2525CE%2525BA%2525CE%2525AD%2525CF%252582%25255B%25252FCOLOR%25255D%25255BCOLOR%252Bgreen%25255D%252BXrusoi%25255B%25252FCOLOR%25255D%25255B%25252FB%25255D%2526title%253D%25255BB%25255D%25255BCOLOR%252Bwhite%25255D%2525CE%252595%2525CE%2525BB%2525CE%2525BB%2525CE%2525B7%2525CE%2525BD%2525CE%2525B9%2525CE%2525BA%2525CE%2525AD%2525CF%252582%25255B%25252FCOLOR%25255D%25255BCOLOR%252Bgreen%25255D%252BXrusoi%25255B%25252FCOLOR%25255D%25255B%25252FB%25255D%26desc%3D%CE%95%CE%BB%CE%BB%CE%B7%CE%BD%CE%B9%CE%BA%CE%AD%CF%82+%CF%84%CE%B1%CE%B9%CE%BD%CE%AF%CE%B5%CF%82.%0AGreek+movies.%26_options_sf&quot;,return)</favourite>
	<favourite name="[B][COLORwhite]AliveGR Ταινίες[/COLOR][/B]" thumb="special://home/addons\resource.images.alivegr.artwork\resources\alivegr\movies+alivegr.png">ActivateWindow(10025,&quot;plugin://plugin.video.AliveGR/?action=movies&amp;title=%ce%a4%ce%b1%ce%b9%ce%bd%ce%af%ce%b5%cf%82&amp;sf_options=fanart%3Dspecial%3A%2F%2Fhome%2Faddons%5Cplugin.video.AliveGR%5Cfanart.jpg%26meta%3Dvotes%253D0%2526label%253D%2525CE%2525A4%2525CE%2525B1%2525CE%2525B9%2525CE%2525BD%2525CE%2525AF%2525CE%2525B5%2525CF%252582%2526title%253D%2525CE%2525A4%2525CE%2525B1%2525CE%2525B9%2525CE%2525BD%2525CE%2525AF%2525CE%2525B5%2525CF%252582%26_options_sf&quot;,return)</favourite>
	<favourite name="[B][COLORwhite]AliveGR Ταινίες Μικρού Μήκους[/COLOR][/B]" thumb="special://home/addons\resource.images.alivegr.artwork\resources\alivegr\short+alivegr.png">ActivateWindow(10025,&quot;plugin://plugin.video.AliveGR/?action=short_films&amp;title=%ce%a4%ce%b1%ce%b9%ce%bd%ce%af%ce%b5%cf%82%20%ce%9c%ce%b9%ce%ba%cf%81%ce%bf%cf%8d%20%ce%9c%ce%ae%ce%ba%ce%bf%cf%85%cf%82&amp;sf_options=fanart%3Dspecial%3A%2F%2Fhome%2Faddons%5Cplugin.video.AliveGR%5Cfanart.jpg%26meta%3Dvotes%253D0%2526label%253D%2525CE%2525A4%2525CE%2525B1%2525CE%2525B9%2525CE%2525BD%2525CE%2525AF%2525CE%2525B5%2525CF%252582%252B%2525CE%25259C%2525CE%2525B9%2525CE%2525BA%2525CF%252581%2525CE%2525BF%2525CF%25258D%252B%2525CE%25259C%2525CE%2525AE%2525CE%2525BA%2525CE%2525BF%2525CF%252585%2525CF%252582%2526title%253D%2525CE%2525A4%2525CE%2525B1%2525CE%2525B9%2525CE%2525BD%2525CE%2525AF%2525CE%2525B5%2525CF%252582%252B%2525CE%25259C%2525CE%2525B9%2525CE%2525BA%2525CF%252581%2525CE%2525BF%2525CF%25258D%252B%2525CE%25259C%2525CE%2525AE%2525CE%2525BA%2525CE%2525BF%2525CF%252585%2525CF%252582%26_options_sf&quot;,return)</favourite>
	<favourite name="[B][COLORwhite]Ελληνικές Ταινίες[/COLOR][/B]" thumb="special://home/addons\script.placenta.artwork\resources\media\dark elogance\channels.png">ActivateWindow(10025,&quot;plugin://plugin.video.placenta/?action=oldgreekmovies&amp;sf_options=fanart%3Dspecial%3A%2F%2Fhome%2Faddons%5Cscript.placenta.artwork%5Cresources%5Cmedia%5Cdark+elogance%5Cfanart.jpg%26meta%3Dlabel%253D%2525CE%252595%2525CE%2525BB%2525CE%2525BB%2525CE%2525B7%2525CE%2525BD%2525CE%2525B9%2525CE%2525BA%2525CE%2525AD%2525CF%252582%252B%2525CE%2525A4%2525CE%2525B1%2525CE%2525B9%2525CE%2525BD%2525CE%2525AF%2525CE%2525B5%2525CF%252582%26_options_sf&quot;,return)</favourite>
	<favourite name="[B][COLORwhite]Youtube Λίστες[/COLOR][/B]" thumb="special://home/addons\plugin.image.TechNEWSology/resources/media\YOU.jpg">ActivateWindow(10025,&quot;plugin://plugin.video.youtube/kodion/search/query/?q=greek%20movies&amp;search_type=playlist&amp;sf_options=fanart%3Dspecial%3A%2F%2Fhome%2Faddons%5Cplugin.video.youtube%5Cresources%5Cmedia%5Cfanart.jpg%26meta%3Dplot%253D%25255BB%25255D%2525CE%25259B%2525CE%2525AF%2525CF%252583%2525CF%252584%2525CE%2525B5%2525CF%252582%252B%2525CE%2525B1%2525CE%2525BD%2525CE%2525B1%2525CF%252580%2525CE%2525B1%2525CF%252581%2525CE%2525B1%2525CE%2525B3%2525CF%252589%2525CE%2525B3%2525CE%2525AE%2525CF%252582%25255B%25252FB%25255D%2526votes%253D0%2526label%253D%25255BB%25255D%2525CE%25259B%2525CE%2525AF%2525CF%252583%2525CF%252584%2525CE%2525B5%2525CF%252582%252B%2525CE%2525B1%2525CE%2525BD%2525CE%2525B1%2525CF%252580%2525CE%2525B1%2525CF%252581%2525CE%2525B1%2525CE%2525B3%2525CF%252589%2525CE%2525B3%2525CE%2525AE%2525CF%252582%25255B%25252FB%25255D%26desc%3D%5BB%5D%CE%9B%CE%AF%CF%83%CF%84%CE%B5%CF%82+%CE%B1%CE%BD%CE%B1%CF%80%CE%B1%CF%81%CE%B1%CE%B3%CF%89%CE%B3%CE%AE%CF%82%5B%2FB%5D%26_options_sf&quot;,return)</favourite>
	<favourite name="[B][COLORwhite]AliveGR Θέατρο[/COLOR][/B]" thumb="special://home/addons\resource.images.alivegr.artwork\resources\alivegr\theater+alivegr.png">ActivateWindow(10025,&quot;plugin://plugin.video.AliveGR/?action=theater&amp;title=%ce%98%ce%ad%ce%b1%cf%84%cf%81%ce%bf&amp;sf_options=fanart%3Dspecial%3A%2F%2Fhome%2Faddons%5Cplugin.video.AliveGR%5Cfanart.jpg%26meta%3Dvotes%253D0%2526label%253D%2525CE%252598%2525CE%2525AD%2525CE%2525B1%2525CF%252584%2525CF%252581%2525CE%2525BF%2526title%253D%2525CE%252598%2525CE%2525AD%2525CE%2525B1%2525CF%252584%2525CF%252581%2525CE%2525BF%26_options_sf&quot;,return)</favourite>
	<favourite name="[B][COLORwhite]Hermes[/COLOR][/B]" thumb="special://home/addons\plugin.image.TechNEWSology/resources/media/hermes.png">ActivateWindow(videos,&quot;plugin://plugin.video.live.streamspro/?url=https%3A%2F%2Fraw.githubusercontent.com%2FHermesGR%2FHermes-Greek-Movies%2Fmaster%2FGreek%2520Movies.m3u&amp;mode=1&amp;name=Greek+Movies+Hermes&amp;fanart=special://home/addons%5Cplugin.video.live.streamspro%5Cfanart.jpg&quot;,return)</favourite>
	<favourite name="[B][COLORwhite]Φιλμογραφίες[/COLOR][/B]" thumb="https://i0.wp.com/www.greektvseries.com/wp-content/uploads/2017/03/720_9b792c5b5101c4681015e1de3f7ad006.jpg?resize=1024%2C1024">ActivateWindow(10025,&quot;plugin://plugin.video.atlas/?description&amp;iconimage=https%3a%2f%2fi0.wp.com%2fwww.greektvseries.com%2fwp-content%2fuploads%2f2017%2f03%2f720_9b792c5b5101c4681015e1de3f7ad006.jpg%3fresize%3d1024%252C1024&amp;mode=88&amp;name=%5bB%5d%5bCOLOR%20white%5d%ce%a6%ce%b9%ce%bb%ce%bc%ce%bf%ce%b3%cf%81%ce%b1%cf%86%ce%af%ce%b5%cf%82%5b%2fCOLOR%5d%5b%2fB%5d&amp;url=http%3a%2f%2fwww.greektvseries.com%2f&amp;sf_options=fanart%3Dspecial%3A%2F%2Fhome%2Faddons%5Cplugin.video.atlas%5Cresources%5Cart%5Carrt.jpg%26meta%3Dvotes%253D0%2526label%253D%25255BB%25255D%25255BCOLOR%252Bwhite%25255D%2525CE%2525A6%2525CE%2525B9%2525CE%2525BB%2525CE%2525BC%2525CE%2525BF%2525CE%2525B3%2525CF%252581%2525CE%2525B1%2525CF%252586%2525CE%2525AF%2525CE%2525B5%2525CF%252582%25255B%25252FCOLOR%25255D%25255B%25252FB%25255D%2526title%253D%25255BB%25255D%25255BCOLOR%252Bwhite%25255D%2525CE%2525A6%2525CE%2525B9%2525CE%2525BB%2525CE%2525BC%2525CE%2525BF%2525CE%2525B3%2525CF%252581%2525CE%2525B1%2525CF%252586%2525CE%2525AF%2525CE%2525B5%2525CF%252582%25255B%25252FCOLOR%25255D%25255B%25252FB%25255D%26_options_sf&quot;,return)</favourite>
	<favourite name="[B][COLORwhite]Ταινίες Χρονολογικά[/COLOR][/B]" thumb="https://i0.wp.com/www.greektvseries.com/wp-content/uploads/2017/03/720_9b792c5b5101c4681015e1de3f7ad006.jpg?resize=1024%2C1024">ActivateWindow(10025,&quot;plugin://plugin.video.atlas/?description&amp;iconimage=https%3a%2f%2fi0.wp.com%2fwww.greektvseries.com%2fwp-content%2fuploads%2f2017%2f03%2f720_9b792c5b5101c4681015e1de3f7ad006.jpg%3fresize%3d1024%252C1024&amp;mode=39&amp;name=%5bB%5d%5bCOLOR%20white%5d%ce%a4%ce%b1%ce%b9%ce%bd%ce%af%ce%b5%cf%82%20%ce%a7%cf%81%ce%bf%ce%bd%ce%bf%ce%bb%ce%bf%ce%b3%ce%b9%ce%ba%ce%ac%5b%2fCOLOR%5d%5b%2fB%5d&amp;url=http%3a%2f%2fwww.greektvseries.com%2f&amp;sf_options=fanart%3Dspecial%3A%2F%2Fhome%2Faddons%5Cplugin.video.atlas%5Cresources%5Cart%5Carrt.jpg%26meta%3Dvotes%253D0%2526label%253D%25255BB%25255D%25255BCOLOR%252Bwhite%25255D%2525CE%2525A4%2525CE%2525B1%2525CE%2525B9%2525CE%2525BD%2525CE%2525AF%2525CE%2525B5%2525CF%252582%252B%2525CE%2525A7%2525CF%252581%2525CE%2525BF%2525CE%2525BD%2525CE%2525BF%2525CE%2525BB%2525CE%2525BF%2525CE%2525B3%2525CE%2525B9%2525CE%2525BA%2525CE%2525AC%25255B%25252FCOLOR%25255D%25255B%25252FB%25255D%2526title%253D%25255BB%25255D%25255BCOLOR%252Bwhite%25255D%2525CE%2525A4%2525CE%2525B1%2525CE%2525B9%2525CE%2525BD%2525CE%2525AF%2525CE%2525B5%2525CF%252582%252B%2525CE%2525A7%2525CF%252581%2525CE%2525BF%2525CE%2525BD%2525CE%2525BF%2525CE%2525BB%2525CE%2525BF%2525CE%2525B3%2525CE%2525B9%2525CE%2525BA%2525CE%2525AC%25255B%25252FCOLOR%25255D%25255B%25252FB%25255D%26_options_sf&quot;,return)</favourite>
	<favourite name="[B][COLORwhite]Ταινίες Αλφαβητικά[/COLOR][/B]" thumb="https://i0.wp.com/www.greektvseries.com/wp-content/uploads/2017/03/720_9b792c5b5101c4681015e1de3f7ad006.jpg?resize=1024%2C1024">ActivateWindow(10025,&quot;plugin://plugin.video.atlas/?description&amp;iconimage=https%3a%2f%2fi0.wp.com%2fwww.greektvseries.com%2fwp-content%2fuploads%2f2017%2f03%2f720_9b792c5b5101c4681015e1de3f7ad006.jpg%3fresize%3d1024%252C1024&amp;mode=38&amp;name=%5bB%5d%5bCOLOR%20white%5d%ce%a4%ce%b1%ce%b9%ce%bd%ce%af%ce%b5%cf%82%20%ce%91%ce%bb%cf%86%ce%b1%ce%b2%ce%b7%cf%84%ce%b9%ce%ba%ce%ac%5b%2fCOLOR%5d%5b%2fB%5d&amp;url=http%3a%2f%2fwww.greektvseries.com%2f&amp;sf_options=fanart%3Dspecial%3A%2F%2Fhome%2Faddons%5Cplugin.video.atlas%5Cresources%5Cart%5Carrt.jpg%26meta%3Dvotes%253D0%2526label%253D%25255BB%25255D%25255BCOLOR%252Bwhite%25255D%2525CE%2525A4%2525CE%2525B1%2525CE%2525B9%2525CE%2525BD%2525CE%2525AF%2525CE%2525B5%2525CF%252582%252B%2525CE%252591%2525CE%2525BB%2525CF%252586%2525CE%2525B1%2525CE%2525B2%2525CE%2525B7%2525CF%252584%2525CE%2525B9%2525CE%2525BA%2525CE%2525AC%25255B%25252FCOLOR%25255D%25255B%25252FB%25255D%2526title%253D%25255BB%25255D%25255BCOLOR%252Bwhite%25255D%2525CE%2525A4%2525CE%2525B1%2525CE%2525B9%2525CE%2525BD%2525CE%2525AF%2525CE%2525B5%2525CF%252582%252B%2525CE%252591%2525CE%2525BB%2525CF%252586%2525CE%2525B1%2525CE%2525B2%2525CE%2525B7%2525CF%252584%2525CE%2525B9%2525CE%2525BA%2525CE%2525AC%25255B%25252FCOLOR%25255D%25255B%25252FB%25255D%26_options_sf&quot;,return)</favourite>
	<favourite name="[B][COLORgoldenrod]Pairing[/COLOR][/B]" thumb="special://home/addons\script.TechNEWSology.Pair\icon.png">RunScript(&quot;script.TechNEWSology.Pair/?sf_options=meta%3Dlabel%253DTechNEWSology%252BPairing%26desc%3DPairing+for+hosts%26_options_sf&quot;)</favourite>
</favourites>