<favourites>
	<favourite name="Animal Planet" thumb="http://swiftstreamz.com/SwiftLive/images/thumbs/67572_AnimalPlanet1.jpg|User-Agent=Dalvik%2F2.1.0%20%28Linux%3B%20U%3B%20Android%205.1.1%3B%20AFTS%20Build%2FLVY48F%29">PlayMedia(&quot;plugin://plugin.video.tvone11/play/39/301/play.pvr?sf_options=meta%3Dvotes%253D0%2526label%253DAnimal%252BPlanet%2526title%253DAnimal%252BPlanet%26winID%3D10025%26_options_sf&quot;)</favourite>
	<favourite name="Nat Geo Wild" thumb="http://swiftstreamz.com/SwiftLive/images/thumbs/47929_NatGeoWild1.jpg|User-Agent=Dalvik%2F2.1.0%20%28Linux%3B%20U%3B%20Android%205.1.1%3B%20AFTS%20Build%2FLVY48F%29">PlayMedia(&quot;plugin://plugin.video.tvone11/play/39/302/play.pvr?sf_options=meta%3Dvotes%253D0%2526label%253DNat%252BGeo%252BWild%2526title%253DNat%252BGeo%252BWild%26winID%3D10025%26_options_sf&quot;)</favourite>
	<favourite name="Nat Geo" thumb="http://swiftstreamz.com/SwiftLive/images/thumbs/50950_NatGeo1.jpg|User-Agent=Dalvik%2F2.1.0%20%28Linux%3B%20U%3B%20Android%205.1.1%3B%20AFTS%20Build%2FLVY48F%29">PlayMedia(&quot;plugin://plugin.video.tvone11/play/39/303/play.pvr?sf_options=meta%3Dvotes%253D0%2526label%253DNat%252BGeo%2526title%253DNat%252BGeo%26winID%3D10025%26_options_sf&quot;)</favourite>
	<favourite name="Discovery Science" thumb="http://swiftstreamz.com/SwiftLive/images/thumbs/33379_discoveryscience1.jpg|User-Agent=Dalvik%2F2.1.0%20%28Linux%3B%20U%3B%20Android%205.1.1%3B%20AFTS%20Build%2FLVY48F%29">PlayMedia(&quot;plugin://plugin.video.tvone11/play/39/305/play.pvr?sf_options=meta%3Dvotes%253D0%2526label%253DDiscovery%252BScience%2526title%253DDiscovery%252BScience%26winID%3D10025%26_options_sf&quot;)</favourite>
	<favourite name="Discovery UK" thumb="http://swiftstreamz.com/SwiftLive/images/thumbs/29531_Discovery2.jpg|User-Agent=Dalvik%2F2.1.0%20%28Linux%3B%20U%3B%20Android%205.1.1%3B%20AFTS%20Build%2FLVY48F%29">PlayMedia(&quot;plugin://plugin.video.tvone11/play/39/304/play.pvr?sf_options=meta%3Dvotes%253D0%2526label%253DDiscovery%252BUK%2526title%253DDiscovery%252BUK%26winID%3D10025%26_options_sf&quot;)</favourite>
	<favourite name="Discovery History" thumb="http://swiftstreamz.com/SwiftLive/images/thumbs/90834_DiscoveryHistory1.jpg|User-Agent=Dalvik%2F2.1.0%20%28Linux%3B%20U%3B%20Android%205.1.1%3B%20AFTS%20Build%2FLVY48F%29">PlayMedia(&quot;plugin://plugin.video.tvone11/play/39/306/play.pvr?sf_options=meta%3Dvotes%253D0%2526label%253DDiscovery%252BHistory%2526title%253DDiscovery%252BHistory%26winID%3D10025%26_options_sf&quot;)</favourite>
	<favourite name="DiscoveryTurbo" thumb="http://swiftstreamz.com/SwiftLive/images/thumbs/35034_DiscoveryTurbo.jpg|User-Agent=Dalvik%2F2.1.0%20%28Linux%3B%20U%3B%20Android%205.1.1%3B%20AFTS%20Build%2FLVY48F%29">PlayMedia(&quot;plugin://plugin.video.tvone11/play/39/307/play.pvr?sf_options=meta%3Dvotes%253D0%2526label%253DDiscoveryTurbo%2526title%253DDiscoveryTurbo%26winID%3D10025%26_options_sf&quot;)</favourite>
	<favourite name="DISCOVERY ID" thumb="http://swiftstreamz.com/SwiftLive/images/thumbs/71251_discovery.jpg|User-Agent=Dalvik%2F2.1.0%20%28Linux%3B%20U%3B%20Android%205.1.1%3B%20AFTS%20Build%2FLVY48F%29">PlayMedia(&quot;plugin://plugin.video.tvone11/play/39/666/play.pvr?sf_options=meta%3Dvotes%253D0%2526label%253DDISCOVERY%252BID%2526title%253DDISCOVERY%252BID%26winID%3D10025%26_options_sf&quot;)</favourite>
	<favourite name="HISTORY 2" thumb="http://swiftstreamz.com/SwiftLive/images/thumbs/25730_history2.jpg|User-Agent=Dalvik%2F2.1.0%20%28Linux%3B%20U%3B%20Android%205.1.1%3B%20AFTS%20Build%2FLVY48F%29">PlayMedia(&quot;plugin://plugin.video.tvone11/play/39/78893/play.pvr?sf_options=meta%3Dvotes%253D0%2526label%253DHISTORY%252B2%2526title%253DHISTORY%252B2%26winID%3D10025%26_options_sf&quot;)</favourite>	
	<favourite name="Discovery Hindi" thumb="http://swiftstreamz.com/SwiftLive/images/thumbs/48965_discoveryhindi1.jpg|User-Agent=Dalvik%2F2.1.0%20%28Linux%3B%20U%3B%20Android%205.1.1%3B%20AFTS%20Build%2FLVY48F%29">PlayMedia(&quot;plugin://plugin.video.tvone11/play/39/7419/play.pvr?sf_options=meta%3Dvotes%253D0%2526label%253DDiscovery%252BHindi%2526title%253DDiscovery%252BHindi%26winID%3D10025%26_options_sf&quot;)</favourite>
	<favourite name="Nat GEO Hindi" thumb="http://swiftstreamz.com/SwiftLive/images/thumbs/24708_NatGeohindi1.jpg|User-Agent=Dalvik%2F2.1.0%20%28Linux%3B%20U%3B%20Android%205.1.1%3B%20AFTS%20Build%2FLVY48F%29">PlayMedia(&quot;plugin://plugin.video.tvone11/play/39/7420/play.pvr?sf_options=meta%3Dvotes%253D0%2526label%253DNat%252BGEO%252BHindi%2526title%253DNat%252BGEO%252BHindi%26winID%3D10025%26_options_sf&quot;)</favourite>
	<favourite name="Nat GEO Wild Hindi" thumb="http://swiftstreamz.com/SwiftLive/images/thumbs/59918_NatGeoWildhindi.jpg|User-Agent=Dalvik%2F2.1.0%20%28Linux%3B%20U%3B%20Android%205.1.1%3B%20AFTS%20Build%2FLVY48F%29">PlayMedia(&quot;plugin://plugin.video.tvone11/play/39/7421/play.pvr?sf_options=meta%3Dvotes%253D0%2526label%253DNat%252BGEO%252BWild%252BHindi%2526title%253DNat%252BGEO%252BWild%252BHindi%26winID%3D10025%26_options_sf&quot;)</favourite>
	<favourite name="DISCOVERY JEET HINDI" thumb="http://swiftstreamz.com/SwiftLive/images/thumbs/43512_discoveryjeet.jpg|User-Agent=Dalvik%2F2.1.0%20%28Linux%3B%20U%3B%20Android%205.1.1%3B%20AFTS%20Build%2FLVY48F%29">PlayMedia(&quot;plugin://plugin.video.tvone11/play/39/7422/play.pvr?sf_options=meta%3Dvotes%253D0%2526label%253DDISCOVERY%252BJEET%252BHINDI%2526title%253DDISCOVERY%252BJEET%252BHINDI%26winID%3D10025%26_options_sf&quot;)</favourite>
	<favourite name="Animal Planet HINDI" thumb="http://swiftstreamz.com/SwiftLive/images/thumbs/14038_AnimalPlanetHindi.jpg|User-Agent=Dalvik%2F2.1.0%20%28Linux%3B%20U%3B%20Android%205.1.1%3B%20AFTS%20Build%2FLVY48F%29">PlayMedia(&quot;plugin://plugin.video.tvone11/play/39/7545/play.pvr?sf_options=meta%3Dvotes%253D0%2526label%253DAnimal%252BPlanet%252BHINDI%2526title%253DAnimal%252BPlanet%252BHINDI%26winID%3D10025%26_options_sf&quot;)</favourite>
	<favourite name="Discovery Tamil" thumb="http://swiftstreamz.com/SwiftLive/images/thumbs/12937_DISTAMIL.jpg|User-Agent=Dalvik%2F2.1.0%20%28Linux%3B%20U%3B%20Android%205.1.1%3B%20AFTS%20Build%2FLVY48F%29">PlayMedia(&quot;plugin://plugin.video.tvone11/play/39/7554/play.pvr?sf_options=meta%3Dvotes%253D0%2526label%253DDiscovery%252BTamil%2526title%253DDiscovery%252BTamil%26winID%3D10025%26_options_sf&quot;)</favourite>
	<favourite name="AD NAT GEO" thumb="http://swiftstreamz.com/SwiftLive/images/thumbs/64977_adnatgeo.jpg|User-Agent=Dalvik%2F2.1.0%20%28Linux%3B%20U%3B%20Android%205.1.1%3B%20AFTS%20Build%2FLVY48F%29">PlayMedia(&quot;plugin://plugin.video.tvone11/play/39/7579/play.pvr?sf_options=meta%3Dvotes%253D0%2526label%253DAD%252BNAT%252BGEO%2526title%253DAD%252BNAT%252BGEO%26winID%3D10025%26_options_sf&quot;)</favourite>
	<favourite name="Discovery Bangla" thumb="http://swiftstreamz.com/SwiftLive/images/thumbs/37887_discoverybangla.jpg|User-Agent=Dalvik%2F2.1.0%20%28Linux%3B%20U%3B%20Android%205.1.1%3B%20AFTS%20Build%2FLVY48F%29">PlayMedia(&quot;plugin://plugin.video.tvone11/play/39/7615/play.pvr?sf_options=meta%3Dvotes%253D0%2526label%253DDiscovery%252BBangla%2526title%253DDiscovery%252BBangla%26winID%3D10025%26_options_sf&quot;)</favourite>
	<favourite name="History Tv 18" thumb="http://swiftstreamz.com/SwiftLive/images/thumbs/29456_HistoryTV18new.jpg|User-Agent=Dalvik%2F2.1.0%20%28Linux%3B%20U%3B%20Android%205.1.1%3B%20AFTS%20Build%2FLVY48F%29">PlayMedia(&quot;plugin://plugin.video.tvone11/play/39/7676/play.pvr?sf_options=meta%3Dvotes%253D0%2526label%253DHistory%252BTv%252B18%2526title%253DHistory%252BTv%252B18%26winID%3D10025%26_options_sf&quot;)</favourite>
	<favourite name="CRIME INVESTIGATION" thumb="http://swiftstreamz.com/SwiftLive/images/thumbs/65734_crimeinvest.jpg|User-Agent=Dalvik%2F2.1.0%20%28Linux%3B%20U%3B%20Android%205.1.1%3B%20AFTS%20Build%2FLVY48F%29">PlayMedia(&quot;plugin://plugin.video.tvone11/play/39/78520/play.pvr?sf_options=meta%3Dvotes%253D0%2526label%253DCRIME%252BINVESTIGATION%2526title%253DCRIME%252BINVESTIGATION%26winID%3D10025%26_options_sf&quot;)</favourite>
	<favourite name="DISCOVERY SHED" thumb="http://swiftstreamz.com/SwiftLive/images/thumbs/46577_discoveryshed.jpg|User-Agent=Dalvik%2F2.1.0%20%28Linux%3B%20U%3B%20Android%205.1.1%3B%20AFTS%20Build%2FLVY48F%29">PlayMedia(&quot;plugin://plugin.video.tvone11/play/39/78591/play.pvr?sf_options=meta%3Dvotes%253D0%2526label%253DDISCOVERY%252BSHED%2526title%253DDISCOVERY%252BSHED%26winID%3D10025%26_options_sf&quot;)</favourite>
	<favourite name="NAT GEO WILD EN" thumb="http://swiftstreamz.com/SwiftLive/images/thumbs/37323_natgeowilden.jpg|User-Agent=Dalvik%2F2.1.0%20%28Linux%3B%20U%3B%20Android%205.1.1%3B%20AFTS%20Build%2FLVY48F%29">PlayMedia(&quot;plugin://plugin.video.tvone11/play/39/78677/play.pvr?sf_options=meta%3Dvotes%253D0%2526label%253DNAT%252BGEO%252BWILD%252BEN%2526title%253DNAT%252BGEO%252BWILD%252BEN%26winID%3D10025%26_options_sf&quot;)</favourite>
	<favourite name="ANIMAL PLANET HD" thumb="http://swiftstreamz.com/SwiftLive/images/thumbs/85084_animalplanethd.jpg|User-Agent=Dalvik%2F2.1.0%20%28Linux%3B%20U%3B%20Android%205.1.1%3B%20AFTS%20Build%2FLVY48F%29">PlayMedia(&quot;plugin://plugin.video.tvone11/play/39/78689/play.pvr?sf_options=meta%3Dvotes%253D0%2526label%253DANIMAL%252BPLANET%252BHD%2526title%253DANIMAL%252BPLANET%252BHD%26winID%3D10025%26_options_sf&quot;)</favourite>
	<favourite name="DISCOVERY WORLD HD" thumb="http://swiftstreamz.com/SwiftLive/images/thumbs/88627_discoveryworldhd.jpg|User-Agent=Dalvik%2F2.1.0%20%28Linux%3B%20U%3B%20Android%205.1.1%3B%20AFTS%20Build%2FLVY48F%29">PlayMedia(&quot;plugin://plugin.video.tvone11/play/39/78690/play.pvr?sf_options=meta%3Dvotes%253D0%2526label%253DDISCOVERY%252BWORLD%252BHD%2526title%253DDISCOVERY%252BWORLD%252BHD%26winID%3D10025%26_options_sf&quot;)</favourite>
	<favourite name="DISCOVERY TELUGU" thumb="http://swiftstreamz.com/SwiftLive/images/thumbs/9634_discoverytelugu.jpg|User-Agent=Dalvik%2F2.1.0%20%28Linux%3B%20U%3B%20Android%205.1.1%3B%20AFTS%20Build%2FLVY48F%29">PlayMedia(&quot;plugin://plugin.video.tvone11/play/39/79145/play.pvr?sf_options=meta%3Dvotes%253D0%2526label%253DDISCOVERY%252BTELUGU%2526title%253DDISCOVERY%252BTELUGU%26winID%3D10025%26_options_sf&quot;)</favourite>
	<favourite name="HISTORY TELUGU" thumb="http://swiftstreamz.com/SwiftLive/images/thumbs/7357_historytelugu.jpg|User-Agent=Dalvik%2F2.1.0%20%28Linux%3B%20U%3B%20Android%205.1.1%3B%20AFTS%20Build%2FLVY48F%29">PlayMedia(&quot;plugin://plugin.video.tvone11/play/39/79146/play.pvr?sf_options=meta%3Dvotes%253D0%2526label%253DHISTORY%252BTELUGU%2526title%253DHISTORY%252BTELUGU%26winID%3D10025%26_options_sf&quot;)</favourite>
	<favourite name="HISTORY TAMIL" thumb="http://swiftstreamz.com/SwiftLive/images/thumbs/16035_historytamil.jpg|User-Agent=Dalvik%2F2.1.0%20%28Linux%3B%20U%3B%20Android%205.1.1%3B%20AFTS%20Build%2FLVY48F%29">PlayMedia(&quot;plugin://plugin.video.tvone11/play/39/79511/play.pvr?sf_options=meta%3Dvotes%253D0%2526label%253DHISTORY%252BTAMIL%2526title%253DHISTORY%252BTAMIL%26winID%3D10025%26_options_sf&quot;)</favourite>
</favourites>