<favourites>
	<favourite name="[B][COLOR white]Movies Trailer Youtube[/COLOR][/B]" thumb="http://www.greektube.eu/uploads/custom-logo.png">ActivateWindow(10025,&quot;plugin://plugin.video.atlas/?description&amp;iconimage=http%3a%2f%2fwww.greektube.eu%2fuploads%2fcustom-logo.png&amp;mode=702&amp;name=%5bB%5d%5bCOLOR%20white%5dMOVIES%20TRAILERS%5b%2fCOLOR%5d%5b%2fB%5d&amp;url=http%3a%2f%2fwww.greektube.eu%2fbrowse-movies-trailers-videos-1-date.html&amp;sf_options=fanart%3Dspecial%3A%2F%2Fhome%2Faddons%5Cplugin.video.atlas%5Cresources%5Cart%5Carrt.jpg%26meta%3Dvotes%253D0%2526label%253D%25255BB%25255D%25255BCOLOR%252Bwhite%25255DMOVIES%252BTRAILERS%25255B%25252FCOLOR%25255D%25255B%25252FB%25255D%2526title%253D%25255BB%25255D%25255BCOLOR%252Bwhite%25255DMOVIES%252BTRAILERS%25255B%25252FCOLOR%25255D%25255B%25252FB%25255D%26_options_sf&quot;,return)</favourite>
	<favourite name="[B][COLOR white]Atlas Trailer[/COLOR][/B]" thumb="https://i.imgur.com/CIx5iC8.png">ActivateWindow(10025,&quot;plugin://plugin.video.atlas/?description=%ce%a4%cf%81%ce%ad%ce%b9%ce%bb%ce%b5%cf%81%20%ce%bc%ce%b5%20%cf%85%cf%80%cf%8c%cf%84%ce%b9%cf%84%ce%bb%ce%bf%cf%85%cf%82.%0aTrailers%20with%20greek%20soubs.&amp;iconimage=https%3a%2f%2fi.imgur.com%2fCIx5iC8.png&amp;mode=801&amp;name=%5bB%5d%5bCOLOR%20white%5d%ce%a4%cf%81%ce%ad%ce%b9%ce%bb%ce%b5%cf%81%5b%2fCOLOR%5d%5b%2fB%5d&amp;url&amp;sf_options=fanart%3Dspecial%3A%2F%2Fhome%2Faddons%5Cplugin.video.atlas%5Cresources%5Cart%5Carrt.jpg%26meta%3Dplot%253D%2525CE%2525A4%2525CF%252581%2525CE%2525AD%2525CE%2525B9%2525CE%2525BB%2525CE%2525B5%2525CF%252581%252B%2525CE%2525BC%2525CE%2525B5%252B%2525CF%252585%2525CF%252580%2525CF%25258C%2525CF%252584%2525CE%2525B9%2525CF%252584%2525CE%2525BB%2525CE%2525BF%2525CF%252585%2525CF%252582.%25255CnTrailers%252Bwith%252Bgreek%252Bsoubs.%2526votes%253D0%2526label%253D%25255BB%25255D%25255BCOLOR%252Bwhite%25255D%2525CE%2525A4%2525CF%252581%2525CE%2525AD%2525CE%2525B9%2525CE%2525BB%2525CE%2525B5%2525CF%252581%25255B%25252FCOLOR%25255D%25255B%25252FB%25255D%2526title%253D%25255BB%25255D%25255BCOLOR%252Bwhite%25255D%2525CE%2525A4%2525CF%252581%2525CE%2525AD%2525CE%2525B9%2525CE%2525BB%2525CE%2525B5%2525CF%252581%25255B%25252FCOLOR%25255D%25255B%25252FB%25255D%26desc%3D%CE%A4%CF%81%CE%AD%CE%B9%CE%BB%CE%B5%CF%81+%CE%BC%CE%B5+%CF%85%CF%80%CF%8C%CF%84%CE%B9%CF%84%CE%BB%CE%BF%CF%85%CF%82.%0ATrailers+with+greek+soubs.%26_options_sf&quot;,return)</favourite>
	<favourite name="[B][COLOR white]Latest Trailer Releases[/COLOR][/B]" thumb="https://yt3.ggpht.com/-IT-HVCNwnkU/AAAAAAAAAAI/AAAAAAAAAAA/UpKKb5P-gkk/s100-c-k-no-mo-rj-c0xffffff/photo.jpg">ActivateWindow(10025,&quot;plugin://plugin.video.thedogsbollocks/?fanart=https%3a%2f%2fimages2.alphacoders.com%2f121%2f121150.jpg&amp;mode=53&amp;name=%5bB%5d%5bCOLORblue%5dLatest%20Trailer%20Releases%5b%2fCOLOR%5d%5b%2fB%5d&amp;url=Plugin%3a%2f%2fplugin.video.youtube%2fuser%2fmovieclipsTRAILERS%2f&amp;sf_options=fanart%3Dhttps%3A%2F%2Fimages2.alphacoders.com%2F121%2F121150.jpg%26meta%3Dvotes%253D0%2526label%253D%25255BB%25255D%25255BCOLORblue%25255DLatest%252BTrailer%252BReleases%25255B%25252FCOLOR%25255D%25255B%25252FB%25255D%2526title%253D%25255BB%25255D%25255BCOLORblue%25255DLatest%252BTrailer%252BReleases%25255B%25252FCOLOR%25255D%25255B%25252FB%25255D%26_options_sf&quot;,return)</favourite>
	<favourite name="[B][COLOR white]FRESH Movie Trailers[/COLOR][/B]" thumb="https://raw.githubusercontent.com/muaddibttv/thecritics/master/icons/fresh.jpg">ActivateWindow(10025,&quot;plugin://plugin.video.youtube/channel/UCzNWVDZQ55bjq8uILZ7_wyQ/?sf_options=fanart%3Dhttp%3A%2F%2F%26meta%3Dvotes%253D0%2526label%253DFRESH%252BMovie%252BTrailers%2526title%253DFRESH%252BMovie%252BTrailers%26_options_sf&quot;,return)</favourite>
	<favourite name="[B][COLOR white]Movieclips Trailers[/COLOR][/B]" thumb="https://raw.githubusercontent.com/muaddibttv/thecritics/master/icons/movieclips.jpg">ActivateWindow(10025,&quot;plugin://plugin.video.youtube/channel/UCi8e0iOVk1fEOogdfu4YgfA/?sf_options=fanart%3Dhttp%3A%2F%2F%26meta%3Dvotes%253D0%2526label%253DMovieclips%252BTrailers%2526title%253DMovieclips%252BTrailers%26_options_sf&quot;,return)</favourite>
</favourites>