<favourites>
    <favourite name="[B][COLORwhite]Documentary channels[/COLOR][/B]" thumb="special://home/addons\plugin.image.TechNEWSology/resources/media\dock channels.jpg" fanart="none">ActivateWindow(videos,&quot;plugin://plugin.program.super.favourites/?label=Documentary+channels&amp;mode=400&amp;path=special%3A%2F%2Fhome%2Faddons%2Fplugin.program.super.favourites%2Ffolders%5CSuper+Favourites%5CDocumentary+channels&amp;image=special%3A%2F%2Fhome%2Faddons%5Cicon+TechNEWSology%5CTVONE.png&amp;fanart=special://home/addons%5Cplugin.program.super.favourites%5Cfanart.jpg&amp;content_type=&quot;,return)</favourite>
    <favourite name="[B][COLORwhite]Atlas[/COLOR][/B]" thumb="special://home/addons\plugin.image.TechNEWSology/resources/media\ATLAS.jpg" fanart="none">ActivateWindow(videos,&quot;plugin://plugin.video.atlas/?url=&amp;mode=76&amp;name=%5BB%5D%5BCOLOR+white%5D%CE%9D%CF%84%CE%BF%CE%BA%CE%B9%CE%BC%CE%B1%CE%BD%CF%84%CE%AD%CF%81%5B%2FCOLOR%5D%5B%2FB%5D&amp;iconimage=http%3A%2F%2Fi.imgur.com%2FjTaJF0B.png&amp;description=%CE%9D%CF%84%CE%BF%CE%BA%CE%B9%CE%BC%CE%BD%CF%84%CE%AD%CF%81+%CE%BC%CE%B5%CF%84%CE%B1%CE%B3%CE%BB%CF%89%CF%84%CE%B9%CF%83%CE%BC%CE%AD%CE%BD%CE%B1+%26+%CE%BC%CE%B5+%CF%85%CF%80%CF%8C%CF%84%CE%B9%CF%84%CE%BB%CE%BF%CF%85%CF%82.%0ADocumenter+dubbed+%26+subtitled.&quot;,return)</favourite>
    <favourite name="[B][COLORwhite]AliveGR[/COLOR][/B]" thumb="special://home/addons\plugin.image.TechNEWSology/resources/media\alive2.jpg" fanart="none">ActivateWindow(videos,&quot;plugin://plugin.video.AliveGR/?action=documentaries&amp;title=%CE%9D%CF%84%CE%BF%CE%BA%CF%85%CE%BC%CE%B1%CE%BD%CF%84%CE%AD%CF%81&quot;,return)</favourite>
    <favourite name="[B][COLORwhite]Hermes[/COLOR][/B]" thumb="special://home/addons\plugin.image.TechNEWSology/resources/media\hermes1.jpg" fanart="none">ActivateWindow(videos,&quot;plugin://plugin.video.atlas/?url=&amp;mode=420&amp;name=%5BB%5D%5BCOLOR+white%5DHermes+Addon%5B%2FCOLOR%5D%5B%2FB%5D&amp;iconimage=https%3A%2F%2Fi.imgur.com%2FhlZ8sAZ.png&amp;description=Hermes+addon.&quot;,return)</favourite>
    <favourite name="[B][COLORwhite]Eyasses[/COLOR][/B]" thumb="special://home/addons\plugin.image.TechNEWSology/resources/media\eyasses.jpg" fanart="none">ActivateWindow(videos,&quot;plugin://plugin.video.pauls_world/?url=http%3A%2F%2Fajbuilds.uk%2Fpaulsworld%2Falldocs.xml&amp;mode=1&amp;name=%5BCOLOR+lime%5D%5BB%5DDOCUMENTARIES%5B%2FB%5D%5B%2FCOLOR%5D&amp;fanart=&quot;,return)</favourite>
    <favourite name="[B][COLORwhite]Supremacy[/COLOR][/B]" thumb="special://home/addons\plugin.image.TechNEWSology/resources/media\supremacy.jpg" fanart="none">ActivateWindow(videos,&quot;plugin://plugin.video.supremacy/?action=directory&amp;url=http%3A%2F%2Fstephen-builds.uk%2Fsupremacy%2520changeing%2Fdocumentaries.xml&amp;content=addons&quot;,return)</favourite>
    <favourite name="[B][COLORwhite]7of9[/COLOR][/B]" thumb="special://home/addons\plugin.image.TechNEWSology/resources/media\7OF9.jpg" fanart="none">ActivateWindow(videos,&quot;plugin://plugin.video.7of9/?mode=get_list&amp;url=http%3A%2F%2Fm3u.xyz%2Fjen%2F7of9%2Fdocs.php&amp;name=%5BCOLOR+ffffffFFFFFF%5D%5BB%5D%5BCOLOR+orange%5DTop+Documentaries%5B%2FCOLOR%5D%5B%2FB%5D%5B%2FCOLOR%5D&amp;iconimage=C%3A%5CUsers%5CBuilds%5CAppData%5CRoaming%5CKodi%5Caddons%5Cplugin.video.7of9%5Cicon.png&amp;fanart=C%3A%5CUsers%5CBuilds%5CAppData%5CRoaming%5CKodi%5Caddons%5Cplugin.video.7of9%5Cfanart.jpg&amp;description=No+information+available&quot;,return)</favourite>
    <favourite name="[B][COLORwhite]Magic Dragon[/COLOR][/B]" thumb="special://home/addons\plugin.image.TechNEWSology/resources/media\magic.jpg" fanart="none">ActivateWindow(10025,&quot;plugin://plugin.video.themagicdragon/?fanart=https%3a%2f%2fimages2.alphacoders.com%2f121%2f121150.jpg&amp;mode=1&amp;name=%5bB%5d%5bI%5d%5bCOLORgreenyellow%5dDocumentary%5b%2fB%5d%5b%2fI%5d%5b%2fCOLOR%5d&amp;url=http%3a%2f%2fsupremacy.org.uk%2ftombraider%2fdogsbollocks%2fdocumentaries.txt&amp;sf_options=fanart%3Dhttps%3A%2F%2Fimages2.alphacoders.com%2F121%2F121150.jpg%26meta%3Dvotes%253D0%2526label%253D%25255BB%25255D%25255BI%25255D%25255BCOLORgreenyellow%25255DDocumentary%25255B%25252FB%25255D%25255B%25252FI%25255D%25255B%25252FCOLOR%25255D%2526title%253D%25255BB%25255D%25255BI%25255D%25255BCOLORgreenyellow%25255DDocumentary%25255B%25252FB%25255D%25255B%25252FI%25255D%25255B%25252FCOLOR%25255D%26_options_sf&quot;,return)</favourite>
    <favourite name="[B][COLORwhite]Magic Dragon Fishing[/COLOR][/B]" thumb="special://home/addons\plugin.image.TechNEWSology/resources/media\magic.jpg" fanart="none">ActivateWindow(10025,&quot;plugin://plugin.video.themagicdragon/?fanart=https%3a%2f%2fimages2.alphacoders.com%2f121%2f121150.jpg&amp;mode=53&amp;name=%5bB%5d%5bI%5d%5bCOLORgreen%5dFishing%20TV%5b%2fB%5d%5b%2fI%5d%5b%2fCOLOR%5d&amp;url=plugin%3a%2f%2fplugin.video.youtube%2fuser%2fAddictiveFishing%2f&amp;sf_options=fanart%3Dhttps%3A%2F%2Fimages2.alphacoders.com%2F121%2F121150.jpg%26meta%3Dvotes%253D0%2526label%253D%25255BB%25255D%25255BI%25255D%25255BCOLORgreen%25255DFishing%252BTV%25255B%25252FB%25255D%25255B%25252FI%25255D%25255B%25252FCOLOR%25255D%2526title%253D%25255BB%25255D%25255BI%25255D%25255BCOLORgreen%25255DFishing%252BTV%25255B%25252FB%25255D%25255B%25252FI%25255D%25255B%25252FCOLOR%25255D%26_options_sf&quot;,return)</favourite>
    <favourite name="[B][COLORwhite]Chappaai[/COLOR][/B]" thumb="special://home/addons\plugin.image.TechNEWSology/resources/media\capa.jpg" fanart="none">ActivateWindow(videos,&quot;plugin://plugin.video.chappaai/movies/genre/99/1&quot;,return)</favourite>
    <favourite name="[B][COLORwhite]Extreme Sports[/COLOR][/B]" thumb="special://home/addons\plugin.video.extreme\fanart.jpg" fanart="none">ActivateWindow(videos,&quot;plugin://plugin.video.extreme&quot;,return)</favourite>
    <favourite name="[B][COLORwhite]P30Guns[/COLOR][/B]" thumb="special://home/addons\plugin.video.P30Guns\fanart.jpg" fanart="none">ActivateWindow(videos,&quot;plugin://plugin.video.P30Guns&quot;,return)</favourite>
</favourites>